player,nationality,position,squad,age,birth_year,minutes_90s,sca,sca_per90,sca_passes_live,sca_passes_dead,sca_dribbles,sca_shots,sca_fouled,sca_defense,gca,gca_per90,gca_passes_live,gca_passes_dead,gca_dribbles,gca_shots,gca_fouled,gca_defense,gca_og_for,matches
Issah Abbas,gh GHA,"DF,FW",Mainz 05,22-140,1998,0.2,0,0.00,0,0,0,0,0,0,0,0.00,0,0,0,0,0,0,0,Matches
David Abraham,ar ARG,DF,Eint Frankfurt,34-213,1986,13.6,2,0.15,2,0,0,0,0,0,0,0.00,0,0,0,0,0,0,0,Matches
Amir Abrashi,al ALB,MF,Freiburg,30-323,1990,0.7,0,0.00,0,0,0,0,0,0,0,0.00,0,0,0,0,0,0,0,Matches
Ragnar Ache,de GER,FW,Eint Frankfurt,22-200,1998,0.4,0,0.00,0,0,0,0,0,0,0,0.00,0,0,0,0,0,0,0,Matches
Tyler Adams,us USA,"MF,DF",RB Leipzig,21-365,1999,12.7,14,1.10,12,0,0,0,2,0,0,0.00,0,0,0,0,0,0,0,Matches
Sargis Adamyan,am ARM,"FW,MF",Hoffenheim,27-266,1993,1.7,7,4.09,5,0,0,1,1,0,2,1.17,1,0,0,1,0,0,0,Matches
Felix Agu,de GER,"DF,FW",Werder Bremen,21-139,1999,4.1,3,0.74,2,0,0,0,1,0,1,0.25,1,0,0,0,0,0,0,Matches
Naouirou Ahamada,fr FRA,MF,Stuttgart,18-321,2002,0.5,1,2.00,1,0,0,0,0,0,0,0.00,0,0,0,0,0,0,0,Matches
Manuel Akanji,ch SUI,DF,Dortmund,25-209,1995,17.4,12,0.69,8,1,0,1,1,1,0,0.00,0,0,0,0,0,0,0,Matches
Kevin Akpoguma,ng NGA,DF,Hoffenheim,25-300,1995,10.5,5,0.48,4,1,0,0,0,0,1,0.10,1,0,0,0,0,0,0,Matches
David Alaba,at AUT,DF,Bayern Munich,28-234,1992,18.1,22,1.21,19,1,0,2,0,0,2,0.11,1,1,0,0,0,0,0,Matches
Lucas Alario,ar ARG,FW,Leverkusen,28-128,1992,9.2,15,1.63,11,0,1,1,2,0,1,0.11,0,0,0,1,0,0,0,Matches
Omar Alderete,py PAR,DF,Hertha BSC,24-049,1996,10.3,5,0.48,5,0,0,0,0,0,0,0.00,0,0,0,0,0,0,0,Matches
Nadiem Amiri,de GER,MF,Leverkusen,24-109,1996,14.1,51,3.61,33,10,4,4,0,0,11,0.78,7,1,2,1,0,0,0,Matches
Sebastian Andersson,se SWE,FW,Köln,29-213,1991,8.2,9,1.10,5,0,0,3,1,0,2,0.24,0,0,0,1,1,0,0,Matches
Robert Andrich,de GER,MF,Union Berlin,26-144,1994,16.1,37,2.30,26,3,4,1,2,1,6,0.37,5,0,0,0,1,0,0,Matches
Angeliño,es ESP,"DF,FW",RB Leipzig,24-040,1997,19.9,76,3.83,52,13,6,3,2,0,6,0.30,4,1,1,0,0,0,0,Matches
Waldemar Anton,de GER,DF,Stuttgart,24-208,1996,16.1,19,1.18,16,1,0,1,0,1,2,0.12,2,0,0,0,0,0,0,Matches
Charles Aránguiz,cl CHI,MF,Leverkusen,31-302,1989,7.3,12,1.65,11,0,0,0,0,1,1,0.14,1,0,0,0,0,0,0,Matches
Santiago Arias,co COL,DF,Leverkusen,29-031,1992,1.0,1,1.00,0,0,0,0,0,1,0,0.00,0,0,0,0,0,0,0,Matches
Maximilian Arnold,de GER,MF,Wolfsburg,26-262,1994,16.1,43,2.67,19,15,1,2,6,0,7,0.43,1,3,1,0,2,0,0,Matches
Toluwalas Arokodare,ng NGA,FW,Köln,20-082,2000,0.9,1,1.15,1,0,0,0,0,0,0,0.00,0,0,0,0,0,0,0,Matches
Santiago Ascacíbar,ar ARG,MF,Hertha BSC,23-354,1997,1.9,0,0.00,0,0,0,0,0,0,0,0.00,0,0,0,0,0,0,0,Matches
Ludwig Augustinsson,se SWE,DF,Werder Bremen,26-298,1994,12.3,37,3.00,17,17,0,2,1,0,5,0.41,1,4,0,0,0,0,0,Matches
Taiwo Awoniyi,ng NGA,FW,Union Berlin,23-185,1997,13.4,24,1.79,16,0,3,1,3,1,6,0.45,3,0,1,0,2,0,0,Matches
Leon Bailey,jm JAM,FW,Leverkusen,23-188,1997,16.2,68,4.20,41,8,8,4,6,1,11,0.68,5,4,0,1,0,1,0,Matches
Ridle Baku,de GER,"DF,FW",Wolfsburg,22-311,1998,16.4,40,2.44,35,0,2,2,1,0,8,0.49,7,0,1,0,0,0,0,Matches
Ridle Baku,de GER,DF,Mainz 05,22-311,1998,2.0,1,0.50,1,0,0,0,0,0,0,0.00,0,0,0,0,0,0,0,Matches
Aymen Barkok,ma MAR,"FW,MF",Eint Frankfurt,22-268,1998,7.8,34,4.38,23,7,2,0,1,1,5,0.64,3,1,1,0,0,0,0,Matches
Leandro Barreiro Martins,lu LUX,MF,Mainz 05,21-041,2000,12.7,17,1.34,14,0,1,0,2,0,1,0.08,1,0,0,0,0,0,0,Matches
Jacob Barrett Laursen,dk DEN,DF,Arminia,26-088,1994,7.3,6,0.83,6,0,0,0,0,0,1,0.14,1,0,0,0,0,0,0,Matches
Oliver Baumann,de GER,GK,Hoffenheim,30-256,1990,19.0,2,0.11,1,1,0,0,0,0,0,0.00,0,0,0,0,0,0,0,Matches
Julian Baumgartlinger,at AUT,MF,Leverkusen,33-042,1988,11.9,23,1.93,18,0,0,1,4,0,2,0.17,1,0,0,1,0,0,0,Matches
Christoph Baumgartner,at AUT,"MF,FW",Hoffenheim,21-196,1999,15.9,47,2.96,29,1,2,3,9,3,10,0.63,6,0,1,0,3,0,0,Matches
Noah Joel Sarenren Bazee,ng NGA,"FW,MF",Augsburg,24-176,1996,0.4,1,2.65,1,0,0,0,0,0,1,2.65,1,0,0,0,0,0,0,Matches
Ihlas Bebou,tg TOG,"FW,DF",Hoffenheim,26-296,1994,11.3,37,3.26,28,0,5,2,2,0,9,0.79,4,0,2,2,1,0,0,Matches
Sheraldo Becker,nl NED,"FW,MF",Union Berlin,26-004,1995,11.9,33,2.77,25,0,2,3,3,0,7,0.59,6,0,0,0,1,0,0,Matches
Timo Becker,de GER,DF,Schalke 04,23-325,1997,5.5,7,1.27,4,1,0,0,2,0,3,0.55,2,1,0,0,0,0,0,Matches
Brian Behrendt,de GER,DF,Arminia,29-112,1991,0.9,2,2.28,0,1,1,0,0,0,0,0.00,0,0,0,0,0,0,0,Matches
Maximilian Beier,de GER,"FW,DF",Hoffenheim,18-119,2002,0.0,0,0.00,0,0,0,0,0,0,0,0.00,0,0,0,0,0,0,0,Matches
Ishak Belfodil,dz ALG,FW,Hoffenheim,29-032,1992,6.4,17,2.64,12,0,0,2,3,0,1,0.16,1,0,0,0,0,0,0,Matches
Stefan Bell,de GER,DF,Mainz 05,29-173,1991,4.6,1,0.22,1,0,0,0,0,0,1,0.22,1,0,0,0,0,0,0,Matches
Karim Bellarabi,de GER,"MF,FW",Leverkusen,30-311,1990,4.8,10,2.09,6,0,2,2,0,0,1,0.21,0,0,0,1,0,0,0,Matches
Jude Bellingham,eng ENG,MF,Dortmund,17-229,2003,8.9,25,2.80,21,0,0,0,3,1,6,0.67,6,0,0,0,0,0,0,Matches
Lars Bender,de GER,DF,Leverkusen,31-292,1989,10.4,17,1.64,16,0,1,0,0,0,3,0.29,3,0,0,0,0,0,0,Matches
Sven Bender,de GER,DF,Leverkusen,31-292,1989,6.9,9,1.30,8,0,0,1,0,0,2,0.29,2,0,0,0,0,0,0,Matches
László Bénes,sk SVK,MF,M'Gladbach,23-157,1997,1.7,6,3.60,1,4,0,0,1,0,2,1.20,0,1,0,0,1,0,0,Matches
László Bénes,sk SVK,"MF,FW",Augsburg,23-157,1997,1.4,3,2.13,2,1,0,0,0,0,0,0.00,0,0,0,0,0,0,0,Matches
Ramy Bensebaini,dz ALG,DF,M'Gladbach,25-303,1995,9.6,7,0.73,6,0,0,1,0,0,1,0.10,0,0,0,1,0,0,0,Matches
Nabil Bentaleb,dz ALG,MF,Schalke 04,26-081,1994,5.0,3,0.60,3,0,0,0,0,0,0,0.00,0,0,0,0,0,0,0,Matches
Bartosz Bialek,pl POL,"FW,MF",Wolfsburg,19-094,2001,2.0,8,4.09,8,0,0,0,0,0,2,1.02,2,0,0,0,0,0,0,Matches
Ermin Bičakčić,ba BIH,DF,Hoffenheim,31-020,1990,1.4,0,0.00,0,0,0,0,0,0,0,0.00,0,0,0,0,0,0,0,Matches
Leonardo Bittencourt,de GER,"FW,MF",Werder Bremen,27-056,1993,11.5,30,2.60,16,6,3,1,2,2,4,0.35,1,1,0,0,1,1,0,Matches
Jérôme Boateng,de GER,DF,Bayern Munich,32-163,1988,15.7,8,0.51,8,0,0,0,0,0,2,0.13,2,0,0,0,0,0,0,Matches
Jean-Paul Boëtius,nl NED,"MF,FW",Mainz 05,26-328,1994,14.1,40,2.83,30,0,3,2,4,1,5,0.35,4,0,0,1,0,0,0,Matches
Melayro Bogarde,nl NED,"DF,MF",Hoffenheim,18-261,2002,3.0,7,2.37,5,0,0,0,2,0,0,0.00,0,0,0,0,0,0,0,Matches
Dennis Borkowski,de GER,MF,RB Leipzig,19-018,2002,0.1,1,8.18,1,0,0,0,0,0,0,0.00,0,0,0,0,0,0,0,Matches
Sebastiaan Bornauw,be BEL,DF,Köln,21-328,1999,17.0,2,0.12,2,0,0,0,0,0,1,0.06,1,0,0,0,0,0,0,Matches
Nassim Boujellab,ma MAR,"MF,FW",Schalke 04,21-238,1999,5.9,12,2.03,7,0,0,2,3,0,0,0.00,0,0,0,0,0,0,0,Matches
Dedryck Boyata,be BEL,DF,Hertha BSC,30-077,1990,12.8,8,0.62,7,0,0,1,0,0,0,0.00,0,0,0,0,0,0,0,Matches
Can Bozdogan,de GER,MF,Schalke 04,19-314,2001,4.5,5,1.11,5,0,0,0,0,0,1,0.22,1,0,0,0,0,0,0,Matches
Julian Brandt,de GER,"FW,MF",Dortmund,24-287,1996,10.9,50,4.59,42,2,2,2,2,0,2,0.18,2,0,0,0,0,0,0,Matches
Josip Brekalo,hr CRO,FW,Wolfsburg,22-235,1998,13.4,51,3.80,36,8,4,2,1,0,7,0.52,4,0,1,1,1,0,0,Matches
Joshua Brenet,nl NED,DF,Hoffenheim,26-330,1994,0.0,0,0.00,0,0,0,0,0,0,0,0.00,0,0,0,0,0,0,0,Matches
John Brooks,us USA,DF,Wolfsburg,28-016,1993,18.2,11,0.60,10,0,0,0,0,1,1,0.05,1,0,0,0,0,0,0,Matches
Daniel Brosinski,de GER,DF,Mainz 05,32-211,1988,11.2,21,1.87,14,7,0,0,0,0,3,0.27,1,2,0,0,0,0,0,Matches
Cédric Brunner,ch SUI,DF,Arminia,26-362,1994,16.1,10,0.62,8,2,0,0,0,0,1,0.06,1,0,0,0,0,0,0,Matches
Jacob Bruun Larsen,dk DEN,FW,Hoffenheim,22-147,1998,1.0,2,2.02,2,0,0,0,0,0,0,0.00,0,0,0,0,0,0,0,Matches
Marius Bülter,de GER,"FW,MF",Union Berlin,27-321,1993,6.7,17,2.55,13,0,2,0,1,1,2,0.30,2,0,0,0,0,0,0,Matches
Jonathan Burkardt,de GER,"FW,DF",Mainz 05,20-217,2000,9.5,17,1.79,13,0,0,1,3,0,3,0.32,2,0,0,0,1,0,0,Matches
Roman Bürki,ch SUI,GK,Dortmund,30-091,1990,16.0,1,0.06,1,0,0,0,0,0,1,0.06,1,0,0,0,0,0,0,Matches
Daniel Caligiuri,it ITA,"MF,DF",Augsburg,33-029,1988,20.3,51,2.51,27,15,6,0,2,1,6,0.30,5,1,0,0,0,0,0,Matches
Emre Can,de GER,"DF,MF",Dortmund,27-032,1994,12.2,28,2.29,23,0,3,0,0,2,3,0.25,3,0,0,0,0,0,0,Matches
Koen Casteels,be BEL,GK,Wolfsburg,28-233,1992,19.0,1,0.05,1,0,0,0,0,0,0,0.00,0,0,0,0,0,0,0,Matches
Gonzalo Castro,de GER,"MF,FW",Stuttgart,33-247,1987,12.8,58,4.52,31,19,3,3,0,2,2,0.16,1,0,1,0,0,0,0,Matches
Sava Cestic,de GER,DF,Köln,19-360,2001,7.3,2,0.27,2,0,0,0,0,0,0,0.00,0,0,0,0,0,0,0,Matches
Timothy Chandler,us USA,DF,Eint Frankfurt,30-321,1990,0.7,0,0.00,0,0,0,0,0,0,0,0.00,0,0,0,0,0,0,0,Matches
Kwon Chang-hoon,kr KOR,"MF,FW",Freiburg,26-228,1994,2.0,3,1.49,3,0,0,0,0,0,1,0.50,1,0,0,0,0,0,0,Matches
Tahith Chong,nl NED,"FW,MF",Werder Bremen,21-071,1999,4.3,13,3.03,10,0,1,0,1,1,1,0.23,1,0,0,0,0,0,0,Matches
Darko Churlinov,mk MKD,"DF,FW",Stuttgart,20-217,2000,0.7,1,1.50,1,0,0,0,0,0,0,0.00,0,0,0,0,0,0,0,Matches
Tim Civeja,de GER,"MF,DF",Augsburg,19-040,2002,0.4,1,2.65,1,0,0,0,0,0,0,0.00,0,0,0,0,0,0,0,Matches
Kingsley Coman,fr FRA,"FW,MF",Bayern Munich,24-245,1996,11.4,49,4.29,40,0,6,2,1,0,12,1.05,10,0,2,0,0,0,0,Matches
Jhon Córdoba,co COL,FW,Hertha BSC,27-278,1993,10.0,32,3.21,22,0,2,2,5,1,3,0.30,1,0,0,0,2,0,0,Matches
Sergio Córdova,ve VEN,"FW,MF",Arminia,23-188,1997,9.9,25,2.54,18,0,3,1,2,1,2,0.20,2,0,0,0,0,0,0,Matches
Danny da Costa,de GER,DF,Eint Frankfurt,27-215,1993,1.2,3,2.45,2,0,1,0,0,0,0,0.00,0,0,0,0,0,0,0,Matches
Danny da Costa,de GER,DF,Mainz 05,27-215,1993,3.0,7,2.33,5,0,1,0,0,1,2,0.67,1,0,1,0,0,0,0,Matches
Douglas Costa,br BRA,"FW,MF",Bayern Munich,30-152,1990,3.6,17,4.78,8,7,2,0,0,0,2,0.56,1,0,1,0,0,0,0,Matches
Tanguy Coulibaly,fr FRA,"DF,FW",Stuttgart,19-361,2001,9.4,30,3.20,19,0,6,2,3,0,1,0.11,1,0,0,0,0,0,0,Matches
Mickaël Cuisance,fr FRA,FW,Bayern Munich,21-181,1999,0.2,0,0.00,0,0,0,0,0,0,0,0.00,0,0,0,0,0,0,0,Matches
Matheus Cunha,br BRA,"FW,MF",Hertha BSC,21-262,1999,16.7,71,4.25,31,17,9,4,6,4,7,0.42,4,1,0,2,0,0,0,Matches
Rafael Czichos,de GER,DF,Köln,30-275,1990,12.7,7,0.55,6,0,1,0,0,0,0,0.00,0,0,0,0,0,0,0,Matches
Moanes Dabour,il ISR,FW,Hoffenheim,28-275,1992,8.5,18,2.11,14,0,2,1,1,0,2,0.23,2,0,0,0,0,0,0,Matches
Finn Dahmen,de GER,GK,Mainz 05,22-323,1998,1.0,1,1.00,1,0,0,0,0,0,0,0.00,0,0,0,0,0,0,0,Matches
Mahmoud Dahoud,de GER,MF,Dortmund,25-043,1996,3.3,6,1.82,4,0,0,1,0,1,0,0.00,0,0,0,0,0,0,0,Matches
Leon Dajaku,de GER,FW,Union Berlin,19-307,2001,0.4,0,0.00,0,0,0,0,0,0,0,0.00,0,0,0,0,0,0,0,Matches
Márton Dárdai,de GER,DF,Hertha BSC,19-001,2002,0.2,0,0.00,0,0,0,0,0,0,0,0.00,0,0,0,0,0,0,0,Matches
Vladimír Darida,cz CZE,MF,Hertha BSC,30-189,1990,15.5,53,3.41,37,9,3,0,4,0,8,0.52,8,0,0,0,0,0,0,Matches
Alphonso Davies,ca CAN,DF,Bayern Munich,20-103,2000,8.8,21,2.40,18,0,1,0,2,0,2,0.23,1,0,0,0,1,0,0,Matches
Thomas Delaney,dk DEN,MF,Dortmund,29-163,1991,8.2,13,1.58,9,0,0,1,1,2,0,0.00,0,0,0,0,0,0,0,Matches
Kerem Demirbay,de GER,MF,Leverkusen,27-225,1993,9.7,39,4.01,17,15,3,3,1,0,3,0.31,0,2,0,1,0,0,0,Matches
Ermedin Demirović,ba BIH,FW,Freiburg,22-325,1998,8.2,19,2.30,13,0,1,1,3,1,6,0.73,4,0,1,1,0,0,0,Matches
Emmanuel Dennis,ng NGA,FW,Köln,23-090,1997,1.5,2,1.30,2,0,0,0,0,0,0,0.00,0,0,0,0,0,0,0,Matches
Mike van der Hoorn,nl NED,DF,Arminia,28-121,1992,13.9,5,0.36,4,1,0,0,0,0,0,0.00,0,0,0,0,0,0,0,Matches
Moussa Diaby,fr FRA,"FW,MF",Leverkusen,21-221,1999,18.6,53,2.85,40,0,9,2,1,1,8,0.43,6,0,1,1,0,0,0,Matches
Daniel Didavi,de GER,"FW,MF",Stuttgart,30-358,1990,7.7,29,3.78,24,3,0,1,1,0,5,0.65,3,1,0,1,0,0,0,Matches
Javairô Dilrosun,nl NED,FW,Hertha BSC,22-236,1998,3.0,9,2.97,4,2,2,0,0,1,3,0.99,2,0,0,0,0,1,0,Matches
Eren Dinkçi,de GER,FW,Werder Bremen,19-062,2001,0.1,0,0.00,0,0,0,0,0,0,0,0.00,0,0,0,0,0,0,0,Matches
Ritsu Doan,jp JPN,"MF,FW",Arminia,22-242,1998,17.9,48,2.67,21,13,11,1,1,1,4,0.22,3,0,1,0,0,0,0,Matches
Ji Dong-won,kr KOR,FW,Mainz 05,29-261,1991,0.7,2,2.90,2,0,0,0,0,0,0,0.00,0,0,0,0,0,0,0,Matches
Bas Dost,nl NED,FW,Eint Frankfurt,31-258,1989,9.1,18,1.98,17,0,0,1,0,0,3,0.33,3,0,0,0,0,0,0,Matches
Aleksandar Dragović,at AUT,DF,Leverkusen,29-344,1991,8.1,12,1.48,8,2,0,1,0,1,0,0.00,0,0,0,0,0,0,0,Matches
Dominick Drexler,de GER,"MF,FW",Köln,30-263,1990,8.4,14,1.67,12,0,0,1,1,0,1,0.12,0,0,0,1,0,0,0,Matches
Ondrej Duda,sk SVK,"FW,MF",Köln,26-070,1994,16.7,46,2.75,19,19,4,3,1,0,4,0.24,2,2,0,0,0,0,0,Matches
Erik Durm,de GER,DF,Eint Frankfurt,28-277,1992,10.1,18,1.79,12,0,1,5,0,0,2,0.20,0,0,0,2,0,0,0,Matches
Johannes Eggestein,de GER,"FW,MF",Werder Bremen,22-281,1998,0.4,1,2.73,1,0,0,0,0,0,0,0.00,0,0,0,0,0,0,0,Matches
Maximilian Eggestein,de GER,MF,Werder Bremen,24-067,1996,19.0,29,1.53,24,1,0,1,1,2,6,0.32,6,0,0,0,0,0,0,Matches
Lilian Egloff,de GER,MF,Stuttgart,18-177,2002,0.2,0,0.00,0,0,0,0,0,0,0,0.00,0,0,0,0,0,0,0,Matches
Kingsley Ehizibue,nl NED,DF,Köln,25-264,1995,6.8,12,1.75,9,1,2,0,0,0,2,0.29,1,0,1,0,0,0,0,Matches
Nico Elvedi,ch SUI,DF,M'Gladbach,24-136,1996,16.5,7,0.42,6,0,0,1,0,0,2,0.12,2,0,0,0,0,0,0,Matches
Breel Embolo,ch SUI,"FW,MF",M'Gladbach,23-365,1997,11.4,31,2.72,19,0,2,8,2,0,6,0.53,2,0,0,2,2,0,0,Matches
Keita Endo,jp JPN,"MF,FW",Union Berlin,23-083,1997,1.3,3,2.37,3,0,0,0,0,0,0,0.00,0,0,0,0,0,0,0,Matches
Wataru Endo,jp JPN,MF,Stuttgart,28-004,1993,20.0,43,2.15,34,0,1,1,4,3,4,0.20,3,0,0,0,1,0,0,Matches
Patrick Erras,de GER,"FW,MF",Werder Bremen,26-023,1995,0.2,0,0.00,0,0,0,0,0,0,0,0.00,0,0,0,0,0,0,0,Matches
Ralf Fährmann,de GER,GK,Schalke 04,32-139,1988,12.5,4,0.32,4,0,0,0,0,0,0,0.00,0,0,0,0,0,0,0,Matches
Ohis Felix Uduokhai,de GER,DF,Augsburg,23-157,1997,20.0,8,0.40,6,0,0,0,1,1,1,0.05,1,0,0,0,0,0,0,Matches
Edimilson Fernandes,ch SUI,"MF,DF",Mainz 05,24-304,1996,8.6,12,1.39,9,3,0,0,0,0,0,0.00,0,0,0,0,0,0,0,Matches
Alfreð Finnbogason,is ISL,FW,Augsburg,32-012,1989,4.6,16,3.46,12,0,2,2,0,0,1,0.22,1,0,0,0,0,0,0,Matches
Emil Forsberg,se SWE,"FW,MF",RB Leipzig,29-113,1991,10.4,39,3.73,25,6,5,1,1,1,6,0.57,4,0,1,0,0,1,0,Matches
Philipp Förster,de GER,"MF,FW",Stuttgart,26-009,1995,5.7,19,3.31,13,3,2,0,1,0,3,0.52,3,0,0,0,0,0,0,Matches
Timothy Fosu-Mensah,nl NED,DF,Leverkusen,23-042,1998,2.1,4,1.94,4,0,0,0,0,0,0,0.00,0,0,0,0,0,0,0,Matches
Raphael Framberger,de GER,DF,Augsburg,25-160,1995,9.1,12,1.32,9,1,1,0,0,1,1,0.11,1,0,0,0,0,0,0,Matches
Marco Friedl,at AUT,DF,Werder Bremen,22-334,1998,19.0,15,0.79,10,2,1,0,1,1,2,0.11,1,1,0,0,0,0,0,Matches
Marvin Friedrich,de GER,DF,Union Berlin,25-062,1995,20.0,9,0.45,8,0,1,0,0,0,2,0.10,2,0,0,0,0,0,0,Matches
Jeremie Frimpong,nl NED,FW,Leverkusen,20-065,2000,0.2,1,5.29,1,0,0,0,0,0,0,0.00,0,0,0,0,0,0,0,Matches
Niclas Füllkrug,de GER,FW,Werder Bremen,28-004,1993,3.4,7,2.06,4,0,0,1,2,0,1,0.29,0,0,0,0,1,0,0,Matches
Mijat Gaćinović,rs SRB,"DF,MF",Hoffenheim,26-005,1995,7.6,20,2.63,14,4,1,1,0,0,3,0.39,1,1,0,1,0,0,0,Matches
Christian Gebauer,at AUT,"MF,FW",Arminia,27-055,1993,4.0,6,1.50,4,0,0,2,0,0,0,0.00,0,0,0,0,0,0,0,Matches
Theodor Gebre Selassie,cz CZE,DF,Werder Bremen,34-051,1986,19.0,18,0.95,15,2,0,0,1,0,3,0.16,2,1,0,0,0,0,0,Matches
Dennis Geiger,de GER,MF,Hoffenheim,22-248,1998,7.3,24,3.28,15,8,0,1,0,0,1,0.14,0,1,0,0,0,0,0,Matches
Christian Gentner,de GER,MF,Union Berlin,35-183,1985,4.7,9,1.90,8,0,0,0,1,0,0,0.00,0,0,0,0,0,0,0,Matches
Yannick Gerhardt,de GER,MF,Wolfsburg,26-337,1994,10.1,24,2.38,17,2,1,2,2,0,5,0.50,3,0,0,1,1,0,0,Matches
Hamadi Al Ghaddioui,ma MAR,"MF,FW",Stuttgart,30-144,1990,0.2,2,8.57,2,0,0,0,0,0,0,0.00,0,0,0,0,0,0,0,Matches
Niko Gießelmann,de GER,DF,Union Berlin,29-140,1991,3.4,4,1.19,2,1,0,0,1,0,0,0.00,0,0,0,0,0,0,0,Matches
Rafał Gikiewicz,pl POL,GK,Augsburg,33-110,1987,21.0,1,0.05,0,1,0,0,0,0,1,0.05,0,1,0,0,0,0,0,Matches
Daniel Ginczek,de GER,"FW,MF",Wolfsburg,29-306,1991,1.6,2,1.24,2,0,0,0,0,0,0,0.00,0,0,0,0,0,0,0,Matches
Matthias Ginter,de GER,DF,M'Gladbach,27-025,1994,20.0,18,0.90,17,0,1,0,0,0,3,0.15,3,0,0,0,0,0,0,Matches
Robert Glatzel,de GER,FW,Mainz 05,27-036,1994,0.1,0,0.00,0,0,0,0,0,0,0,0.00,0,0,0,0,0,0,0,Matches
Serge Gnabry,de GER,"FW,MF",Bayern Munich,25-214,1995,13.7,54,3.94,42,6,3,2,1,0,8,0.58,6,1,0,0,1,0,0,Matches
Akaki Gogia,de GER,FW,Union Berlin,29-026,1992,1.6,5,3.21,4,0,0,0,1,0,3,1.93,2,0,0,0,1,0,0,Matches
Nicolás González,ar ARG,"FW,DF",Stuttgart,22-313,1998,9.9,27,2.73,18,0,3,3,3,0,7,0.71,3,0,2,1,1,0,0,Matches
Leon Goretzka,de GER,MF,Bayern Munich,26-007,1995,12.7,27,2.12,21,0,1,3,1,1,9,0.71,7,0,1,1,0,0,0,Matches
Jeffrey Gouweleeuw,nl NED,DF,Augsburg,29-218,1991,20.0,12,0.60,9,2,0,0,0,1,1,0.05,1,0,0,0,0,0,0,Matches
Demarai Gray,eng ENG,FW,Leverkusen,24-230,1996,0.2,1,5.29,0,0,0,1,0,0,0,0.00,0,0,0,0,0,0,0,Matches
Michael Gregoritsch,at AUT,"FW,MF",Augsburg,26-301,1994,8.4,14,1.67,9,1,2,0,2,0,4,0.48,3,0,0,0,1,0,0,Matches
Sebastian Griesbeck,de GER,MF,Union Berlin,30-133,1990,8.3,6,0.72,3,0,1,0,2,0,1,0.12,0,0,0,0,1,0,0,Matches
Vincenzo Grifo,it ITA,"MF,FW",Freiburg,27-312,1993,16.6,84,5.05,49,25,4,4,1,1,11,0.66,7,3,0,1,0,0,0,Matches
Florian Grillitsch,at AUT,MF,Hoffenheim,25-190,1995,7.3,19,2.61,15,0,1,1,1,1,4,0.55,2,0,1,0,1,0,0,Matches
Christian Groß,de GER,"MF,DF",Werder Bremen,32-005,1989,9.8,8,0.82,7,0,0,1,0,0,1,0.10,1,0,0,0,0,0,0,Matches
Ilia Gruev,bg BUL,FW,Werder Bremen,20-283,2000,0.0,0,0.00,0,0,0,0,0,0,0,0.00,0,0,0,0,0,0,0,Matches
Carlos Gruezo,ec ECU,MF,Augsburg,25-300,1995,17.1,11,0.64,8,0,1,0,1,1,0,0.00,0,0,0,0,0,0,0,Matches
Mattéo Guendouzi,fr FRA,MF,Hertha BSC,21-305,1999,13.7,25,1.82,21,1,0,0,3,0,1,0.07,0,0,0,0,1,0,0,Matches
Raphaël Guerreiro,pt POR,DF,Dortmund,27-053,1993,14.7,63,4.28,55,3,2,1,1,1,10,0.68,8,1,0,1,0,0,0,Matches
Josuha Guilavogui,fr FRA,"MF,DF",Wolfsburg,30-147,1990,6.4,6,0.94,6,0,0,0,0,0,0,0.00,0,0,0,0,0,0,0,Matches
Péter Gulácsi,hu HUN,GK,RB Leipzig,30-283,1990,21.0,1,0.05,1,0,0,0,0,0,0,0.00,0,0,0,0,0,0,0,Matches
Manuel Gulde,de GER,DF,Freiburg,30-001,1991,12.5,4,0.32,2,0,0,1,0,1,0,0.00,0,0,0,0,0,0,0,Matches
Robert Gumny,pl POL,DF,Augsburg,22-254,1998,6.6,6,0.90,4,1,0,0,1,0,1,0.15,0,0,0,0,1,0,0,Matches
Christian Günter,de GER,DF,Freiburg,27-351,1993,20.0,58,2.90,40,14,0,2,2,0,4,0.20,3,1,0,0,0,0,0,Matches
Janik Haberer,de GER,"MF,FW",Freiburg,26-317,1994,2.2,2,0.92,0,0,1,0,0,1,0,0.00,0,0,0,0,0,0,0,Matches
Alexander Hack,de GER,DF,Mainz 05,27-158,1993,10.9,10,0.91,9,1,0,0,0,0,0,0.00,0,0,0,0,0,0,0,Matches
André Hahn,de GER,"FW,MF",Augsburg,30-184,1990,11.7,18,1.54,11,0,2,2,1,2,4,0.34,1,0,1,1,0,1,0,Matches
Amadou Haidara,ml MLI,"MF,FW",RB Leipzig,23-013,1998,12.4,33,2.66,26,0,2,2,2,1,3,0.24,2,0,0,1,0,0,0,Matches
Erling Håland,no NOR,FW,Dortmund,20-207,2000,14.1,31,2.20,21,0,5,4,1,0,7,0.50,5,0,2,0,0,0,0,Matches
Marcel Halstenberg,de GER,DF,RB Leipzig,29-139,1991,11.6,21,1.80,19,0,1,0,0,1,2,0.17,2,0,0,0,0,0,0,Matches
Amine Harit,ma MAR,"MF,FW",Schalke 04,23-240,1997,11.6,44,3.80,31,8,2,0,2,1,7,0.60,5,1,0,0,0,1,0,Matches
Marcel Hartel,de GER,MF,Arminia,25-025,1996,17.7,23,1.30,19,2,2,0,0,0,1,0.06,1,0,0,0,0,0,0,Matches
Makoto Hasebe,jp JPN,"DF,MF",Eint Frankfurt,37-026,1984,15.0,18,1.20,15,1,0,0,1,1,1,0.07,1,0,0,0,0,0,0,Matches
Thorgan Hazard,be BEL,"FW,DF",Dortmund,27-321,1993,1.8,5,2.73,4,0,0,0,1,0,0,0.00,0,0,0,0,0,0,0,Matches
Jonas Hector,de GER,MF,Köln,30-262,1990,5.7,9,1.58,8,1,0,0,0,0,0,0.00,0,0,0,0,0,0,0,Matches
Hwang Hee-chan,kr KOR,"FW,MF",RB Leipzig,25-018,1996,1.7,6,3.60,3,0,1,1,1,0,1,0.60,0,0,0,1,0,0,0,Matches
Dominique Heintz,de GER,DF,Freiburg,27-182,1993,8.3,4,0.48,4,0,0,0,0,0,0,0.00,0,0,0,0,0,0,0,Matches
Benjamin Henrichs,de GER,"MF,DF",RB Leipzig,23-356,1997,3.9,4,1.03,4,0,0,0,0,0,0,0.00,0,0,0,0,0,0,0,Matches
Lucas Hernández,fr FRA,DF,Bayern Munich,24-365,1996,9.8,15,1.54,13,0,0,0,1,1,3,0.31,2,0,0,0,1,0,0,Matches
Patrick Herrmann,de GER,FW,M'Gladbach,30-001,1991,8.9,32,3.60,19,7,3,2,1,0,2,0.23,2,0,0,0,0,0,0,Matches
Martin Hinteregger,at AUT,DF,Eint Frankfurt,28-159,1992,19.6,22,1.12,12,1,0,4,4,1,4,0.20,1,0,0,1,2,0,0,Matches
Marwin Hitz,ch SUI,GK,Dortmund,33-148,1987,4.0,0,0.00,0,0,0,0,0,0,0,0.00,0,0,0,0,0,0,0,Matches
Nicolas Höfler,de GER,MF,Freiburg,30-341,1990,18.3,34,1.86,25,1,1,1,4,2,7,0.38,4,0,1,0,1,1,0,Matches
Jonas Hofmann,de GER,"FW,MF",M'Gladbach,28-214,1992,12.2,50,4.10,20,26,0,1,2,1,10,0.82,6,4,0,0,0,0,0,Matches
Marco Höger,de GER,DF,Köln,31-150,1989,0.6,0,0.00,0,0,0,0,0,0,0,0.00,0,0,0,0,0,0,0,Matches
Lucas Höler,de GER,"FW,MF",Freiburg,26-218,1994,13.8,36,2.62,24,0,1,5,6,0,6,0.44,3,0,0,2,1,0,0,Matches
Matthew Hoppe,us USA,FW,Schalke 04,19-337,2001,7.6,11,1.45,9,1,0,1,0,0,0,0.00,0,0,0,0,0,0,0,Matches
Jannes Horn,de GER,DF,Köln,24-007,1997,12.7,20,1.57,16,2,0,0,2,0,1,0.08,1,0,0,0,0,0,0,Matches
Timo Horn,de GER,GK,Köln,27-277,1993,19.4,3,0.15,2,1,0,0,0,0,0,0.00,0,0,0,0,0,0,0,Matches
Lukáš Hrádecký,fi FIN,GK,Leverkusen,31-081,1989,20.0,3,0.15,2,1,0,0,0,0,0,0.00,0,0,0,0,0,0,0,Matches
Ajdin Hrustic,au AUS,"MF,FW",Eint Frankfurt,24-223,1996,0.9,1,1.11,1,0,0,0,0,0,1,1.11,1,0,0,0,0,0,0,Matches
Florian Hübner,de GER,DF,Union Berlin,29-349,1991,4.8,0,0.00,0,0,0,0,0,0,0,0.00,0,0,0,0,0,0,0,Matches
Mats Hummels,de GER,DF,Dortmund,32-059,1988,19.9,18,0.91,17,0,0,0,1,0,2,0.10,2,0,0,0,0,0,0,Matches
Klaas-Jan Huntelaar,nl NED,FW,Schalke 04,37-185,1983,0.1,0,0.00,0,0,0,0,0,0,0,0.00,0,0,0,0,0,0,0,Matches
Iago,br BRA,DF,Augsburg,23-327,1997,13.4,23,1.71,19,0,1,1,0,2,3,0.22,2,0,0,1,0,0,0,Matches
Vedad Ibišević,ba BIH,FW,Schalke 04,36-191,1984,1.7,5,2.88,4,0,0,1,0,0,0,0.00,0,0,0,0,0,0,0,Matches
Stefan Ilsanker,at AUT,MF,Eint Frankfurt,31-271,1989,9.2,8,0.87,7,0,0,0,0,1,1,0.11,0,0,0,0,0,1,0,Matches
Marcus Ingvartsen,dk DEN,"MF,FW",Union Berlin,25-040,1996,12.8,33,2.59,18,5,3,3,3,1,7,0.55,3,2,1,0,0,1,0,Matches
Ismail Jakobs,de GER,"DF,MF",Köln,21-180,1999,12.2,13,1.07,11,1,1,0,0,0,1,0.08,1,0,0,0,0,0,0,Matches
Tony Jantschke,de GER,DF,M'Gladbach,30-312,1990,2.8,3,1.05,3,0,0,0,0,0,0,0.00,0,0,0,0,0,0,0,Matches
Rune Jarstein,no NOR,GK,Hertha BSC,36-137,1984,2.0,0,0.00,0,0,0,0,0,0,0,0.00,0,0,0,0,0,0,0,Matches
Tin Jedvaj,hr CRO,DF,Leverkusen,25-077,1995,0.2,0,0.00,0,0,0,0,0,0,0,0.00,0,0,0,0,0,0,0,Matches
Fredrik Jensen,fi FIN,"FW,MF",Augsburg,23-157,1997,2.9,3,1.04,3,0,0,0,0,0,0,0.00,0,0,0,0,0,0,0,Matches
Marco John,de GER,DF,Hoffenheim,18-317,2002,6.0,8,1.33,7,1,0,0,0,0,0,0.00,0,0,0,0,0,0,0,Matches
Luka Jović,rs SRB,"FW,MF",Eint Frankfurt,23-052,1997,1.4,2,1.42,1,0,1,0,0,0,1,0.71,0,0,1,0,0,0,0,Matches
Ozan Kabak,tr TUR,DF,Schalke 04,20-325,2000,13.8,10,0.72,7,0,0,2,0,1,0,0.00,0,0,0,0,0,0,0,Matches
Pavel Kadeřábek,cz CZE,DF,Hoffenheim,28-294,1992,4.0,8,1.98,8,0,0,0,0,0,0,0.00,0,0,0,0,0,0,0,Matches
Sasa Kalajdzic,at AUT,FW,Stuttgart,23-221,1997,10.5,31,2.96,19,0,2,3,6,1,6,0.57,3,0,1,0,2,0,0,Matches
Daichi Kamada,jp JPN,"MF,FW",Eint Frankfurt,24-192,1996,15.1,66,4.38,38,20,2,1,4,1,14,0.93,9,2,0,1,2,0,0,Matches
Marcin Kamiński,pl POL,DF,Stuttgart,29-029,1992,1.4,3,2.20,3,0,0,0,0,0,0,0.00,0,0,0,0,0,0,0,Matches
Kevin Kampl,si SVN,MF,RB Leipzig,30-127,1990,14.2,31,2.18,30,0,1,0,0,0,4,0.28,4,0,0,0,0,0,0,Matches
Atakan Karazor,de GER,DF,Stuttgart,24-123,1996,4.3,2,0.46,1,0,0,1,0,0,0,0.00,0,0,0,0,0,0,0,Matches
Loris Karius,de GER,GK,Union Berlin,27-236,1993,0.2,0,0.00,0,0,0,0,0,0,0,0.00,0,0,0,0,0,0,0,Matches
Noah Katterbach,de GER,DF,Köln,19-306,2001,6.4,9,1.41,6,0,0,1,2,0,1,0.16,0,0,0,0,1,0,0,Matches
Yannik Keitel,de GER,MF,Freiburg,20-364,2000,0.8,1,1.27,0,0,0,1,0,0,0,0.00,0,0,0,0,0,0,0,Matches
Marc-Oliver Kempf,de GER,DF,Stuttgart,26-016,1995,18.7,20,1.07,18,2,0,0,0,0,1,0.05,1,0,0,0,0,0,0,Matches
Rani Khedira,de GER,MF,Augsburg,27-017,1994,11.3,6,0.53,5,0,0,1,0,0,0,0.00,0,0,0,0,0,0,0,Matches
Sami Khedira,de GER,MF,Hertha BSC,33-315,1987,0.1,0,0.00,0,0,0,0,0,0,0,0.00,0,0,0,0,0,0,0,Matches
Luca Kilian,de GER,DF,Mainz 05,21-165,1999,4.2,1,0.24,1,0,0,0,0,0,0,0.00,0,0,0,0,0,0,0,Matches
Joshua Kimmich,de GER,MF,Bayern Munich,26-005,1995,12.2,56,4.59,38,17,0,0,1,0,13,1.07,9,4,0,0,0,0,0,Matches
Davy Klaassen,nl NED,MF,Werder Bremen,27-358,1993,2.5,3,1.22,2,0,0,1,0,0,1,0.41,1,0,0,0,0,0,0,Matches
Felix Klaus,de GER,"DF,MF",Wolfsburg,28-153,1992,1.5,0,0.00,0,0,0,0,0,0,0,0.00,0,0,0,0,0,0,0,Matches
Klauss,br BRA,FW,Hoffenheim,23-349,1997,0.6,3,5.29,3,0,0,0,0,0,0,0.00,0,0,0,0,0,0,0,Matches
Philipp Klement,de GER,"MF,FW",Stuttgart,28-157,1992,2.7,22,8.05,9,11,0,1,1,0,4,1.46,2,2,0,0,0,0,0,Matches
Mateo Klimowicz,ar ARG,"FW,MF",Stuttgart,20-222,2000,9.4,28,2.98,17,0,5,2,3,1,7,0.74,2,0,2,0,2,1,0,Matches
Fabian Klos,de GER,FW,Arminia,33-073,1987,18.1,32,1.77,27,0,0,1,4,0,3,0.17,3,0,0,0,0,0,0,Matches
Lukas Klostermann,de GER,DF,RB Leipzig,24-256,1996,6.7,9,1.34,7,0,0,0,2,0,0,0.00,0,0,0,0,0,0,0,Matches
Justin Kluivert,nl NED,FW,RB Leipzig,21-284,1999,3.8,8,2.09,7,0,1,0,0,0,0,0.00,0,0,0,0,0,0,0,Matches
Lukas Klünter,de GER,DF,Hertha BSC,24-263,1996,1.0,0,0.00,0,0,0,0,0,0,0,0.00,0,0,0,0,0,0,0,Matches
Robin Knoche,de GER,DF,Union Berlin,28-267,1992,20.0,5,0.25,2,1,0,1,0,1,1,0.05,1,0,0,0,0,0,0,Matches
Gregor Kobel,ch SUI,GK,Stuttgart,23-069,1997,20.0,1,0.05,1,0,0,0,0,0,0,0.00,0,0,0,0,0,0,0,Matches
Dominik Kohr,de GER,"MF,FW",Eint Frankfurt,27-013,1994,2.9,4,1.38,2,0,1,0,1,0,0,0.00,0,0,0,0,0,0,0,Matches
Dominik Kohr,de GER,MF,Mainz 05,27-013,1994,3.2,4,1.25,3,0,0,1,0,0,1,0.31,0,0,0,1,0,0,0,Matches
Sead Kolašinac,ba BIH,DF,Schalke 04,27-238,1993,4.8,8,1.67,6,0,2,0,0,0,1,0.21,1,0,0,0,0,0,0,Matches
Ibrahima Konaté,fr FRA,DF,RB Leipzig,21-264,1999,4.5,1,0.22,1,0,0,0,0,0,0,0.00,0,0,0,0,0,0,0,Matches
Filip Kostić,rs SRB,DF,Eint Frankfurt,28-104,1992,14.2,54,3.81,36,12,0,4,2,0,13,0.92,8,3,0,1,1,0,0,Matches
Nianzou Kouassi,fr FRA,DF,Bayern Munich,18-251,2002,0.2,0,0.00,0,0,0,0,0,0,0,0.00,0,0,0,0,0,0,0,Matches
Andrej Kramarić,hr CRO,"FW,MF",Hoffenheim,29-239,1991,15.7,59,3.76,42,1,6,3,6,1,9,0.57,6,0,1,0,1,1,0,Matches
Christoph Kramer,de GER,MF,M'Gladbach,29-360,1991,15.8,21,1.33,14,1,1,0,3,2,1,0.06,0,0,0,0,0,1,0,Matches
Max Kruse,de GER,"MF,FW",Union Berlin,32-331,1988,8.0,31,3.86,25,4,0,2,0,0,10,1.24,9,0,0,1,0,0,0,Matches
Lukas Kübler,de GER,DF,Freiburg,28-167,1992,5.0,7,1.40,5,2,0,0,0,0,1,0.20,1,0,0,0,0,0,0,Matches
Pierre Kunde,cm CMR,MF,Mainz 05,25-202,1995,5.7,8,1.40,7,1,0,0,0,0,0,0.00,0,0,0,0,0,0,0,Matches
Fabian Kunze,de GER,MF,Arminia,22-244,1998,8.2,7,0.85,4,0,2,1,0,0,0,0.00,0,0,0,0,0,0,0,Matches
Ahmed Kutucu,tr TUR,"FW,MF",Schalke 04,20-349,2000,1.2,1,0.83,1,0,0,0,0,0,0,0.00,0,0,0,0,0,0,0,Matches
Maxence Lacroix,fr FRA,DF,Wolfsburg,20-313,2000,17.1,7,0.41,4,0,0,2,0,1,2,0.12,1,0,0,1,0,0,0,Matches
Stefan Lainer,at AUT,DF,M'Gladbach,28-170,1992,17.9,30,1.67,21,2,2,1,3,1,3,0.17,1,0,0,0,2,0,0,Matches
Michael Langer,at AUT,GK,Schalke 04,36-038,1985,1.0,0,0.00,0,0,0,0,0,0,0,0.00,0,0,0,0,0,0,0,Matches
Danny Latza,de GER,MF,Mainz 05,31-068,1989,13.9,25,1.80,15,7,1,1,1,0,2,0.14,2,0,0,0,0,0,0,Matches
Valentino Lazaro,at AUT,"DF,FW",M'Gladbach,24-326,1996,4.2,9,2.14,6,2,0,0,1,0,0,0.00,0,0,0,0,0,0,0,Matches
Mathew Leckie,au AUS,"FW,MF",Hertha BSC,30-009,1991,2.2,7,3.18,6,0,0,0,1,0,1,0.45,1,0,0,0,0,0,0,Matches
Christopher Lenz,de GER,DF,Union Berlin,26-144,1994,17.5,32,1.82,28,1,1,1,0,1,5,0.28,4,0,0,0,0,1,0,Matches
Robert Lewandowski,pl POL,FW,Bayern Munich,32-176,1988,17.7,52,2.94,39,1,3,5,4,0,12,0.68,9,0,1,0,2,0,0,Matches
Philipp Lienhart,at AUT,DF,Freiburg,24-217,1996,20.0,8,0.40,6,1,0,0,1,0,0,0.00,0,0,0,0,0,0,0,Matches
Dimitris Limnios,gr GRE,"MF,FW",Köln,22-262,1998,3.7,5,1.35,5,0,0,0,0,0,0,0.00,0,0,0,0,0,0,0,Matches
Eduard Löwen,de GER,"MF,DF",Hertha BSC,24-016,1997,0.4,0,0.00,0,0,0,0,0,0,0,0.00,0,0,0,0,0,0,0,Matches
Jan Luca Schuler,de GER,FW,Schalke 04,21-328,1999,0.1,0,0.00,0,0,0,0,0,0,0,0.00,0,0,0,0,0,0,0,Matches
Anderson Lucoqui,ao ANG,DF,Arminia,23-222,1997,9.1,6,0.66,5,0,0,1,0,0,1,0.11,1,0,0,0,0,0,0,Matches
Kilian Ludewig,de GER,DF,Schalke 04,20-345,2000,5.8,9,1.56,9,0,0,0,0,0,0,0.00,0,0,0,0,0,0,0,Matches
Dodi Lukebakio,be BEL,"FW,MF",Hertha BSC,23-142,1997,15.3,33,2.16,27,1,4,1,0,0,4,0.26,4,0,0,0,0,0,0,Matches
Andreas Luthe,de GER,GK,Union Berlin,33-340,1987,19.8,2,0.10,1,1,0,0,0,0,0,0.00,0,0,0,0,0,0,0,Matches
Tim Maciejewski,de GER,MF,Union Berlin,19-345,2001,0.1,0,0.00,0,0,0,0,0,0,0,0.00,0,0,0,0,0,0,0,Matches
Arne Maier,de GER,MF,Arminia,22-036,1999,1.2,2,1.67,2,0,0,0,0,0,0,0.00,0,0,0,0,0,0,0,Matches
Arne Maier,de GER,MF,Hertha BSC,22-036,1999,0.3,2,6.00,2,0,0,0,0,0,0,0.00,0,0,0,0,0,0,0,Matches
Yunus Mallı,tr TUR,MF,Wolfsburg,28-355,1992,0.6,2,3.10,2,0,0,0,0,0,0,0.00,0,0,0,0,0,0,0,Matches
Orel Mangala,be BEL,MF,Stuttgart,22-332,1998,19.0,44,2.32,34,0,3,1,4,2,4,0.21,3,0,0,0,0,1,0,Matches
Omar Marmoush,eg EGY,FW,Wolfsburg,22-006,1999,0.0,0,0.00,0,0,0,0,0,0,0,0.00,0,0,0,0,0,0,0,Matches
Aarón Martín,es ESP,DF,Mainz 05,23-297,1997,2.9,5,1.72,3,2,0,0,0,0,0,0.00,0,0,0,0,0,0,0,Matches
Javi Martínez,es ESP,"MF,DF",Bayern Munich,32-164,1988,3.1,1,0.32,1,0,0,0,0,0,0,0.00,0,0,0,0,0,0,0,Matches
Omar Mascarell,es ESP,MF,Schalke 04,28-011,1993,13.3,10,0.75,8,2,0,0,0,0,1,0.07,0,1,0,0,0,0,0,Matches
Roberto Massimo,de GER,"DF,FW",Stuttgart,20-124,2000,3.8,12,3.12,5,0,3,2,2,0,2,0.52,0,0,0,1,1,0,0,Matches
Jean-Philippe Mateta,fr FRA,FW,Mainz 05,23-230,1997,11.1,25,2.26,18,1,5,0,1,0,4,0.36,3,0,0,0,1,0,0,Matches
Rabbi Matondo,wal WAL,"FW,MF",Schalke 04,20-157,2000,2.4,4,1.64,3,0,0,0,0,1,0,0.00,0,0,0,0,0,0,0,Matches
Konstantinos Mavropanos,gr GRE,DF,Stuttgart,23-064,1997,6.0,4,0.66,4,0,0,0,0,0,0,0.00,0,0,0,0,0,0,0,Matches
Eric Maxim Choupo-Moting,cm CMR,"FW,MF",Bayern Munich,31-327,1989,1.8,4,2.24,3,0,0,0,1,0,1,0.56,0,0,0,0,1,0,0,Matches
Kevin Mbabu,ch SUI,DF,Wolfsburg,25-300,1995,6.8,12,1.76,10,1,0,0,1,0,2,0.29,2,0,0,0,0,0,0,Matches
Jean-Manuel Mbom,de GER,"MF,DF",Werder Bremen,20-355,2000,11.5,15,1.31,7,2,1,0,4,1,2,0.17,1,0,0,0,1,0,0,Matches
Nathan de Medina,be BEL,DF,Arminia,23-128,1997,4.7,4,0.85,4,0,0,0,0,0,1,0.21,1,0,0,0,0,0,0,Matches
Joshua Mees,de GER,FW,Union Berlin,24-304,1996,0.1,0,0.00,0,0,0,0,0,0,0,0.00,0,0,0,0,0,0,0,Matches
Admir Mehmedi,ch SUI,"MF,FW",Wolfsburg,29-334,1991,6.5,27,4.17,21,1,1,1,2,1,2,0.31,2,0,0,0,0,0,0,Matches
Hamza Mendyl,ma MAR,FW,Schalke 04,23-115,1997,1.1,0,0.00,0,0,0,0,0,0,0,0.00,0,0,0,0,0,0,0,Matches
Jorge Meré,es ESP,DF,Köln,23-302,1997,6.6,2,0.30,2,0,0,0,0,0,0,0.00,0,0,0,0,0,0,0,Matches
Thomas Meunier,be BEL,DF,Dortmund,29-154,1991,12.9,20,1.55,15,1,0,2,1,1,1,0.08,0,0,0,1,0,0,0,Matches
Max Meyer,de GER,MF,Köln,25-148,1995,0.0,0,0.00,0,0,0,0,0,0,0,0.00,0,0,0,0,0,0,0,Matches
Maximilian Mittelstädt,de GER,"DF,MF",Hertha BSC,23-332,1997,11.9,28,2.36,24,2,1,0,0,1,2,0.17,2,0,0,0,0,0,0,Matches
Anthony Modeste,fr FRA,"FW,MF",Köln,32-305,1988,2.5,4,1.63,2,0,0,1,1,0,0,0.00,0,0,0,0,0,0,0,Matches
Kevin Möhwald,de GER,MF,Werder Bremen,27-225,1993,8.2,14,1.71,10,3,0,1,0,0,1,0.12,1,0,0,0,0,0,0,Matches
Niklas Moisander,fi FIN,DF,Werder Bremen,35-137,1985,5.1,2,0.39,2,0,0,0,0,0,1,0.20,1,0,0,0,0,0,0,Matches
Alkhaly Momo Cissé,gn GUI,DF,Stuttgart,18-119,2002,0.1,1,6.92,1,0,0,0,0,0,0,0.00,0,0,0,0,0,0,0,Matches
Mateu Morey,es ESP,DF,Dortmund,20-348,2000,5.0,9,1.80,9,0,0,0,0,0,0,0.00,0,0,0,0,0,0,0,Matches
Youssoufa Moukoko,de GER,"FW,MF",Dortmund,16-085,2004,3.7,12,3.26,4,0,1,4,2,1,1,0.27,1,0,0,0,0,0,0,Matches
Nordi Mukiele,fr FRA,DF,RB Leipzig,23-104,1997,12.2,19,1.55,16,1,0,0,2,0,3,0.25,2,0,0,0,1,0,0,Matches
Florian Müller,de GER,GK,Freiburg,23-092,1997,20.0,6,0.30,6,0,0,0,0,0,1,0.05,1,0,0,0,0,0,0,Matches
Sebastian Müller,de GER,"MF,DF",Arminia,20-021,2001,0.0,0,0.00,0,0,0,0,0,0,0,0.00,0,0,0,0,0,0,0,Matches
Thomas Müller,de GER,MF,Bayern Munich,31-153,1989,19.4,87,4.49,80,1,2,1,1,2,16,0.83,15,0,0,1,0,0,0,Matches
Petar Musa,hr CRO,FW,Union Berlin,22-346,1998,0.2,0,0.00,0,0,0,0,0,0,0,0.00,0,0,0,0,0,0,0,Matches
Jamal Musiala,eng ENG,"MF,FW",Bayern Munich,17-353,2003,4.6,17,3.73,11,0,2,1,2,1,2,0.44,2,0,0,0,0,0,0,Matches
Shkodran Mustafi,de GER,DF,Schalke 04,28-302,1992,1.0,0,0.00,0,0,0,0,0,0,0,0.00,0,0,0,0,0,0,0,Matches
Phillipp Mwene,at AUT,DF,Mainz 05,27-015,1994,6.5,6,0.92,4,1,0,0,1,0,0,0.00,0,0,0,0,0,0,0,Matches
Obite N'Dicka,fr FRA,DF,Eint Frankfurt,21-177,1999,11.0,8,0.73,7,1,0,0,0,0,2,0.18,1,1,0,0,0,0,0,Matches
Matija Nastasić,rs SRB,DF,Schalke 04,27-322,1993,13.6,3,0.22,3,0,0,0,0,0,0,0.00,0,0,0,0,0,0,0,Matches
Paul Nebel,de GER,MF,Mainz 05,18-126,2002,0.6,0,0.00,0,0,0,0,0,0,0,0.00,0,0,0,0,0,0,0,Matches
Luca Netz,de GER,DF,Hertha BSC,17-274,2003,2.2,5,2.31,4,0,0,0,0,1,0,0.00,0,0,0,0,0,0,0,Matches
Manuel Neuer,de GER,GK,Bayern Munich,34-323,1986,20.0,2,0.10,2,0,0,0,0,0,0,0.00,0,0,0,0,0,0,0,Matches
Florian Neuhaus,de GER,MF,M'Gladbach,23-334,1997,16.1,35,2.17,28,1,2,2,2,0,7,0.43,6,1,0,0,0,0,0,Matches
Jessic Ngankam,de GER,FW,Hertha BSC,20-208,2000,1.4,1,0.73,0,0,0,1,0,0,0,0.00,0,0,0,0,0,0,0,Matches
Moussa Niakhate,fr FRA,DF,Mainz 05,24-342,1996,17.8,11,0.62,8,0,1,0,1,1,0,0.00,0,0,0,0,0,0,0,Matches
Florian Niederlechner,de GER,FW,Augsburg,30-112,1990,12.9,19,1.48,14,0,3,0,1,1,4,0.31,4,0,0,0,0,0,0,Matches
Joakim Nilsson,se SWE,DF,Arminia,27-007,1994,9.0,2,0.22,2,0,0,0,0,0,0,0.00,0,0,0,0,0,0,0,Matches
Christopher Nkunku,fr FRA,"FW,MF",RB Leipzig,23-091,1997,11.4,72,6.29,31,22,5,5,8,1,8,0.70,3,1,2,1,1,0,0,Matches
Håvard Nordtveit,no NOR,DF,Hoffenheim,30-237,1990,6.8,6,0.88,4,0,0,2,0,0,0,0.00,0,0,0,0,0,0,0,Matches
Kasim Nuhu,gh GHA,DF,Hoffenheim,25-236,1995,8.0,3,0.38,3,0,0,0,0,0,0,0.00,0,0,0,0,0,0,0,Matches
Bastian Oczipka,de GER,DF,Schalke 04,32-032,1989,14.5,37,2.56,24,11,0,0,2,0,1,0.07,1,0,0,0,0,0,0,Matches
Dani Olmo,es ESP,"MF,FW",RB Leipzig,22-282,1998,16.3,73,4.47,55,0,4,10,3,1,14,0.86,9,0,1,2,1,1,0,Matches
Karim Onisiwo,at AUT,"FW,MF",Mainz 05,28-333,1992,11.1,21,1.90,15,0,1,1,3,1,2,0.18,0,0,1,0,1,0,0,Matches
Willi Orban,hu HUN,DF,RB Leipzig,28-102,1992,15.3,10,0.66,7,0,0,2,1,0,1,0.07,0,0,0,0,1,0,0,Matches
Stefan Ortega,de GER,GK,Arminia,28-099,1992,19.0,11,0.58,9,2,0,0,0,0,2,0.11,2,0,0,0,0,0,0,Matches
Yuya Osako,jp JPN,"FW,MF",Werder Bremen,30-271,1990,6.0,17,2.83,14,0,1,0,1,1,3,0.50,2,0,0,0,0,1,0,Matches
Paulo Otávio,br BRA,DF,Wolfsburg,26-082,1994,10.4,16,1.54,13,1,1,0,1,0,0,0.00,0,0,0,0,0,0,0,Matches
Reece Oxford,eng ENG,DF,Augsburg,22-059,1998,8.7,4,0.46,3,0,0,0,1,0,0,0.00,0,0,0,0,0,0,0,Matches
Salih Özcan,de GER,MF,Köln,23-033,1998,10.9,17,1.56,11,1,2,0,3,0,2,0.18,2,0,0,0,0,0,0,Matches
Levin Öztunalı,de GER,"DF,FW",Mainz 05,24-335,1996,7.6,18,2.38,14,2,1,0,1,0,2,0.26,2,0,0,0,0,0,0,Matches
Gonçalo Paciência,pt POR,FW,Schalke 04,26-196,1994,6.2,12,1.94,6,0,2,3,1,0,3,0.48,1,0,1,0,1,0,0,Matches
Exequiel Palacios,ar ARG,MF,Leverkusen,22-131,1998,1.0,1,1.03,1,0,0,0,0,0,0,0.00,0,0,0,0,0,0,0,Matches
Matondo-Merveille Papela,de GER,DF,Mainz 05,20-026,2001,0.0,0,0.00,0,0,0,0,0,0,0,0.00,0,0,0,0,0,0,0,Matches
Felix Passlack,de GER,DF,Dortmund,22-260,1998,3.8,6,1.56,6,0,0,0,0,0,0,0.00,0,0,0,0,0,0,0,Matches
Benjamin Pavard,fr FRA,DF,Bayern Munich,24-322,1996,13.4,15,1.12,13,1,0,0,1,0,1,0.07,1,0,0,0,0,0,0,Matches
Jiří Pavlenka,cz CZE,GK,Werder Bremen,28-305,1992,19.0,1,0.05,0,1,0,0,0,0,0,0.00,0,0,0,0,0,0,0,Matches
Mads Pedersen,dk DEN,DF,Augsburg,24-165,1996,4.4,12,2.71,5,5,0,0,2,0,1,0.23,0,0,0,0,1,0,0,Matches
Peter Pekarík,sk SVK,DF,Hertha BSC,34-106,1986,14.9,18,1.21,16,1,0,0,1,0,1,0.07,1,0,0,0,0,0,0,Matches
Philipp Pentke,de GER,GK,Hoffenheim,35-288,1985,1.0,0,0.00,0,0,0,0,0,0,0,0.00,0,0,0,0,0,0,0,Matches
Pavao Pervan,at AUT,GK,Wolfsburg,33-092,1987,1.0,0,0.00,0,0,0,0,0,0,0,0.00,0,0,0,0,0,0,0,Matches
Nils Petersen,de GER,FW,Freiburg,32-069,1988,10.1,19,1.89,14,0,0,4,0,1,1,0.10,0,0,0,1,0,0,0,Matches
Maximilian Philipp,de GER,MF,Wolfsburg,26-349,1994,6.3,13,2.05,9,0,2,1,1,0,2,0.32,2,0,0,0,0,0,0,Matches
Krzysztof Piątek,pl POL,FW,Hertha BSC,25-227,1995,11.3,11,0.97,10,0,0,0,0,1,3,0.27,3,0,0,0,0,0,0,Matches
Amos Pieper,de GER,DF,Arminia,23-027,1998,15.8,7,0.44,7,0,0,0,0,0,1,0.06,1,0,0,0,0,0,0,Matches
Łukasz Piszczek,pl POL,DF,Dortmund,35-255,1985,0.7,1,1.53,1,0,0,0,0,0,0,0.00,0,0,0,0,0,0,0,Matches
Marvin Plattenhardt,de GER,DF,Hertha BSC,29-018,1992,8.2,19,2.31,13,4,1,0,1,0,1,0.12,1,0,0,0,0,0,0,Matches
Alassane Pléa,fr FRA,FW,M'Gladbach,27-340,1993,10.1,30,2.98,22,0,3,2,3,0,5,0.50,4,0,0,1,0,0,0,Matches
Joel Pohjanpalo,fi FIN,MF,Leverkusen,26-153,1994,0.1,0,0.00,0,0,0,0,0,0,0,0.00,0,0,0,0,0,0,0,Matches
Joel Pohjanpalo,fi FIN,FW,Union Berlin,26-153,1994,3.1,5,1.61,4,0,0,0,1,0,1,0.32,1,0,0,0,0,0,0,Matches
Marin Pongračić,hr CRO,DF,Wolfsburg,23-155,1997,3.0,1,0.33,1,0,0,0,0,0,0,0.00,0,0,0,0,0,0,0,Matches
Stefan Posch,at AUT,DF,Hoffenheim,23-275,1997,14.9,17,1.14,16,0,0,1,0,0,1,0.07,1,0,0,0,0,0,0,Matches
Yussuf Poulsen,dk DEN,FW,RB Leipzig,26-243,1994,9.7,26,2.68,19,0,1,2,3,1,5,0.52,3,0,1,0,1,0,0,Matches
Manuel Prietl,at AUT,MF,Arminia,29-194,1991,13.0,8,0.62,6,0,0,0,0,2,2,0.15,2,0,0,0,0,0,0,Matches
Grischa Prömel,de GER,MF,Union Berlin,26-035,1995,11.9,26,2.19,16,0,1,2,4,3,2,0.17,0,0,0,1,1,0,0,Matches
Robin Quaison,se SWE,"FW,MF",Mainz 05,27-127,1993,13.0,28,2.15,18,0,4,2,2,2,4,0.31,2,0,0,2,0,0,0,Matches
Nemanja Radonjić,rs SRB,FW,Hertha BSC,24-364,1996,0.3,2,6.43,2,0,0,0,0,0,0,0.00,0,0,0,0,0,0,0,Matches
Benito Raman,be BEL,"FW,MF",Schalke 04,26-098,1994,10.2,24,2.35,19,0,2,2,1,0,0,0.00,0,0,0,0,0,0,0,Matches
Milot Rashica,xk KVX,"FW,MF",Werder Bremen,24-230,1996,4.2,8,1.89,5,0,2,1,0,0,1,0.24,1,0,0,0,0,0,0,Matches
Daishawn Redan,nl NED,"MF,FW",Hertha BSC,20-011,2001,0.8,1,1.29,1,0,0,0,0,0,0,0.00,0,0,0,0,0,0,0,Matches
Reinier,br BRA,"MF,FW",Dortmund,19-025,2002,1.1,2,1.89,1,0,0,0,1,0,0,0.00,0,0,0,0,0,0,0,Matches
Rocco Reitz,de GER,MF,M'Gladbach,18-260,2002,0.7,3,4.58,3,0,0,0,0,0,0,0.00,0,0,0,0,0,0,0,Matches
Marco Reus,de GER,"MF,FW",Dortmund,31-258,1989,14.4,51,3.55,31,6,4,5,3,2,7,0.49,4,1,0,1,0,1,0,Matches
Elvis Rexhbeçaj,de GER,"MF,FW",Köln,23-104,1997,13.4,32,2.39,13,10,1,3,4,1,4,0.30,2,0,0,1,0,1,0,Matches
Gio Reyna,us USA,"FW,MF",Dortmund,18-092,2002,14.0,50,3.57,32,4,5,2,7,0,9,0.64,5,1,1,1,1,0,0,Matches
Chris Richards,us USA,DF,Bayern Munich,20-322,2000,1.0,3,3.03,3,0,0,0,0,0,1,1.01,1,0,0,0,0,0,0,Matches
Chris Richards,us USA,DF,Hoffenheim,20-322,2000,1.0,1,1.00,1,0,0,0,0,0,0,0.00,0,0,0,0,0,0,0,Matches
Marco Richter,de GER,"FW,MF",Augsburg,23-081,1997,7.9,18,2.28,7,1,7,0,2,1,1,0.13,0,0,0,0,0,1,0,Matches
Marc Roca,es ESP,MF,Bayern Munich,24-079,1996,1.0,2,2.00,1,0,1,0,0,0,0,0.00,0,0,0,0,0,0,0,Matches
Sebastian Rode,de GER,MF,Eint Frankfurt,30-125,1990,9.9,28,2.83,23,1,1,0,3,0,3,0.30,2,0,0,0,1,0,0,Matches
Jérôme Roussillon,fr FRA,DF,Wolfsburg,28-038,1993,10.3,16,1.55,15,0,0,1,0,0,1,0.10,1,0,0,0,0,0,0,Matches
Sebastian Rudy,de GER,DF,Schalke 04,30-351,1990,2.0,4,2.00,1,3,0,0,0,0,0,0.00,0,0,0,0,0,0,0,Matches
Sebastian Rudy,de GER,"MF,DF",Hoffenheim,30-351,1990,11.8,28,2.38,23,4,1,0,0,0,2,0.17,2,0,0,0,0,0,0,Matches
Julian Ryerson,no NOR,"DF,MF",Union Berlin,23-088,1997,5.6,4,0.71,4,0,0,0,0,0,0,0.00,0,0,0,0,0,0,0,Matches
Frederik Rønnow,dk DEN,GK,Schalke 04,28-193,1992,6.5,0,0.00,0,0,0,0,0,0,0,0.00,0,0,0,0,0,0,0,Matches
João Victor Santos Sá,br BRA,"FW,MF",Wolfsburg,26-323,1994,2.9,11,3.81,7,0,1,2,0,1,1,0.35,1,0,0,0,0,0,0,Matches
Marcel Sabitzer,at AUT,MF,RB Leipzig,26-333,1994,13.1,35,2.67,32,0,0,3,0,0,3,0.23,2,0,0,1,0,0,0,Matches
Roland Sallai,hu HUN,"MF,FW",Freiburg,23-267,1997,10.6,20,1.88,15,1,0,2,2,0,5,0.47,3,0,0,1,1,0,0,Matches
Lazar Samardzic,de GER,"MF,FW",RB Leipzig,18-355,2002,2.0,4,2.02,3,0,1,0,0,0,1,0.51,1,0,0,0,0,0,0,Matches
Diadie Samassékou,ml MLI,MF,Hoffenheim,25-033,1996,16.6,21,1.26,15,1,1,2,0,2,3,0.18,2,0,0,1,0,0,0,Matches
Jadon Sancho,eng ENG,FW,Dortmund,20-325,2000,16.7,88,5.28,60,18,5,2,2,1,14,0.84,9,1,1,1,2,0,0,Matches
Leroy Sané,de GER,"FW,MF",Bayern Munich,25-033,1996,10.4,37,3.54,29,2,5,0,1,0,8,0.77,8,0,0,0,0,0,0,Matches
Salif Sané,sn SEN,DF,Schalke 04,30-172,1990,8.5,6,0.71,5,0,0,1,0,0,0,0.00,0,0,0,0,0,0,0,Matches
Baptiste Santamaria,fr FRA,MF,Freiburg,25-341,1995,15.1,25,1.66,19,0,1,2,2,1,3,0.20,2,0,0,1,0,0,0,Matches
Josh Sargent,us USA,FW,Werder Bremen,20-359,2000,16.2,38,2.34,24,0,4,4,5,1,4,0.25,1,0,0,1,1,1,0,Matches
Bouna Sarr,gn GUI,DF,Bayern Munich,29-013,1992,3.0,3,1.00,2,0,1,0,0,0,1,0.33,1,0,0,0,0,0,0,Matches
Patrik Schick,cz CZE,FW,Leverkusen,25-020,1996,10.5,26,2.48,19,0,3,3,1,0,3,0.29,3,0,0,0,0,0,0,Matches
Sven Schipplock,de GER,"FW,MF",Arminia,32-097,1988,6.8,14,2.06,11,0,1,0,2,0,1,0.15,1,0,0,0,0,0,0,Matches
Xaver Schlager,at AUT,MF,Wolfsburg,23-138,1997,16.9,30,1.78,25,0,0,3,1,1,3,0.18,2,0,0,1,0,0,0,Matches
Keven Schlotterbeck,de GER,DF,Freiburg,23-291,1997,12.4,5,0.40,5,0,0,0,0,0,0,0.00,0,0,0,0,0,0,0,Matches
Nico Schlotterbeck,de GER,DF,Union Berlin,21-074,1999,4.3,6,1.38,4,0,0,1,0,1,1,0.23,1,0,0,0,0,0,0,Matches
Jonathan Schmid,fr FRA,DF,Freiburg,30-232,1990,14.9,33,2.21,23,5,1,2,1,1,5,0.33,3,1,0,0,0,1,0,Matches
Romano Schmid,at AUT,FW,Werder Bremen,21-017,2000,5.3,12,2.27,9,0,1,1,1,0,3,0.57,2,0,0,0,1,0,0,Matches
Benno Schmitz,de GER,DF,Köln,26-088,1994,1.3,0,0.00,0,0,0,0,0,0,0,0.00,0,0,0,0,0,0,0,Matches
Alessandro Schöpf,at AUT,"FW,MF",Schalke 04,27-006,1994,7.9,10,1.26,7,0,1,1,1,0,0,0.00,0,0,0,0,0,0,0,Matches
Nico Schulz,de GER,DF,Dortmund,27-318,1993,1.6,2,1.25,2,0,0,0,0,0,1,0.62,1,0,0,0,0,0,0,Matches
Alexander Schwolow,de GER,GK,Hertha BSC,28-256,1992,18.0,1,0.06,0,1,0,0,0,0,0,0.00,0,0,0,0,0,0,0,Matches
Davie Selke,de GER,FW,Werder Bremen,26-024,1995,4.1,5,1.22,5,0,0,0,0,0,0,0.00,0,0,0,0,0,0,0,Matches
Suat Serdar,de GER,MF,Schalke 04,23-308,1997,11.5,20,1.73,16,0,0,1,2,1,2,0.17,2,0,0,0,0,0,0,Matches
Ryan Sessegnon,eng ENG,DF,Hoffenheim,20-271,2000,9.2,12,1.31,12,0,0,0,0,0,2,0.22,2,0,0,0,0,0,0,Matches
Nils Seufert,de GER,"MF,FW",Arminia,24-010,1997,3.3,5,1.51,3,1,0,0,1,0,1,0.30,1,0,0,0,0,0,0,Matches
André Silva,pt POR,FW,Eint Frankfurt,25-099,1995,18.1,41,2.27,26,0,4,4,6,1,8,0.44,3,0,0,1,4,0,0,Matches
Jóan Símun Edmundsson,fo FRO,"MF,FW",Arminia,29-202,1991,0.6,0,0.00,0,0,0,0,0,0,0,0.00,0,0,0,0,0,0,0,Matches
Daley Sinkgraven,nl NED,DF,Leverkusen,25-224,1995,14.7,28,1.91,22,4,0,0,1,1,3,0.20,2,0,0,0,1,0,0,Matches
Tobias Sippel,de GER,GK,M'Gladbach,32-328,1988,1.0,0,0.00,0,0,0,0,0,0,0,0.00,0,0,0,0,0,0,0,Matches
Ellyes Skhiri,tn TUN,MF,Köln,25-279,1995,18.2,19,1.04,15,1,0,3,0,0,2,0.11,1,0,0,1,0,0,0,Matches
Robert Skov,dk DEN,"DF,FW",Hoffenheim,24-269,1996,7.1,17,2.40,10,6,0,1,0,0,1,0.14,0,0,0,1,0,0,0,Matches
Steven Skrzybski,de GER,FW,Schalke 04,28-087,1992,4.1,7,1.71,3,1,0,2,1,0,1,0.24,0,0,0,1,0,0,0,Matches
Yann Sommer,ch SUI,GK,M'Gladbach,32-058,1988,19.0,0,0.00,0,0,0,0,0,0,0,0.00,0,0,0,0,0,0,0,Matches
Borna Sosa,hr CRO,DF,Stuttgart,23-023,1998,12.5,36,2.87,31,3,0,1,1,0,4,0.32,4,0,0,0,0,0,0,Matches
Cebio Soukou,bj BEN,"FW,MF",Arminia,28-134,1992,4.7,8,1.70,6,0,1,0,1,0,0,0.00,0,0,0,0,0,0,0,Matches
Djibril Sow,ch SUI,MF,Eint Frankfurt,24-007,1997,13.1,19,1.45,17,0,0,0,1,1,4,0.30,3,0,0,0,1,0,0,Matches
Jerry St. Juste,nl NED,DF,Mainz 05,24-117,1996,18.0,17,0.94,12,1,1,2,1,0,3,0.17,2,1,0,0,0,0,0,Matches
Benjamin Stambouli,fr FRA,"MF,DF",Schalke 04,30-184,1990,14.0,13,0.93,11,1,0,0,0,1,2,0.14,2,0,0,0,0,0,0,Matches
Niklas Stark,de GER,"MF,DF",Hertha BSC,25-305,1995,19.9,8,0.40,6,0,0,0,1,1,0,0.00,0,0,0,0,0,0,0,Matches
Renato Steffen,ch SUI,"FW,MF",Wolfsburg,29-102,1991,14.0,39,2.79,29,0,3,3,2,2,8,0.57,7,0,0,0,1,0,0,Matches
Pascal Stenzel,de GER,DF,Stuttgart,24-330,1996,11.4,8,0.70,7,1,0,0,0,0,0,0.00,0,0,0,0,0,0,0,Matches
Lars Stindl,de GER,"MF,FW",M'Gladbach,32-171,1988,14.1,43,3.06,29,6,0,5,2,1,10,0.71,6,0,0,3,0,1,0,Matches
Kevin Stöger,at AUT,"MF,FW",Mainz 05,27-170,1993,4.0,17,4.25,13,3,0,1,0,0,0,0.00,0,0,0,0,0,0,0,Matches
Tobias Strobl,de GER,MF,Augsburg,30-277,1990,13.9,19,1.37,18,1,0,0,0,0,0,0.00,0,0,0,0,0,0,0,Matches
Marek Suchý,cz CZE,DF,Augsburg,32-321,1988,1.9,0,0.00,0,0,0,0,0,0,0,0.00,0,0,0,0,0,0,0,Matches
Niklas Süle,de GER,DF,Bayern Munich,25-163,1995,9.9,12,1.21,10,0,0,2,0,0,4,0.40,4,0,0,0,0,0,0,Matches
Ádám Szalai,hu HUN,FW,Mainz 05,33-066,1987,1.7,2,1.15,2,0,0,0,0,0,0,0.00,0,0,0,0,0,0,0,Matches
Frederik Sørensen,dk DEN,DF,Köln,28-305,1992,1.1,1,0.91,1,0,0,0,0,0,0,0.00,0,0,0,0,0,0,0,Matches
Alexander Sørloth,no NOR,FW,RB Leipzig,25-070,1995,9.9,39,3.95,28,0,2,6,1,2,1,0.10,0,0,0,1,0,0,0,Matches
Jonathan Tah,de GER,DF,Leverkusen,25-002,1996,13.5,2,0.15,2,0,0,0,0,0,0,0.00,0,0,0,0,0,0,0,Matches
Edmond Tapsoba,bf BFA,DF,Leverkusen,22-011,1999,16.5,15,0.91,15,0,0,0,0,0,1,0.06,1,0,0,0,0,0,0,Matches
Niklas Tauer,de GER,"MF,DF",Mainz 05,19-362,2001,0.8,1,1.30,1,0,0,0,0,0,0,0.00,0,0,0,0,0,0,0,Matches
Lino Tempelmann,de GER,"MF,DF",Freiburg,22-011,1999,2.6,1,0.39,0,0,0,0,1,0,0,0.00,0,0,0,0,0,0,0,Matches
Cedric Teuchert,de GER,"FW,MF",Union Berlin,24-030,1997,6.6,14,2.11,9,1,1,2,1,0,2,0.30,1,1,0,0,0,0,0,Matches
Malick Thiaw,fi FIN,DF,Schalke 04,19-189,2001,6.4,5,0.79,5,0,0,0,0,0,0,0.00,0,0,0,0,0,0,0,Matches
Jan Thielmann,de GER,FW,Köln,18-263,2002,8.8,13,1.48,12,0,0,1,0,0,2,0.23,1,0,0,1,0,0,0,Matches
Erik Thommy,de GER,DF,Stuttgart,26-177,1994,0.6,4,6.92,3,1,0,0,0,0,2,3.46,2,0,0,0,0,0,0,Matches
Marcus Thuram,fr FRA,"FW,MF",M'Gladbach,23-191,1997,9.3,21,2.25,9,0,1,5,6,0,5,0.54,1,0,0,1,3,0,0,Matches
Steffen Tigges,de GER,"FW,DF",Dortmund,22-197,1998,0.2,1,4.09,0,0,0,0,0,1,0,0.00,0,0,0,0,0,0,0,Matches
Guus Til,nl NED,"FW,MF",Freiburg,23-053,1997,0.2,0,0.00,0,0,0,0,0,0,0,0.00,0,0,0,0,0,0,0,Matches
Corentin Tolisso,fr FRA,MF,Bayern Munich,26-194,1994,7.1,14,1.96,9,3,1,0,1,0,2,0.28,2,0,0,0,0,0,0,Matches
Ömer Toprak,tr TUR,DF,Werder Bremen,31-207,1989,11.6,6,0.52,4,0,0,0,2,0,0,0.00,0,0,0,0,0,0,0,Matches
Jordan Torunarigha,de GER,DF,Hertha BSC,23-190,1997,7.5,3,0.40,3,0,0,0,0,0,0,0.00,0,0,0,0,0,0,0,Matches
Almamy Touré,ml MLI,DF,Eint Frankfurt,24-291,1996,6.4,22,3.45,18,1,1,0,0,2,2,0.31,2,0,0,0,0,0,0,Matches
Lucas Tousart,fr FRA,MF,Hertha BSC,23-290,1997,13.8,19,1.38,14,0,0,4,1,0,3,0.22,3,0,0,0,0,0,0,Matches
Ibrahima Traoré,gn GUI,FW,M'Gladbach,32-298,1988,0.9,1,1.07,1,0,0,0,0,0,0,0.00,0,0,0,0,0,0,0,Matches
Kevin Trapp,de GER,GK,Eint Frankfurt,30-220,1990,20.0,1,0.05,1,0,0,0,0,0,0,0.00,0,0,0,0,0,0,0,Matches
Christopher Trimmel,at AUT,DF,Union Berlin,33-355,1987,16.1,41,2.55,23,18,0,0,0,0,6,0.37,3,3,0,0,0,0,0,Matches
Tuta,br BRA,DF,Eint Frankfurt,21-224,1999,6.3,5,0.79,4,1,0,0,0,0,1,0.16,0,1,0,0,0,0,0,Matches
Dayot Upamecano,fr FRA,DF,RB Leipzig,22-109,1998,17.8,12,0.68,11,0,0,1,0,0,1,0.06,0,0,0,1,0,0,0,Matches
Mark Uth,de GER,"FW,MF",Schalke 04,29-173,1991,14.4,40,2.79,17,11,2,4,3,3,4,0.28,2,0,0,0,1,1,0,Matches
Ruben Vargas,ch SUI,"MF,FW",Augsburg,22-192,1998,12.0,21,1.75,16,0,1,1,3,0,2,0.17,2,0,0,0,0,0,0,Matches
Miloš Veljković,rs SRB,DF,Werder Bremen,25-140,1995,10.5,3,0.29,3,0,0,0,0,0,0,0.00,0,0,0,0,0,0,0,Matches
Andreas Voglsammer,de GER,MF,Arminia,29-035,1992,0.6,0,0.00,0,0,0,0,0,0,0,0.00,0,0,0,0,0,0,0,Matches
Kevin Vogt,de GER,DF,Hoffenheim,29-143,1991,15.5,8,0.52,7,0,1,0,0,0,2,0.13,1,0,1,0,0,0,0,Matches
Silas Wamangituka,cd COD,"DF,FW",Stuttgart,21-130,1999,16.4,52,3.18,33,0,6,7,3,3,8,0.49,4,0,1,1,0,2,0,Matches
Wout Weghorst,nl NED,FW,Wolfsburg,28-190,1992,18.9,30,1.58,23,0,0,5,2,0,4,0.21,2,0,0,2,0,0,0,Matches
Mitchell Weiser,de GER,DF,Leverkusen,26-298,1994,2.5,2,0.80,1,0,0,1,0,0,1,0.40,0,0,0,1,0,0,0,Matches
Wendell,br BRA,DF,Leverkusen,27-208,1993,4.9,3,0.61,3,0,0,0,0,0,1,0.20,1,0,0,0,0,0,0,Matches
Oscar Wendt,se SWE,DF,M'Gladbach,35-112,1985,10.5,10,0.95,7,3,0,0,0,0,0,0.00,0,0,0,0,0,0,0,Matches
William,br BRA,FW,Wolfsburg,25-316,1995,0.0,0,0.00,0,0,0,0,0,0,0,0.00,0,0,0,0,0,0,0,Matches
William,br BRA,"DF,FW",Schalke 04,25-316,1995,1.2,0,0.00,0,0,0,0,0,0,0,0.00,0,0,0,0,0,0,0,Matches
Florian Wirtz,de GER,MF,Leverkusen,17-286,2003,15.7,56,3.58,45,0,6,2,2,1,8,0.51,7,0,1,0,0,0,0,Matches
Axel Witsel,be BEL,MF,Dortmund,32-032,1989,12.6,19,1.51,17,0,0,2,0,0,1,0.08,1,0,0,0,0,0,0,Matches
Hannes Wolf,at AUT,"FW,MF",M'Gladbach,21-303,1999,9.6,19,1.98,18,0,0,0,1,0,3,0.31,2,0,0,0,1,0,0,Matches
Marius Wolf,de GER,"DF,MF",Köln,25-262,1995,16.3,29,1.78,18,0,5,3,3,0,6,0.37,4,0,0,1,1,0,0,Matches
Nick Woltemade,de GER,"MF,FW",Werder Bremen,18-365,2002,1.6,5,3.06,3,0,0,1,1,0,1,0.61,1,0,0,0,0,0,0,Matches
Jeong Woo-yeong,kr KOR,"FW,MF",Freiburg,21-146,1999,5.7,16,2.82,14,0,0,2,0,0,1,0.18,1,0,0,0,0,0,0,Matches
Joscha Wosz,de GER,"DF,FW",RB Leipzig,18-208,2002,0.4,1,2.65,1,0,0,0,0,0,0,0.00,0,0,0,0,0,0,0,Matches
Reinhold Yabo,de GER,"MF,FW",Arminia,29-003,1992,7.2,7,0.97,5,0,0,0,2,0,0,0.00,0,0,0,0,0,0,0,Matches
Amin Younes,de GER,"FW,MF",Eint Frankfurt,27-191,1993,8.9,33,3.69,20,4,4,1,4,0,4,0.45,2,0,2,0,0,0,0,Matches
Dan-Axel Zagadou,fr FRA,DF,Dortmund,21-255,1999,1.9,0,0.00,0,0,0,0,0,0,0,0.00,0,0,0,0,0,0,0,Matches
Denis Zakaria,ch SUI,"MF,DF",M'Gladbach,24-085,1996,7.5,5,0.67,4,0,0,1,0,0,0,0.00,0,0,0,0,0,0,0,Matches
Deyovaisio Zeefuik,nl NED,"DF,MF",Hertha BSC,22-339,1998,3.9,8,2.05,7,0,1,0,0,0,0,0.00,0,0,0,0,0,0,0,Matches
Robin Zentner,de GER,GK,Mainz 05,26-108,1994,19.0,2,0.11,0,1,0,1,0,0,0,0.00,0,0,0,0,0,0,0,Matches
Ron-Robert Zieler,de GER,GK,Köln,32-001,1989,0.6,0,0.00,0,0,0,0,0,0,0,0.00,0,0,0,0,0,0,0,Matches
Joshua Zirkzee,nl NED,FW,Bayern Munich,19-267,2001,1.0,2,1.96,2,0,0,0,0,0,0,0.00,0,0,0,0,0,0,0,Matches
Steven Zuber,ch SUI,DF,Eint Frankfurt,29-180,1991,5.1,15,2.95,14,0,0,0,0,1,2,0.39,2,0,0,0,0,0,0,Matches
