,Unnamed: 0,player,nationality,position,squad,age,birth_year,games,games_starts,minutes,minutes_90s,goals,assists,goals_pens,pens_made,pens_att,cards_yellow,cards_red,goals_per90,assists_per90,goals_assists_per90,goals_pens_per90,goals_assists_pens_per90,xg,npxg,xa,npxg_xa,xg_per90,xa_per90,xg_xa_per90,npxg_per90,npxg_xa_per90,matches
0,0,Ismael Aaneba,fr FRA,"FW,DF",Strasbourg,21-260,1999,2,0,11,0.1,0,0,0,0,0,0,0,0.0,0.0,0.0,0.0,0.0,0.0,0.0,0.0,0.0,0.0,0.0,0.0,0.0,0.0,Matches
1,1,Yunis Abdelhamid,ma MAR,DF,Reims,33-138,1987,23,23,2070,23.0,2,0,2,0,0,2,0,0.09,0.0,0.09,0.09,0.09,1.3,1.3,0.2,1.4,0.05,0.01,0.06,0.05,0.06,Matches
2,2,Mehdi Abeid,dz ALG,MF,Nantes,28-191,1992,18,15,1320,14.7,0,0,0,0,0,5,0,0.0,0.0,0.0,0.0,0.0,1.0,1.0,0.8,1.7,0.07,0.05,0.12,0.07,0.12,Matches
3,3,Laurent Abergel,fr FRA,MF,Lorient,28-012,1993,23,18,1698,18.9,2,1,2,0,0,3,0,0.11,0.05,0.16,0.11,0.16,0.4,0.4,0.8,1.2,0.02,0.04,0.06,0.02,0.06,Matches
4,4,Charles Abi,fr FRA,FW,Saint-Étienne,20-307,2000,11,5,418,4.6,2,0,2,0,0,0,0,0.43,0.0,0.43,0.43,0.43,1.1,1.1,0.1,1.1,0.23,0.01,0.24,0.23,0.24,Matches
5,5,Pape Abou Cisse,sn SEN,DF,Saint-Étienne,25-152,1995,2,2,180,2.0,0,0,0,0,0,1,0,0.0,0.0,0.0,0.0,0.0,0.2,0.2,0.0,0.2,0.11,0.0,0.11,0.11,0.11,Matches
6,6,Yacine Adli,fr FRA,MF,Bordeaux,20-199,2000,22,12,1277,14.2,1,4,1,0,0,3,0,0.07,0.28,0.35,0.07,0.35,0.5,0.5,2.9,3.4,0.03,0.21,0.24,0.03,0.24,Matches
7,7,Nayef Aguerd,ma MAR,DF,Rennes,24-320,1996,21,21,1890,21.0,3,1,3,0,0,1,0,0.14,0.05,0.19,0.14,0.19,2.1,2.1,0.9,3.0,0.1,0.04,0.15,0.1,0.15,Matches
8,8,Ruben Aguilar,fr FRA,DF,Monaco,27-293,1993,22,19,1634,18.2,1,2,1,0,0,6,0,0.06,0.11,0.17,0.06,0.17,0.4,0.4,3.4,3.8,0.02,0.18,0.21,0.02,0.21,Matches
9,9,Matteo Ahlinvi,bj BEN,MF,Nîmes,21-226,1999,13,9,777,8.6,2,0,2,0,0,0,0,0.23,0.0,0.23,0.23,0.23,1.4,1.4,0.1,1.5,0.16,0.01,0.18,0.16,0.18,Matches
10,10,Jean-Eudes Aholou,ci CIV,MF,Strasbourg,26-330,1994,15,14,1184,13.2,2,1,2,0,0,6,0,0.15,0.08,0.23,0.15,0.23,1.5,1.2,0.5,1.7,0.12,0.04,0.16,0.09,0.13,Matches
11,11,Jean-Eudes Aholou,ci CIV,MF,Monaco,26-330,1994,2,0,36,0.4,0,0,0,0,0,0,0,0.0,0.0,0.0,0.0,0.0,0.1,0.1,0.0,0.1,0.26,0.0,0.26,0.26,0.26,Matches
12,12,Rayan Aït Nouri,fr FRA,DF,Angers,19-252,2001,3,2,187,2.1,0,1,0,0,0,0,0,0.0,0.48,0.48,0.0,0.48,0.1,0.1,0.4,0.4,0.04,0.17,0.21,0.04,0.21,Matches
13,13,Ludovic Ajorque,re REU,FW,Strasbourg,26-354,1994,22,21,1859,20.7,10,4,7,3,4,4,0,0.48,0.19,0.68,0.34,0.53,11.8,8.7,3.0,11.8,0.57,0.15,0.72,0.42,0.57,Matches
14,14,Marley Aké,fr FRA,FW,Marseille,20-039,2001,9,0,146,1.6,0,0,0,0,0,0,0,0.0,0.0,0.0,0.0,0.0,1.1,1.1,0.0,1.1,0.67,0.0,0.67,0.67,0.67,Matches
15,15,Sofiane Alakouch,fr FRA,DF,Nîmes,22-199,1998,12,8,733,8.1,0,2,0,0,0,2,0,0.0,0.25,0.25,0.0,0.25,0.0,0.0,1.1,1.1,0.0,0.14,0.14,0.0,0.14,Matches
16,16,Mohamed Ali Cho,fr FRA,"FW,MF",Angers,17-025,2004,12,0,184,2.0,0,0,0,0,0,1,0,0.0,0.0,0.0,0.0,0.0,0.4,0.4,0.1,0.5,0.21,0.03,0.23,0.21,0.23,Matches
17,17,Rachid Alioui,ma MAR,FW,Angers,28-240,1992,1,0,15,0.2,0,0,0,0,0,0,0,0.0,0.0,0.0,0.0,0.0,0.0,0.0,0.0,0.0,0.0,0.0,0.0,0.0,0.0,Matches
18,18,Saturnin Allagbé,bj BEN,GK,Dijon,27-083,1993,4,4,360,4.0,0,0,0,0,0,2,0,0.0,0.0,0.0,0.0,0.0,0.0,0.0,0.0,0.0,0.0,0.0,0.0,0.0,0.0,Matches
19,19,Ibrahim Amadou,fr FRA,MF,Angers,27-313,1993,14,11,874,9.7,0,0,0,0,0,4,0,0.0,0.0,0.0,0.0,0.0,1.3,1.3,0.2,1.5,0.14,0.02,0.16,0.14,0.16,Matches
20,20,Romain Amalfitano,fr FRA,"FW,DF",Dijon,31-170,1989,2,1,116,1.3,0,0,0,0,0,0,0,0.0,0.0,0.0,0.0,0.0,0.0,0.0,0.0,0.1,0.03,0.02,0.04,0.03,0.04,Matches
21,21,Jordan Amavi,fr FRA,DF,Marseille,26-341,1994,9,9,738,8.2,1,0,1,0,0,3,1,0.12,0.0,0.12,0.12,0.12,0.2,0.2,0.3,0.5,0.03,0.03,0.06,0.03,0.06,Matches
22,22,Thierry Ambrose,fr FRA,FW,Metz,23-322,1997,15,4,490,5.4,0,0,0,0,0,1,0,0.0,0.0,0.0,0.0,0.0,0.4,0.4,0.5,0.9,0.08,0.09,0.17,0.08,0.17,Matches
23,23,Joachim Andersen,dk DEN,DF,Lyon,24-258,1996,3,2,192,2.1,0,0,0,0,0,1,0,0.0,0.0,0.0,0.0,0.0,0.3,0.3,0.0,0.3,0.14,0.0,0.14,0.14,0.14,Matches
24,24,Benjamin André,fr FRA,MF,Lille,30-194,1990,22,22,1832,20.4,0,0,0,0,0,5,0,0.0,0.0,0.0,0.0,0.0,0.6,0.6,0.9,1.6,0.03,0.05,0.08,0.03,0.08,Matches
25,25,Victorien Angban,ci CIV,MF,Metz,24-137,1996,21,19,1472,16.4,0,1,0,0,0,4,0,0.0,0.06,0.06,0.0,0.06,0.3,0.3,0.5,0.7,0.02,0.03,0.05,0.02,0.05,Matches
26,26,Houssem Aouar,fr FRA,MF,Lyon,22-228,1998,19,16,1261,14.0,3,3,1,2,2,2,1,0.21,0.21,0.43,0.07,0.29,7.1,5.5,2.8,8.3,0.5,0.2,0.7,0.4,0.6,Matches
27,27,Adil Aouchiche,fr FRA,"MF,FW",Saint-Étienne,18-213,2002,21,14,1117,12.4,2,3,2,0,0,1,0,0.16,0.24,0.4,0.16,0.4,2.5,2.5,3.3,5.9,0.21,0.27,0.47,0.21,0.47,Matches
28,28,Dennis Appiah,fr FRA,DF,Nantes,28-249,1992,13,9,878,9.8,0,2,0,0,0,2,0,0.0,0.21,0.21,0.0,0.21,0.1,0.1,0.9,0.9,0.01,0.09,0.1,0.01,0.1,Matches
29,29,Luiz Araújo,br BRA,MF,Lille,24-256,1996,16,11,961,10.7,3,2,3,0,0,3,0,0.28,0.19,0.47,0.28,0.47,2.7,2.7,1.9,4.5,0.25,0.17,0.43,0.25,0.43,Matches
30,30,Karim Aribi,dz ALG,FW,Nîmes,26-234,1994,9,2,241,2.7,0,0,0,0,0,0,0,0.0,0.0,0.0,0.0,0.0,1.0,1.0,0.2,1.2,0.37,0.09,0.46,0.37,0.46,Matches
31,31,Roger Assalé,ci CIV,"FW,MF",Dijon,27-092,1993,10,6,437,4.9,0,1,0,0,0,0,1,0.0,0.21,0.21,0.0,0.21,0.2,0.2,0.6,0.7,0.03,0.12,0.15,0.03,0.15,Matches
32,32,Youcef Attal,dz ALG,DF,Nice,24-272,1996,10,7,489,5.4,1,0,1,0,0,0,0,0.18,0.0,0.18,0.18,0.18,0.2,0.2,0.0,0.3,0.05,0.01,0.05,0.05,0.05,Matches
33,33,Jean-Kévin Augustin,fr FRA,FW,Nantes,23-242,1997,3,0,36,0.4,0,0,0,0,0,0,0,0.0,0.0,0.0,0.0,0.0,0.0,0.0,0.0,0.0,0.0,0.0,0.0,0.0,0.0,Matches
34,34,Ludovic Baal,gf GUF,DF,Brest,34-265,1986,5,3,287,3.2,0,0,0,0,0,0,0,0.0,0.0,0.0,0.0,0.0,0.0,0.0,0.5,0.5,0.0,0.15,0.15,0.0,0.15,Matches
35,35,Loïc Bade,fr FRA,DF,Lens,20-308,2000,19,17,1530,17.0,0,0,0,0,0,6,1,0.0,0.0,0.0,0.0,0.0,0.4,0.4,0.0,0.5,0.03,0.0,0.03,0.03,0.03,Matches
36,36,Stéphane Bahoken,cm CMR,FW,Angers,28-261,1992,18,12,1010,11.2,5,1,5,0,1,4,0,0.45,0.09,0.53,0.45,0.53,5.6,4.8,1.0,5.8,0.5,0.09,0.58,0.43,0.52,Matches
37,37,Mitchel Bakker,nl NED,DF,Paris S-G,20-238,2000,20,15,1356,15.1,0,2,0,0,0,1,0,0.0,0.13,0.13,0.0,0.13,0.1,0.1,1.5,1.6,0.0,0.1,0.1,0.0,0.1,Matches
38,38,Dilane Bakwa,fr FRA,"FW,MF",Bordeaux,18-171,2002,7,0,56,0.6,0,0,0,0,0,0,0,0.0,0.0,0.0,0.0,0.0,0.1,0.1,0.0,0.1,0.16,0.06,0.22,0.16,0.22,Matches
39,39,Leonardo Balerdi,ar ARG,"DF,MF",Marseille,22-018,1999,8,7,589,6.5,1,0,1,0,0,4,0,0.15,0.0,0.15,0.15,0.15,1.0,1.0,0.0,1.0,0.16,0.0,0.16,0.16,0.16,Matches
40,40,Fodé Ballo-Touré,fr FRA,DF,Monaco,24-041,1997,14,6,568,6.3,0,3,0,0,0,2,0,0.0,0.48,0.48,0.0,0.48,0.0,0.0,0.7,0.7,0.0,0.1,0.1,0.0,0.1,Matches
41,41,Abdoulaye Bamba,ci CIV,DF,Angers,30-294,1990,11,11,931,10.3,0,0,0,0,0,2,0,0.0,0.0,0.0,0.0,0.0,0.0,0.0,0.5,0.6,0.0,0.05,0.06,0.0,0.06,Matches
42,42,Jonathan Bamba,fr FRA,MF,Lille,24-324,1996,24,23,2035,22.6,6,8,6,0,0,0,0,0.27,0.35,0.62,0.27,0.62,3.5,3.5,3.7,7.2,0.15,0.16,0.32,0.15,0.32,Matches
43,43,Robson Bambu,br BRA,DF,Nice,23-093,1997,12,10,863,9.6,0,0,0,0,0,3,1,0.0,0.0,0.0,0.0,0.0,0.1,0.1,0.1,0.1,0.01,0.01,0.01,0.01,0.01,Matches
44,44,Simon Banza,fr FRA,FW,Lens,24-184,1996,22,8,937,10.4,3,2,3,0,0,3,0,0.29,0.19,0.48,0.29,0.48,3.5,3.5,0.8,4.3,0.34,0.08,0.41,0.34,0.41,Matches
45,45,Danilo Barbosa,br BRA,DF,Nice,24-351,1996,4,3,250,2.8,0,0,0,0,0,2,0,0.0,0.0,0.0,0.0,0.0,0.2,0.2,0.0,0.3,0.09,0.01,0.1,0.09,0.1,Matches
46,46,Melvin Bard,fr FRA,DF,Lyon,20-099,2000,10,3,309,3.4,0,0,0,0,0,0,1,0.0,0.0,0.0,0.0,0.0,0.1,0.1,0.1,0.2,0.02,0.04,0.06,0.02,0.06,Matches
47,47,Toma Bašić,hr CRO,MF,Bordeaux,24-080,1996,24,24,1919,21.3,4,0,4,0,0,5,0,0.19,0.0,0.19,0.19,0.19,2.5,2.5,1.1,3.7,0.12,0.05,0.17,0.12,0.17,Matches
48,48,Cristian Battocchio,it ITA,"MF,FW",Brest,29-003,1992,15,2,355,3.9,0,0,0,0,0,0,0,0.0,0.0,0.0,0.0,0.0,0.5,0.5,0.2,0.7,0.14,0.05,0.19,0.14,0.19,Matches
49,49,Paul Baysse,fr FRA,DF,Bordeaux,32-271,1988,21,20,1772,19.7,1,1,1,0,0,4,1,0.05,0.05,0.1,0.05,0.1,0.6,0.6,0.2,0.7,0.03,0.01,0.04,0.03,0.04,Matches
50,50,Haris Belkebla,dz ALG,MF,Brest,27-016,1994,23,23,1864,20.7,0,0,0,0,0,3,0,0.0,0.0,0.0,0.0,0.0,0.5,0.5,0.6,1.1,0.02,0.03,0.05,0.02,0.05,Matches
51,51,Jean-Ricner Bellegarde,fr FRA,"MF,FW",Strasbourg,22-231,1998,22,18,1385,15.4,0,0,0,0,0,2,0,0.0,0.0,0.0,0.0,0.0,1.6,1.6,1.0,2.6,0.1,0.07,0.17,0.1,0.17,Matches
52,52,Hatem Ben Arfa,fr FRA,"MF,FW",Bordeaux,33-343,1987,15,15,1240,13.8,2,4,2,0,0,2,0,0.15,0.29,0.44,0.15,0.44,2.1,2.1,3.1,5.1,0.15,0.22,0.37,0.15,0.37,Matches
53,53,Salim Ben Seghir,fr FRA,DF,Nice,17-355,2003,1,0,7,0.1,0,0,0,0,0,0,0,0.0,0.0,0.0,0.0,0.0,0.0,0.0,0.0,0.0,0.0,0.0,0.0,0.0,0.0,Matches
54,54,Wissam Ben Yedder,fr FRA,FW,Monaco,30-185,1990,23,22,1658,18.4,11,4,5,6,6,2,0,0.6,0.22,0.81,0.27,0.49,11.2,6.6,3.0,9.6,0.61,0.16,0.77,0.36,0.52,Matches
55,55,Samy Benchama,fr FRA,MF,Montpellier,20-233,2000,1,0,3,0.0,0,0,0,0,0,0,0,0.0,0.0,0.0,0.0,0.0,0.0,0.0,0.0,0.0,0.0,0.0,0.0,0.0,0.0,Matches
56,56,Darío Benedetto,ar ARG,FW,Marseille,30-272,1990,21,17,1369,15.2,4,3,3,1,1,3,1,0.26,0.2,0.46,0.2,0.39,7.2,6.4,2.0,8.4,0.47,0.13,0.6,0.42,0.55,Matches
57,57,Walter Benítez,ar ARG,GK,Nice,27-331,1993,23,23,2070,23.0,0,0,0,0,0,1,0,0.0,0.0,0.0,0.0,0.0,0.0,0.0,0.0,0.0,0.0,0.0,0.0,0.0,0.0,Matches
58,58,Loris Benito,ch SUI,DF,Bordeaux,29-037,1992,20,19,1684,18.7,0,0,0,0,0,4,0,0.0,0.0,0.0,0.0,0.0,0.2,0.2,0.7,0.9,0.01,0.04,0.05,0.01,0.05,Matches
59,59,Bilal Benkhedim,fr FRA,FW,Saint-Étienne,19-299,2001,3,1,73,0.8,0,0,0,0,0,0,0,0.0,0.0,0.0,0.0,0.0,0.0,0.0,0.2,0.2,0.0,0.26,0.26,0.0,0.26,Matches
60,60,Djamel Benlamri,dz ALG,DF,Lyon,31-050,1989,4,0,72,0.8,0,0,0,0,0,0,0,0.0,0.0,0.0,0.0,0.0,0.0,0.0,0.0,0.0,0.0,0.0,0.0,0.0,0.0,Matches
61,61,Yassine Benrahou,fr FRA,MF,Nîmes,22-020,1999,13,7,554,6.2,0,0,0,0,0,2,0,0.0,0.0,0.0,0.0,0.0,0.6,0.6,1.3,1.8,0.09,0.21,0.3,0.09,0.3,Matches
62,62,Valon Berisha,xk KVX,MF,Reims,28-006,1993,19,14,1363,15.1,0,2,0,0,0,2,0,0.0,0.13,0.13,0.0,0.13,0.8,0.8,1.4,2.2,0.05,0.1,0.15,0.05,0.15,Matches
63,63,Paul Bernardoni,fr FRA,GK,Angers,23-301,1997,24,24,2160,24.0,0,0,0,0,0,1,0,0.0,0.0,0.0,0.0,0.0,0.0,0.0,0.0,0.0,0.0,0.0,0.0,0.0,0.0,Matches
64,64,Juan Bernat,es ESP,DF,Paris S-G,27-349,1993,3,2,194,2.2,0,0,0,0,0,2,0,0.0,0.0,0.0,0.0,0.0,0.0,0.0,0.3,0.3,0.0,0.13,0.13,0.0,0.13,Matches
65,65,Dimitry Bertaud,fr FRA,GK,Montpellier,22-252,1998,6,4,475,5.3,0,0,0,0,0,0,0,0.0,0.0,0.0,0.0,0.0,0.0,0.0,0.0,0.0,0.0,0.0,0.0,0.0,0.0,Matches
66,66,Giulian Biancone,fr FRA,"DF,MF",Monaco,20-319,2000,2,1,92,1.0,0,0,0,0,0,1,0,0.0,0.0,0.0,0.0,0.0,0.0,0.0,0.2,0.2,0.04,0.19,0.23,0.04,0.23,Matches
67,67,El Bilal Touré,ml MLI,"FW,MF",Reims,19-133,2001,22,8,833,9.3,2,1,2,0,0,3,0,0.22,0.11,0.32,0.22,0.32,1.4,1.4,0.6,1.9,0.15,0.06,0.21,0.15,0.21,Matches
68,68,Ludovic Blas,fr FRA,"MF,FW",Nantes,23-044,1997,22,18,1577,17.5,5,0,5,0,0,3,0,0.29,0.0,0.29,0.29,0.29,3.3,3.3,0.8,4.2,0.19,0.05,0.24,0.19,0.24,Matches
69,69,Antonin Bobichon,fr FRA,"FW,MF",Angers,25-152,1995,13,5,446,5.0,0,1,0,0,0,0,0,0.0,0.2,0.2,0.0,0.2,0.5,0.5,1.2,1.7,0.1,0.24,0.34,0.1,0.34,Matches
70,70,Sacha Boey,fr FRA,DF,Rennes,20-153,2000,2,2,124,1.4,0,0,0,0,0,0,1,0.0,0.0,0.0,0.0,0.0,0.1,0.1,0.1,0.2,0.09,0.06,0.14,0.09,0.14,Matches
71,71,Sacha Boey,fr FRA,DF,Dijon,20-153,2000,17,14,1257,14.0,0,1,0,0,0,1,0,0.0,0.07,0.07,0.0,0.07,0.1,0.1,0.9,1.0,0.01,0.06,0.07,0.01,0.07,Matches
72,72,Quentin Boisgard,fr FRA,"FW,MF",Lorient,23-333,1997,17,14,1060,11.8,2,2,2,0,0,3,0,0.17,0.17,0.34,0.17,0.34,1.7,1.7,1.4,3.1,0.14,0.12,0.26,0.14,0.26,Matches
73,73,Sven Botman,nl NED,DF,Lille,21-032,2000,24,24,2160,24.0,0,0,0,0,0,2,0,0.0,0.0,0.0,0.0,0.0,0.5,0.5,0.3,0.8,0.02,0.01,0.03,0.02,0.03,Matches
74,74,Denis Bouanga,ga GAB,"FW,MF",Saint-Étienne,26-094,1994,23,19,1709,19.0,3,3,1,2,3,4,0,0.16,0.16,0.32,0.05,0.21,7.7,5.4,1.4,6.8,0.41,0.07,0.48,0.29,0.36,Matches
75,75,Hicham Boudaoui,dz ALG,"MF,FW",Nice,21-143,1999,14,12,947,10.5,1,1,1,0,0,7,0,0.1,0.1,0.19,0.1,0.19,1.6,1.6,0.5,2.1,0.15,0.05,0.2,0.15,0.2,Matches
76,76,Ryad Boudebouz,dz ALG,"MF,FW",Saint-Étienne,30-360,1990,10,6,542,6.0,0,1,0,0,2,2,0,0.0,0.17,0.17,0.0,0.17,2.1,0.6,1.8,2.5,0.36,0.31,0.66,0.1,0.41,Matches
77,77,Sofiane Boufal,ma MAR,"FW,MF",Angers,27-149,1993,8,5,380,4.2,1,0,1,0,0,2,0,0.24,0.0,0.24,0.24,0.24,1.0,1.0,0.3,1.3,0.23,0.08,0.31,0.23,0.31,Matches
78,78,Farid Boulaya,dz ALG,"MF,FW",Metz,27-354,1993,20,20,1764,19.6,5,4,5,0,1,4,0,0.26,0.2,0.46,0.26,0.46,3.9,3.1,4.2,7.3,0.2,0.21,0.41,0.16,0.37,Matches
79,79,Ismaëlben Boura,fr FRA,DF,Lens,20-183,2000,13,7,613,6.8,0,0,0,0,0,1,0,0.0,0.0,0.0,0.0,0.0,0.2,0.2,0.3,0.5,0.03,0.04,0.07,0.03,0.07,Matches
80,80,Benjamin Bourigeaud,fr FRA,MF,Rennes,27-030,1994,22,17,1531,17.0,4,3,4,0,0,6,0,0.24,0.18,0.41,0.24,0.41,4.1,4.1,2.6,6.7,0.24,0.16,0.39,0.24,0.39,Matches
81,81,John Boye,gh GHA,DF,Metz,33-296,1987,22,22,1930,21.4,1,1,1,0,0,3,1,0.05,0.05,0.09,0.05,0.09,1.7,1.7,0.1,1.8,0.08,0.0,0.08,0.08,0.08,Matches
82,82,Umut Bozok,tr TUR,"FW,MF",Lorient,24-147,1996,5,0,61,0.7,0,0,0,0,0,0,0,0.0,0.0,0.0,0.0,0.0,0.0,0.0,0.0,0.0,0.0,0.0,0.0,0.0,0.0,Matches
83,83,Domagoj Bradarić,hr CRO,DF,Lille,21-065,1999,18,13,1193,13.3,0,1,0,0,0,4,0,0.0,0.08,0.08,0.0,0.08,0.1,0.1,1.1,1.2,0.01,0.08,0.09,0.01,0.09,Matches
84,84,Lilian Brassier,fr FRA,DF,Brest,21-103,1999,2,2,180,2.0,0,0,0,0,0,1,0,0.0,0.0,0.0,0.0,0.0,0.0,0.0,0.0,0.0,0.0,0.0,0.0,0.0,0.0,Matches
85,85,Anthony Briançon,fr FRA,DF,Nîmes,26-077,1994,13,12,1082,12.0,0,0,0,0,0,3,0,0.0,0.0,0.0,0.0,0.0,0.2,0.2,0.1,0.3,0.01,0.01,0.02,0.01,0.02,Matches
86,86,Jimmy Briand,fr FRA,FW,Bordeaux,35-195,1985,18,1,491,5.5,1,2,0,1,1,2,0,0.18,0.37,0.55,0.0,0.37,1.6,0.8,0.1,1.0,0.29,0.02,0.32,0.15,0.18,Matches
87,87,Dylan Bronn,tn TUN,DF,Metz,25-239,1995,24,24,2160,24.0,1,0,0,1,2,2,0,0.04,0.0,0.04,0.0,0.0,1.9,0.4,0.3,0.7,0.08,0.01,0.09,0.02,0.03,Matches
88,88,Lucas Buadés,fr FRA,FW,Nîmes,23-047,1997,1,0,1,0.0,0,0,0,0,0,0,0,0.0,0.0,0.0,0.0,0.0,0.0,0.0,0.0,0.0,0.0,0.0,0.0,0.0,0.0,Matches
89,89,Patrick Burner,fr FRA,DF,Nice,24-308,1996,1,0,1,0.0,0,0,0,0,0,0,0,0.0,0.0,0.0,0.0,0.0,0.0,0.0,0.0,0.0,0.0,0.0,0.0,0.0,0.0,Matches
90,90,Patrick Burner,fr FRA,DF,Nîmes,24-308,1996,11,10,921,10.2,0,0,0,0,0,0,0,0.0,0.0,0.0,0.0,0.0,0.4,0.4,0.3,0.7,0.04,0.03,0.07,0.04,0.07,Matches
91,91,Marcin Bułka,pl POL,GK,Paris S-G,21-132,1999,1,1,90,1.0,0,0,0,0,0,0,0,0.0,0.0,0.0,0.0,0.0,0.0,0.0,0.0,0.0,0.0,0.0,0.0,0.0,0.0,Matches
92,92,Jimmy Cabot,fr FRA,FW,Angers,26-301,1994,16,7,722,8.0,1,1,1,0,0,1,0,0.12,0.12,0.25,0.12,0.25,1.1,1.1,1.1,2.3,0.14,0.14,0.28,0.14,0.28,Matches
93,93,Anthony Caci,fr FRA,DF,Strasbourg,23-227,1997,19,18,1571,17.5,0,2,0,0,0,0,0,0.0,0.11,0.11,0.0,0.11,0.1,0.1,1.0,1.0,0.0,0.06,0.06,0.0,0.06,Matches
94,94,Mathieu Cafaro,fr FRA,"MF,FW",Reims,23-325,1997,21,18,1388,15.4,3,2,3,0,0,2,0,0.19,0.13,0.32,0.19,0.32,2.7,2.7,1.3,4.0,0.18,0.09,0.26,0.18,0.26,Matches
95,95,Yannick Cahuzac,fr FRA,MF,Lens,36-026,1985,19,16,1378,15.3,0,0,0,0,0,8,0,0.0,0.0,0.0,0.0,0.0,0.2,0.2,0.3,0.5,0.01,0.02,0.03,0.01,0.03,Matches
96,96,Marc-Aurèle Caillard,fr FRA,GK,Metz,26-277,1994,2,1,91,1.0,0,0,0,0,0,0,0,0.0,0.0,0.0,0.0,0.0,0.0,0.0,0.0,0.0,0.0,0.0,0.0,0.0,0.0,Matches
97,97,Duje Ćaleta-Car,hr CRO,DF,Marseille,24-149,1996,21,20,1792,19.9,2,1,2,0,0,5,0,0.1,0.05,0.15,0.1,0.15,0.9,0.9,0.6,1.5,0.05,0.03,0.08,0.05,0.08,Matches
98,98,Mahdi Camara,fr FRA,"MF,DF",Saint-Étienne,22-228,1998,23,23,2050,22.8,3,0,3,0,0,3,0,0.13,0.0,0.13,0.13,0.13,2.6,2.6,0.6,3.2,0.11,0.03,0.14,0.11,0.14,Matches
99,99,Eduardo Camavinga,fr FRA,MF,Rennes,18-095,2002,21,16,1401,15.6,1,1,1,0,0,3,0,0.06,0.06,0.13,0.06,0.13,1.1,1.1,0.5,1.6,0.07,0.03,0.1,0.07,0.1,Matches
100,100,Pierrick Capelle,fr FRA,"MF,FW",Angers,33-304,1987,21,14,1209,13.4,3,3,3,0,0,1,0,0.22,0.22,0.45,0.22,0.45,3.3,3.3,1.2,4.5,0.25,0.09,0.33,0.25,0.33,Matches
101,101,Maxence Caqueret,fr FRA,MF,Lyon,20-364,2000,18,11,1001,11.1,0,0,0,0,0,1,0,0.0,0.0,0.0,0.0,0.0,0.4,0.4,1.1,1.5,0.04,0.1,0.13,0.04,0.13,Matches
102,102,Irvin Cardona,fr FRA,FW,Brest,23-189,1997,23,15,1404,15.6,5,1,5,0,0,2,0,0.32,0.06,0.38,0.32,0.38,5.3,5.3,1.6,6.9,0.34,0.1,0.44,0.34,0.44,Matches
103,103,Lionel Carole,fr FRA,DF,Strasbourg,29-307,1991,18,10,898,10.0,0,0,0,0,0,1,0,0.0,0.0,0.0,0.0,0.0,0.0,0.0,1.0,1.0,0.0,0.1,0.1,0.0,0.1,Matches
104,104,Moreto Cassamã,gw GNB,MF,Reims,22-363,1998,18,15,1163,12.9,1,0,1,0,0,7,2,0.08,0.0,0.08,0.08,0.08,0.2,0.2,0.5,0.7,0.01,0.04,0.05,0.01,0.05,Matches
105,105,Jean-Charles Castelletto,cm CMR,DF,Nantes,26-018,1995,12,10,947,10.5,0,0,0,0,0,1,0,0.0,0.0,0.0,0.0,0.0,1.4,1.4,0.1,1.5,0.14,0.01,0.14,0.14,0.14,Matches
106,106,Zeki Çelik,tr TUR,DF,Lille,23-362,1997,17,16,1332,14.8,1,1,1,0,0,4,0,0.07,0.07,0.14,0.07,0.14,0.3,0.3,2.1,2.4,0.02,0.14,0.16,0.02,0.16,Matches
107,107,Bersant Celina,xk KVX,"MF,FW",Dijon,24-157,1996,20,15,1393,15.5,0,4,0,0,0,3,0,0.0,0.26,0.26,0.0,0.26,0.8,0.8,2.4,3.2,0.05,0.15,0.21,0.05,0.21,Matches
108,108,Fabien Centonze,fr FRA,DF,Metz,25-028,1996,23,23,2070,23.0,0,0,0,0,0,6,0,0.0,0.0,0.0,0.0,0.0,0.6,0.6,1.3,1.9,0.03,0.06,0.08,0.03,0.08,Matches
109,109,Fouad Chafik,ma MAR,DF,Dijon,34-120,1986,14,11,981,10.9,0,0,0,0,0,4,0,0.0,0.0,0.0,0.0,0.0,0.1,0.1,0.2,0.2,0.01,0.02,0.02,0.01,0.02,Matches
110,110,Mehdi Chahiri,ma MAR,"FW,MF",Strasbourg,24-203,1996,18,8,720,8.0,2,0,2,0,0,0,0,0.25,0.0,0.25,0.25,0.25,1.7,1.7,1.2,2.9,0.22,0.15,0.37,0.22,0.37,Matches
111,111,Aníbal Chalá,ec ECU,DF,Dijon,24-280,1996,6,5,394,4.4,0,0,0,0,0,0,0,0.0,0.0,0.0,0.0,0.0,0.0,0.0,0.1,0.1,0.0,0.03,0.03,0.0,0.03,Matches
112,112,Trevoh Chalobah,eng ENG,"MF,DF",Lorient,21-223,1999,15,11,1047,11.6,1,0,1,0,0,2,0,0.09,0.0,0.09,0.09,0.09,0.6,0.6,0.1,0.7,0.05,0.01,0.06,0.05,0.06,Matches
113,113,Gaëtan Charbonnier,fr FRA,"MF,FW",Brest,32-048,1988,24,9,884,9.8,4,1,3,1,1,2,0,0.41,0.1,0.51,0.31,0.41,4.7,4.0,1.9,5.9,0.48,0.19,0.68,0.4,0.6,Matches
114,114,Brendan Chardonnet,fr FRA,DF,Brest,26-053,1994,19,16,1456,16.2,1,0,1,0,0,2,1,0.06,0.0,0.06,0.06,0.06,1.2,1.2,0.3,1.6,0.08,0.02,0.1,0.08,0.1,Matches
115,115,Xavier Chavalerin,fr FRA,MF,Reims,29-343,1991,17,16,1389,15.4,0,2,0,0,0,6,0,0.0,0.13,0.13,0.0,0.13,0.9,0.9,1.6,2.5,0.06,0.11,0.16,0.06,0.16,Matches
116,116,Pape Cheikh Diop,sn SEN,MF,Dijon,23-189,1997,19,12,1018,11.3,0,0,0,0,0,5,0,0.0,0.0,0.0,0.0,0.0,0.4,0.4,0.6,1.0,0.03,0.06,0.09,0.03,0.09,Matches
117,117,Rayan Cherki,fr FRA,"FW,MF",Lyon,17-180,2003,17,3,431,4.8,0,0,0,0,0,1,1,0.0,0.0,0.0,0.0,0.0,0.5,0.5,1.0,1.4,0.1,0.2,0.3,0.1,0.3,Matches
118,118,Pedro Chirivella,es ESP,MF,Nantes,23-266,1997,18,13,1114,12.4,0,1,0,0,0,2,0,0.0,0.08,0.08,0.0,0.08,0.2,0.2,0.4,0.6,0.01,0.03,0.05,0.01,0.05,Matches
119,119,Joris Chotard,fr FRA,MF,Montpellier,19-142,2001,18,8,777,8.6,0,0,0,0,0,2,0,0.0,0.0,0.0,0.0,0.0,0.5,0.5,0.2,0.7,0.06,0.03,0.08,0.06,0.08,Matches
120,120,Mounir Chouiar,fr FRA,"FW,MF",Dijon,22-021,1999,18,11,1041,11.6,0,2,0,0,1,4,0,0.0,0.17,0.17,0.0,0.17,1.6,0.9,1.7,2.6,0.14,0.15,0.29,0.08,0.22,Matches
121,121,Sébastien Cibois,fr FRA,GK,Brest,22-348,1998,1,1,90,1.0,0,0,0,0,0,0,0,0.0,0.0,0.0,0.0,0.0,0.0,0.0,0.0,0.0,0.0,0.0,0.0,0.0,0.0,Matches
122,122,Alexis Claude-Maurice,fr FRA,"MF,FW",Nice,22-252,1998,16,7,702,7.8,1,1,1,0,0,1,0,0.13,0.13,0.26,0.13,0.26,1.3,1.3,0.7,2.0,0.17,0.09,0.26,0.17,0.26,Matches
123,123,Jonathan Clauss,fr FRA,DF,Lens,28-141,1992,19,16,1367,15.2,0,2,0,0,0,0,0,0.0,0.13,0.13,0.0,0.13,0.9,0.9,2.7,3.6,0.06,0.18,0.23,0.06,0.23,Matches
124,124,Marcus Coco,fr FRA,"MF,FW",Nantes,24-234,1996,21,13,1128,12.5,0,2,0,0,0,4,0,0.0,0.16,0.16,0.0,0.16,0.8,0.8,1.0,1.8,0.07,0.08,0.14,0.07,0.14,Matches
125,125,Racine Coly,sn SEN,DF,Nice,25-067,1995,1,0,17,0.2,0,0,0,0,0,0,0,0.0,0.0,0.0,0.0,0.0,0.0,0.0,0.0,0.0,0.0,0.0,0.0,0.0,0.0,Matches
126,126,Daniel Congré,fr FRA,DF,Montpellier,35-314,1985,24,24,2129,23.7,2,0,2,0,0,4,0,0.08,0.0,0.08,0.08,0.08,1.0,1.0,0.1,1.1,0.04,0.0,0.05,0.04,0.05,Matches
127,127,Sébastien Corchia,fr FRA,DF,Nantes,30-104,1990,15,14,1281,14.2,0,1,0,0,0,3,0,0.0,0.07,0.07,0.0,0.07,0.5,0.5,1.2,1.7,0.04,0.08,0.12,0.04,0.12,Matches
128,128,Maxwel Cornet,ci CIV,"DF,FW",Lyon,24-139,1996,22,19,1569,17.4,1,4,1,0,0,5,0,0.06,0.23,0.29,0.06,0.29,1.9,1.9,3.0,4.9,0.11,0.17,0.28,0.11,0.28,Matches
129,129,David Pereira da Costa,pt POR,"MF,DF",Lens,20-039,2001,3,0,34,0.4,0,0,0,0,0,0,0,0.0,0.0,0.0,0.0,0.0,0.0,0.0,0.0,0.0,0.0,0.04,0.04,0.0,0.04,Matches
130,130,Benoît Costil,fr FRA,GK,Bordeaux,33-225,1987,24,24,2160,24.0,0,0,0,0,0,0,0,0.0,0.0,0.0,0.0,0.0,0.0,0.0,0.0,0.0,0.0,0.0,0.0,0.0,0.0,Matches
131,131,Kalifa Coulibaly,ml MLI,FW,Nantes,29-176,1991,8,5,471,5.2,0,0,0,0,0,1,0,0.0,0.0,0.0,0.0,0.0,1.1,1.1,0.1,1.2,0.22,0.01,0.23,0.22,0.23,Matches
132,132,Lassana Coulibaly,ml MLI,MF,Angers,24-309,1996,21,11,1144,12.7,1,1,1,0,0,3,0,0.08,0.08,0.16,0.08,0.16,0.5,0.5,0.9,1.5,0.04,0.07,0.11,0.04,0.11,Matches
133,133,Senou Coulibaly,ml MLI,DF,Dijon,26-162,1994,9,9,788,8.8,2,0,2,0,0,3,1,0.23,0.0,0.23,0.23,0.23,0.6,0.6,0.0,0.6,0.07,0.0,0.07,0.07,0.07,Matches
134,134,Nicolas Cozza,fr FRA,DF,Montpellier,22-036,1999,11,7,683,7.6,0,0,0,0,0,1,0,0.0,0.0,0.0,0.0,0.0,0.0,0.0,0.2,0.2,0.0,0.03,0.03,0.0,0.03,Matches
135,135,Adrián Cubas,py PAR,MF,Nîmes,24-267,1996,17,17,1405,15.6,1,0,1,0,0,5,1,0.06,0.0,0.06,0.06,0.06,0.2,0.2,0.4,0.6,0.01,0.02,0.04,0.01,0.04,Matches
136,136,Mickaël Cuisance,fr FRA,MF,Marseille,21-181,1999,15,9,807,9.0,0,1,0,0,0,3,0,0.0,0.11,0.11,0.0,0.11,0.6,0.6,0.6,1.2,0.06,0.07,0.13,0.06,0.13,Matches
137,137,Damien Da Silva,fr FRA,DF,Rennes,32-272,1988,19,19,1707,19.0,4,0,4,0,0,4,0,0.21,0.0,0.21,0.21,0.21,1.5,1.5,0.6,2.1,0.08,0.03,0.11,0.08,0.11,Matches
138,138,Colin Dagba,fr FRA,DF,Paris S-G,22-157,1998,16,9,889,9.9,1,2,1,0,0,3,0,0.1,0.2,0.3,0.1,0.3,0.3,0.3,0.8,1.1,0.03,0.08,0.11,0.03,0.11,Matches
139,139,Flavius Daniliuc,at AUT,DF,Nice,19-292,2001,15,10,1016,11.3,0,0,0,0,0,0,0,0.0,0.0,0.0,0.0,0.0,0.5,0.5,0.1,0.6,0.05,0.01,0.06,0.05,0.06,Matches
140,140,Dante,br BRA,DF,Nice,37-118,1983,9,9,774,8.6,2,1,2,0,0,2,0,0.23,0.12,0.35,0.23,0.35,0.6,0.6,0.2,0.8,0.07,0.02,0.09,0.07,0.09,Matches
141,141,Jonathan David,ca CAN,FW,Lille,21-030,2000,24,17,1389,15.4,7,1,7,0,0,0,0,0.45,0.06,0.52,0.45,0.52,6.6,6.6,2.3,8.8,0.43,0.15,0.57,0.43,0.57,Matches
142,142,Mattia De Sciglio,it ITA,DF,Lyon,28-116,1992,16,7,727,8.1,0,0,0,0,0,2,0,0.0,0.0,0.0,0.0,0.0,0.0,0.0,1.1,1.2,0.01,0.14,0.14,0.01,0.14,Matches
143,143,Thibault De Smet,be BEL,DF,Reims,22-253,1998,6,5,393,4.4,0,0,0,0,0,2,0,0.0,0.0,0.0,0.0,0.0,0.0,0.0,0.4,0.4,0.0,0.09,0.09,0.0,0.09,Matches
144,144,Lucas Deaux,fr FRA,"MF,DF",Nîmes,32-049,1988,15,14,1237,13.7,1,0,1,0,0,4,1,0.07,0.0,0.07,0.07,0.07,0.8,0.8,0.4,1.2,0.06,0.03,0.09,0.06,0.09,Matches
145,145,Mathieu Debuchy,fr FRA,DF,Saint-Étienne,35-200,1985,14,13,1068,11.9,1,1,1,0,0,2,0,0.08,0.08,0.17,0.08,0.17,1.4,1.4,1.3,2.7,0.12,0.11,0.23,0.12,0.23,Matches
146,146,Romain Del Castillo,fr FRA,"MF,FW",Rennes,24-321,1996,13,5,468,5.2,0,3,0,0,0,0,0,0.0,0.58,0.58,0.0,0.58,1.0,1.0,1.6,2.5,0.19,0.3,0.49,0.19,0.49,Matches
147,147,Thomas Delaine,fr FRA,DF,Metz,28-326,1992,13,11,1052,11.7,0,1,0,0,0,3,0,0.0,0.09,0.09,0.0,0.09,0.4,0.4,0.7,1.0,0.03,0.06,0.09,0.03,0.09,Matches
148,148,Jonathan Delaplace,fr FRA,DF,Lorient,34-330,1986,14,8,757,8.4,0,1,0,0,0,1,1,0.0,0.12,0.12,0.0,0.12,0.1,0.1,1.6,1.7,0.01,0.2,0.21,0.01,0.21,Matches
149,149,Andy Delort,dz ALG,FW,Montpellier,29-127,1991,19,19,1556,17.3,9,6,9,0,0,4,0,0.52,0.35,0.87,0.52,0.87,5.7,5.7,4.0,9.6,0.33,0.23,0.56,0.33,0.56,Matches
150,150,Moussa Dembélé,fr FRA,FW,Lyon,24-216,1996,16,6,677,7.5,1,0,1,0,0,3,0,0.13,0.0,0.13,0.13,0.13,3.8,3.8,0.7,4.5,0.51,0.09,0.59,0.51,0.59,Matches
151,151,Jason Denayer,be BEL,DF,Lyon,25-230,1995,20,20,1699,18.9,1,0,1,0,0,0,0,0.05,0.0,0.05,0.05,0.05,0.5,0.5,0.0,0.5,0.03,0.0,0.03,0.03,0.03,Matches
152,152,Kevin Denkey,tg TOG,FW,Nîmes,20-075,2000,10,6,524,5.8,1,1,1,0,0,3,0,0.17,0.17,0.34,0.17,0.34,1.8,1.8,0.6,2.3,0.31,0.1,0.4,0.31,0.4,Matches
153,153,Memphis Depay,nl NED,FW,Lyon,27-000,1994,24,20,1813,20.1,13,6,7,6,6,1,0,0.65,0.3,0.94,0.35,0.65,11.5,6.9,7.9,14.9,0.57,0.39,0.96,0.34,0.74,Matches
154,154,Ángel Di María,ar ARG,"FW,MF",Paris S-G,32-365,1988,19,17,1347,15.0,4,8,4,0,0,1,0,0.27,0.53,0.8,0.27,0.8,3.8,3.8,7.8,11.6,0.26,0.52,0.78,0.26,0.78,Matches
155,155,Boulaye Dia,sn SEN,"FW,MF",Reims,24-089,1996,22,21,1773,19.7,12,1,7,5,5,1,0,0.61,0.05,0.66,0.36,0.41,9.6,5.8,1.1,7.0,0.49,0.06,0.55,0.3,0.35,Matches
156,156,Abdou Diallo,fr FRA,DF,Paris S-G,24-285,1996,14,11,937,10.4,0,0,0,0,0,2,2,0.0,0.0,0.0,0.0,0.0,0.2,0.2,0.0,0.2,0.02,0.0,0.02,0.02,0.02,Matches
157,157,Habib Diallo,sn SEN,FW,Metz,25-240,1995,4,1,143,1.6,0,0,0,0,0,0,0,0.0,0.0,0.0,0.0,0.0,0.4,0.4,0.3,0.7,0.24,0.21,0.45,0.24,0.45,Matches
158,158,Habib Diallo,sn SEN,FW,Strasbourg,25-240,1995,18,15,1396,15.5,7,3,6,1,1,1,0,0.45,0.19,0.64,0.39,0.58,5.2,4.4,2.6,7.0,0.33,0.17,0.5,0.29,0.45,Matches
159,159,Ibrahima Diallo,fr FRA,MF,Brest,21-342,1999,5,5,440,4.9,0,0,0,0,0,1,0,0.0,0.0,0.0,0.0,0.0,0.0,0.0,0.4,0.4,0.0,0.08,0.08,0.0,0.08,Matches
160,160,Stéphane Diarra,fr FRA,"FW,MF",Lorient,22-066,1998,9,2,170,1.9,0,0,0,0,0,1,0,0.0,0.0,0.0,0.0,0.0,0.1,0.1,0.1,0.2,0.05,0.07,0.13,0.05,0.13,Matches
161,161,Raphael Dias Belloli,br BRA,"FW,MF",Rennes,24-061,1996,6,5,404,4.5,1,2,1,0,0,0,0,0.22,0.45,0.67,0.22,0.67,1.2,1.2,1.0,2.2,0.27,0.23,0.5,0.27,0.5,Matches
162,162,Krepin Diatta,sn SEN,"MF,DF",Monaco,21-354,1999,4,2,204,2.3,0,0,0,0,0,2,0,0.0,0.0,0.0,0.0,0.0,0.0,0.0,0.0,0.0,0.01,0.0,0.01,0.01,0.01,Matches
163,163,Tristan Dingomé,cm CMR,MF,Reims,29-362,1991,1,0,15,0.2,0,0,0,0,0,0,0,0.0,0.0,0.0,0.0,0.0,0.0,0.0,0.0,0.0,0.0,0.0,0.0,0.0,0.0,Matches
164,164,Sinaly Diomande,ci CIV,DF,Lyon,19-310,2001,19,7,767,8.5,0,0,0,0,0,2,0,0.0,0.0,0.0,0.0,0.0,0.6,0.6,0.1,0.6,0.07,0.01,0.07,0.07,0.07,Matches
165,165,Lois Diony,fr FRA,FW,Angers,28-055,1992,22,10,921,10.2,3,1,2,1,1,0,0,0.29,0.1,0.39,0.2,0.29,2.8,2.1,0.5,2.5,0.28,0.04,0.32,0.2,0.25,Matches
166,166,Sofiane Diop,fr FRA,"MF,FW",Monaco,20-249,2000,24,19,1632,18.1,5,0,5,0,0,3,0,0.28,0.0,0.28,0.28,0.28,3.0,3.0,2.1,5.1,0.17,0.12,0.28,0.17,0.28,Matches
167,167,Yehvann Diouf,fr FRA,GK,Reims,21-089,1999,2,1,135,1.5,0,0,0,0,0,0,0,0.0,0.0,0.0,0.0,0.0,0.0,0.0,0.0,0.0,0.0,0.0,0.0,0.0,0.0,Matches
168,168,Assane Dioussé,sn SEN,DF,Saint-Étienne,23-146,1997,1,0,1,0.0,0,0,0,0,0,0,0,0.0,0.0,0.0,0.0,0.0,0.0,0.0,0.0,0.0,0.0,0.0,0.0,0.0,0.0,Matches
169,169,Axel Disasi,fr FRA,DF,Monaco,22-339,1998,18,15,1266,14.1,3,0,3,0,0,3,2,0.21,0.0,0.21,0.21,0.21,2.1,2.1,0.4,2.5,0.15,0.03,0.18,0.15,0.18,Matches
170,170,Tiago Djaló,pt POR,DF,Lille,20-310,2000,12,5,570,6.3,0,0,0,0,0,2,0,0.0,0.0,0.0,0.0,0.0,0.0,0.0,0.2,0.2,0.0,0.03,0.04,0.0,0.04,Matches
171,171,Alexander Djiku,gh GHA,"DF,MF",Strasbourg,26-188,1994,20,19,1665,18.5,0,0,0,0,0,6,0,0.0,0.0,0.0,0.0,0.0,0.5,0.5,0.5,1.0,0.02,0.03,0.05,0.02,0.05,Matches
172,172,Mihai Dobre,ro ROU,"FW,MF",Dijon,22-167,1998,14,3,339,3.8,0,0,0,0,0,0,0,0.0,0.0,0.0,0.0,0.0,0.4,0.4,0.2,0.6,0.1,0.05,0.15,0.1,0.15,Matches
173,173,Jeremy Doku,be BEL,MF,Rennes,18-262,2002,17,13,1235,13.7,0,2,0,0,0,0,0,0.0,0.15,0.15,0.0,0.15,1.5,1.5,1.3,2.8,0.11,0.09,0.21,0.11,0.21,Matches
174,174,Kasper Dolberg,dk DEN,FW,Nice,23-130,1997,14,11,998,11.1,3,1,2,1,1,2,0,0.27,0.09,0.36,0.18,0.27,3.3,2.5,0.4,2.9,0.3,0.03,0.33,0.23,0.26,Matches
175,175,Keagan Dolly,za RSA,MF,Montpellier,28-022,1993,16,3,405,4.5,0,0,0,0,0,1,0,0.0,0.0,0.0,0.0,0.0,0.1,0.1,0.2,0.3,0.02,0.05,0.07,0.02,0.07,Matches
176,176,Anastasios Donis,gr GRE,MF,Reims,24-168,1996,3,1,97,1.1,0,0,0,0,0,0,1,0.0,0.0,0.0,0.0,0.0,0.0,0.0,0.0,0.0,0.02,0.0,0.02,0.02,0.02,Matches
177,177,Lucas Douath,fr FRA,MF,Saint-Étienne,17-192,2003,20,7,815,9.1,0,0,0,0,0,5,0,0.0,0.0,0.0,0.0,0.0,0.4,0.4,0.1,0.5,0.04,0.01,0.05,0.04,0.05,Matches
178,178,Cheick Doucouré,ml MLI,MF,Lens,21-036,2000,21,18,1579,17.5,2,1,2,0,0,6,0,0.11,0.06,0.17,0.11,0.17,0.8,0.8,1.0,1.8,0.05,0.06,0.1,0.05,0.1,Matches
179,179,Fodé Doucouré,ml MLI,DF,Reims,20-010,2001,4,2,221,2.5,0,0,0,0,0,0,0,0.0,0.0,0.0,0.0,0.0,0.2,0.2,0.2,0.4,0.07,0.1,0.17,0.07,0.17,Matches
180,180,Moussa Doumbia,ml MLI,"MF,FW",Reims,26-182,1994,16,4,506,5.6,0,0,0,0,0,0,0,0.0,0.0,0.0,0.0,0.0,0.4,0.4,0.8,1.2,0.08,0.14,0.22,0.08,0.22,Matches
181,181,Souleyman Doumbia,ci CIV,DF,Angers,24-142,1996,19,18,1614,17.9,0,1,0,0,0,6,0,0.0,0.06,0.06,0.0,0.06,0.4,0.4,2.2,2.6,0.02,0.12,0.14,0.02,0.14,Matches
182,182,Mouhamadou Drammeh,fr FRA,MF,Reims,21-274,1999,4,1,158,1.8,0,0,0,0,0,1,0,0.0,0.0,0.0,0.0,0.0,0.0,0.0,0.0,0.0,0.0,0.01,0.01,0.0,0.01,Matches
183,183,Julian Draxler,de GER,MF,Paris S-G,27-146,1993,12,5,479,5.3,2,1,2,0,0,3,0,0.38,0.19,0.56,0.38,0.56,1.2,1.2,1.2,2.4,0.23,0.22,0.45,0.23,0.45,Matches
184,184,Matthieu Dreyer,fr FRA,GK,Lorient,31-330,1989,5,5,450,5.0,0,0,0,0,0,0,0,0.0,0.0,0.0,0.0,0.0,0.0,0.0,0.0,0.0,0.0,0.0,0.0,0.0,0.0,Matches
185,185,Leo Dubois,fr FRA,DF,Lyon,26-152,1994,23,22,1858,20.6,2,3,2,0,0,3,0,0.1,0.15,0.24,0.1,0.24,0.7,0.7,3.9,4.5,0.03,0.19,0.22,0.03,0.22,Matches
186,186,Haris Duljević,ba BIH,"FW,MF",Nîmes,27-089,1993,13,7,594,6.6,0,1,0,0,0,0,0,0.0,0.15,0.15,0.0,0.15,0.8,0.8,1.1,1.9,0.12,0.17,0.29,0.12,0.29,Matches
187,187,Jean-Kevin Duverne,fr FRA,DF,Brest,23-216,1997,21,18,1654,18.4,1,0,1,0,0,4,0,0.05,0.0,0.05,0.05,0.05,0.7,0.7,0.6,1.2,0.04,0.03,0.07,0.04,0.07,Matches
188,188,Eric Junior Dina Ebimbe,fr FRA,"FW,MF",Dijon,20-084,2000,22,20,1666,18.5,1,1,1,0,0,2,0,0.05,0.05,0.11,0.05,0.11,3.1,3.1,1.5,4.6,0.17,0.08,0.25,0.17,0.25,Matches
189,189,Enzo Ebosse,fr FRA,DF,Angers,21-339,1999,6,3,260,2.9,0,0,0,0,0,1,0,0.0,0.0,0.0,0.0,0.0,0.0,0.0,0.6,0.6,0.0,0.21,0.21,0.0,0.21,Matches
190,190,Bruno Ecuele Manga,ga GAB,DF,Dijon,32-212,1988,24,24,2160,24.0,2,0,2,0,0,1,0,0.08,0.0,0.08,0.08,0.08,1.1,1.1,0.0,1.1,0.05,0.0,0.05,0.05,0.05,Matches
191,191,Hugo Ekitike,fr FRA,"MF,FW",Reims,18-238,2002,2,0,88,1.0,0,0,0,0,0,1,0,0.0,0.0,0.0,0.0,0.0,0.2,0.2,0.0,0.2,0.18,0.04,0.21,0.18,0.21,Matches
192,192,Niclas Eliasson,se SWE,"MF,FW",Nîmes,25-068,1995,15,11,985,10.9,3,0,3,0,0,1,0,0.27,0.0,0.27,0.27,0.27,2.1,2.1,2.2,4.3,0.19,0.2,0.39,0.19,0.39,Matches
193,193,Sepe Elye Wahi,fr FRA,"FW,DF",Montpellier,18-042,2003,6,0,147,1.6,2,0,2,0,0,0,0,1.22,0.0,1.22,1.22,1.22,0.9,0.9,0.1,0.9,0.52,0.03,0.56,0.52,0.56,Matches
194,194,Renaud Emond,be BEL,FW,Nantes,29-070,1991,13,3,279,3.1,2,0,2,0,0,1,0,0.65,0.0,0.65,0.65,0.65,1.3,1.3,0.0,1.3,0.42,0.02,0.43,0.42,0.43,Matches
195,195,Yoann Etienne,fr FRA,DF,Lorient,23-270,1997,1,1,90,1.0,0,0,0,0,0,1,0,0.0,0.0,0.0,0.0,0.0,0.0,0.0,0.1,0.1,0.0,0.05,0.05,0.0,0.05,Matches
196,196,Fábio,br BRA,DF,Nantes,30-219,1990,19,17,1335,14.8,0,1,0,0,0,5,1,0.0,0.07,0.07,0.0,0.07,0.3,0.3,0.5,0.8,0.02,0.03,0.05,0.02,0.05,Matches
197,197,Cesc Fàbregas,es ESP,MF,Monaco,33-285,1987,11,5,552,6.1,1,2,0,1,1,2,0,0.16,0.33,0.49,0.0,0.33,2.3,1.5,2.3,3.8,0.37,0.37,0.74,0.25,0.62,Matches
198,198,Bandiougou Fadiga,fr FRA,"FW,MF",Paris S-G,20-029,2001,6,0,63,0.7,0,0,0,0,0,1,0,0.0,0.0,0.0,0.0,0.0,0.1,0.1,0.0,0.1,0.07,0.0,0.07,0.07,0.07,Matches
199,199,Wout Faes,be BEL,DF,Reims,22-316,1998,21,21,1841,20.5,1,0,1,0,0,8,1,0.05,0.0,0.05,0.05,0.05,0.7,0.7,0.1,0.7,0.03,0.0,0.04,0.03,0.04,Matches
200,200,Romain Faivre,fr FRA,"MF,FW",Brest,22-214,1998,24,22,1922,21.4,5,3,4,1,1,0,0,0.23,0.14,0.37,0.19,0.33,4.9,4.1,4.9,9.0,0.23,0.23,0.46,0.19,0.42,Matches
201,201,Wuilker Faríñez,ve VEN,GK,Lens,22-364,1998,1,0,6,0.1,0,0,0,0,0,0,0,0.0,0.0,0.0,0.0,0.0,0.0,0.0,0.0,0.0,0.0,0.0,0.0,0.0,0.0,Matches
202,202,Julien Faussurier,fr FRA,DF,Brest,34-030,1987,10,5,561,6.2,0,3,0,0,0,2,0,0.0,0.48,0.48,0.0,0.48,0.2,0.2,1.6,1.8,0.04,0.25,0.29,0.04,0.29,Matches
203,203,Zinedine Ferhat,dz ALG,"FW,MF",Nîmes,27-349,1993,20,20,1793,19.9,4,4,4,0,0,1,0,0.2,0.2,0.4,0.2,0.4,1.8,1.8,2.8,4.6,0.09,0.14,0.23,0.09,0.23,Matches
204,204,Jordan Ferri,fr FRA,MF,Montpellier,28-338,1992,23,20,1686,18.7,0,1,0,0,0,4,0,0.0,0.05,0.05,0.0,0.05,0.1,0.1,0.7,0.8,0.01,0.04,0.04,0.01,0.04,Matches
205,205,Alessandro Florenzi,it ITA,DF,Paris S-G,29-339,1991,16,14,1186,13.2,2,1,2,0,0,1,0,0.15,0.08,0.23,0.15,0.23,2.0,2.0,2.0,4.0,0.15,0.15,0.3,0.15,0.3,Matches
206,206,Mamadou Fofana,ml MLI,"MF,DF",Metz,23-023,1998,14,9,935,10.4,0,0,0,0,0,2,0,0.0,0.0,0.0,0.0,0.0,0.3,0.3,0.1,0.4,0.03,0.01,0.04,0.03,0.04,Matches
207,207,Seko Fofana,ci CIV,MF,Lens,25-282,1995,18,13,1236,13.7,0,2,0,0,0,1,0,0.0,0.15,0.15,0.0,0.15,0.9,0.9,1.6,2.5,0.07,0.12,0.18,0.07,0.18,Matches
208,208,Wesley Fofana,fr FRA,DF,Saint-Étienne,20-058,2000,4,3,315,3.5,0,0,0,0,0,1,0,0.0,0.0,0.0,0.0,0.0,0.2,0.2,0.0,0.2,0.06,0.0,0.06,0.06,0.06,Matches
209,209,Youssouf Fofana,fr FRA,MF,Monaco,22-034,1999,21,21,1709,19.0,0,1,0,0,0,8,1,0.0,0.05,0.05,0.0,0.05,1.4,1.4,1.7,3.1,0.07,0.09,0.16,0.07,0.16,Matches
210,210,Thomas Foket,be BEL,DF,Reims,26-141,1994,23,23,2070,23.0,0,0,0,0,0,3,0,0.0,0.0,0.0,0.0,0.0,0.1,0.1,0.8,1.0,0.01,0.04,0.04,0.01,0.04,Matches
211,211,Lamine Fomba,fr FRA,MF,Nîmes,23-018,1998,19,13,1164,12.9,0,0,0,0,0,4,0,0.0,0.0,0.0,0.0,0.0,1.4,1.4,0.2,1.6,0.11,0.01,0.13,0.11,0.13,Matches
212,212,Thomas Fontaine,mg MAD,DF,Lorient,29-281,1991,4,4,320,3.6,0,0,0,0,0,0,0,0.0,0.0,0.0,0.0,0.0,0.1,0.1,0.0,0.1,0.04,0.0,0.04,0.04,0.04,Matches
213,213,José Fonte,pt POR,DF,Lille,37-053,1983,23,23,2015,22.4,1,0,1,0,0,4,0,0.04,0.0,0.04,0.04,0.04,0.5,0.5,0.3,0.8,0.02,0.01,0.04,0.02,0.04,Matches
214,214,Steven Fortes,cv CPV,DF,Lens,28-302,1992,12,10,930,10.3,0,0,0,0,0,3,0,0.0,0.0,0.0,0.0,0.0,0.1,0.1,0.2,0.3,0.01,0.02,0.03,0.01,0.03,Matches
215,215,Angelo Fulgini,fr FRA,"MF,FW",Angers,24-177,1996,22,22,1764,19.6,4,3,4,0,0,3,0,0.2,0.15,0.36,0.2,0.36,2.9,2.9,3.3,6.2,0.15,0.17,0.32,0.15,0.32,Matches
216,216,Baptiste Gabard,fr FRA,MF,Saint-Étienne,21-016,2000,2,2,133,1.5,0,0,0,0,0,1,0,0.0,0.0,0.0,0.0,0.0,0.0,0.0,0.0,0.0,0.0,0.02,0.02,0.0,0.02,Matches
217,217,Idrissa Gana Gueye,sn SEN,MF,Paris S-G,31-140,1989,18,14,1067,11.9,2,0,2,0,0,1,0,0.17,0.0,0.17,0.17,0.17,0.5,0.5,0.4,0.9,0.04,0.03,0.07,0.04,0.07,Matches
218,218,Ignatius Ganago,cm CMR,FW,Lens,21-363,1999,18,11,905,10.1,5,0,5,0,0,0,0,0.5,0.0,0.5,0.5,0.5,5.2,5.2,0.8,6.0,0.51,0.08,0.59,0.51,0.59,Matches
219,219,Yann Gboho,fr FRA,"MF,FW",Rennes,20-030,2001,9,2,270,3.0,0,0,0,0,0,0,0,0.0,0.0,0.0,0.0,0.0,0.7,0.7,0.2,0.9,0.24,0.07,0.31,0.24,0.31,Matches
220,220,Valère Germain,fr FRA,"FW,MF",Marseille,30-302,1990,20,5,677,7.5,3,0,3,0,0,1,0,0.4,0.0,0.4,0.4,0.4,1.6,1.6,0.1,1.6,0.21,0.01,0.22,0.21,0.22,Matches
221,221,Willem Geubbels,fr FRA,"FW,MF",Monaco,19-181,2001,13,2,285,3.2,1,0,1,0,0,3,0,0.32,0.0,0.32,0.32,0.32,0.6,0.6,0.1,0.7,0.19,0.04,0.23,0.19,0.23,Matches
222,222,Andrei Girotto,br BRA,"DF,MF",Nantes,28-362,1992,22,21,1832,20.4,1,1,1,0,0,3,1,0.05,0.05,0.1,0.05,0.1,0.8,0.8,0.1,0.8,0.04,0.0,0.04,0.04,0.04,Matches
223,223,Aleksandr Golovin,ru RUS,"MF,FW",Monaco,24-259,1996,9,3,353,3.9,4,4,4,0,0,1,0,1.02,1.02,2.04,1.02,2.04,0.9,0.9,2.5,3.5,0.24,0.65,0.89,0.24,0.89,Matches
224,224,Alfred Gomis,sn SEN,GK,Rennes,27-161,1993,7,7,630,7.0,0,0,0,0,0,0,0,0.0,0.0,0.0,0.0,0.0,0.0,0.0,0.0,0.0,0.0,0.0,0.0,0.0,0.0,Matches
225,225,Alfred Gomis,sn SEN,GK,Dijon,27-161,1993,5,5,450,5.0,0,0,0,0,0,0,0,0.0,0.0,0.0,0.0,0.0,0.0,0.0,0.0,0.0,0.0,0.0,0.0,0.0,0.0,Matches
226,226,Vagner Gonçalves,cv CPV,"FW,MF",Metz,25-034,1996,13,4,430,4.8,1,1,0,1,1,2,0,0.21,0.21,0.42,0.0,0.21,1.4,0.6,0.4,1.0,0.29,0.08,0.37,0.13,0.21,Matches
227,227,Álvaro González,es ESP,DF,Marseille,31-036,1990,19,19,1697,18.9,0,3,0,0,0,7,0,0.0,0.16,0.16,0.0,0.16,0.6,0.6,0.4,0.9,0.03,0.02,0.05,0.03,0.05,Matches
228,228,Amine Gouiri,fr FRA,"FW,MF",Nice,20-363,2000,22,20,1808,20.1,7,3,5,2,2,5,0,0.35,0.15,0.5,0.25,0.4,9.4,8.0,2.6,10.6,0.47,0.13,0.6,0.4,0.53,Matches
229,229,Jonathan Gradit,fr FRA,DF,Lens,28-081,1992,20,20,1659,18.4,0,0,0,0,0,8,1,0.0,0.0,0.0,0.0,0.0,0.0,0.0,0.2,0.2,0.0,0.01,0.01,0.0,0.01,Matches
230,230,Andrew Gravillon,fr FRA,DF,Lorient,23-005,1998,15,15,1308,14.5,1,2,1,0,0,2,1,0.07,0.14,0.21,0.07,0.21,0.8,0.8,0.2,1.0,0.05,0.02,0.07,0.05,0.07,Matches
231,231,Adrian Grbić,at AUT,FW,Lorient,24-193,1996,21,8,759,8.4,3,0,1,2,2,0,0,0.36,0.0,0.36,0.12,0.12,4.5,3.0,0.5,3.5,0.54,0.06,0.6,0.35,0.41,Matches
232,232,Clément Grenier,fr FRA,MF,Rennes,30-037,1991,12,9,727,8.1,3,1,2,1,1,2,0,0.37,0.12,0.5,0.25,0.37,2.0,1.3,1.3,2.6,0.25,0.17,0.42,0.16,0.33,Matches
233,233,Evann Guessand,fr FRA,FW,Nice,19-227,2001,3,0,29,0.3,0,0,0,0,0,0,0,0.0,0.0,0.0,0.0,0.0,0.1,0.1,0.0,0.1,0.29,0.0,0.29,0.29,0.29,Matches
234,234,Kelyan Guessoum,fr FRA,DF,Nîmes,22-008,1999,5,3,362,4.0,0,0,0,0,0,0,0,0.0,0.0,0.0,0.0,0.0,0.0,0.0,0.0,0.0,0.01,0.0,0.01,0.01,0.01,Matches
235,235,Lamine Gueye,sn SEN,"FW,MF",Metz,22-337,1998,16,12,903,10.0,1,2,1,0,0,1,0,0.1,0.2,0.3,0.1,0.3,3.1,3.1,1.9,5.0,0.31,0.19,0.5,0.31,0.5,Matches
236,236,Pape Gueye,fr FRA,MF,Marseille,22-020,1999,18,10,900,10.0,1,0,1,0,0,7,1,0.1,0.0,0.1,0.1,0.1,0.2,0.2,1.2,1.4,0.02,0.12,0.14,0.02,0.14,Matches
237,237,Bruno Guimarães,br BRA,MF,Lyon,23-089,1997,20,13,1110,12.3,1,1,1,0,0,4,0,0.08,0.08,0.16,0.08,0.16,0.6,0.6,0.7,1.3,0.05,0.05,0.11,0.05,0.11,Matches
238,238,Sehrou Guirassy,fr FRA,FW,Rennes,24-338,1996,13,10,876,9.7,3,1,3,0,0,0,0,0.31,0.1,0.41,0.31,0.41,3.0,3.0,2.1,5.1,0.31,0.22,0.53,0.31,0.53,Matches
239,239,Malo Gusto,fr FRA,MF,Lyon,17-270,2003,1,0,1,0.0,0,0,0,0,0,0,0,0.0,0.0,0.0,0.0,0.0,0.0,0.0,0.0,0.0,0.0,0.0,0.0,0.0,0.0,Matches
240,240,Massadio Haïdara,ml MLI,DF,Lens,28-073,1992,14,13,1159,12.9,0,1,0,0,0,3,0,0.0,0.08,0.08,0.0,0.08,0.9,0.9,1.3,2.2,0.07,0.1,0.17,0.07,0.17,Matches
241,241,Pierre-Yves Hamel,fr FRA,FW,Lorient,27-010,1994,15,7,783,8.7,4,2,3,1,1,3,0,0.46,0.23,0.69,0.34,0.57,4.1,3.4,0.6,4.0,0.47,0.07,0.55,0.39,0.46,Matches
242,242,Romain Hamouma,fr FRA,FW,Saint-Étienne,33-321,1987,22,15,1382,15.4,4,1,4,0,0,5,0,0.26,0.07,0.33,0.26,0.33,2.5,2.2,2.5,4.7,0.16,0.16,0.33,0.15,0.31,Matches
243,243,Dalbert Henrique,br BRA,DF,Rennes,27-158,1993,6,2,228,2.5,0,0,0,0,0,2,0,0.0,0.0,0.0,0.0,0.0,0.1,0.1,0.0,0.1,0.03,0.01,0.04,0.03,0.04,Matches
244,244,Luis Henrique,br BRA,"FW,MF",Marseille,19-061,2001,6,0,58,0.6,0,0,0,0,0,0,0,0.0,0.0,0.0,0.0,0.0,0.0,0.0,0.0,0.1,0.04,0.04,0.08,0.04,0.08,Matches
245,245,Christophe Hérelle,mq MTQ,DF,Brest,28-175,1992,14,13,1197,13.3,0,0,0,0,0,3,0,0.0,0.0,0.0,0.0,0.0,0.4,0.4,0.0,0.5,0.03,0.0,0.04,0.03,0.04,Matches
246,246,Jérôme Hergault,fr FRA,DF,Lorient,34-314,1986,9,6,542,6.0,0,0,0,0,0,0,0,0.0,0.0,0.0,0.0,0.0,0.1,0.1,0.0,0.1,0.01,0.0,0.01,0.01,0.01,Matches
247,247,Ander Herrera,es ESP,MF,Paris S-G,31-183,1989,19,10,1129,12.5,1,1,1,0,0,1,0,0.08,0.08,0.16,0.08,0.16,0.7,0.7,1.6,2.3,0.06,0.13,0.18,0.06,0.18,Matches
248,248,Vitorino Hilton,br BRA,DF,Montpellier,43-153,1977,17,13,1089,12.1,0,0,0,0,0,2,2,0.0,0.0,0.0,0.0,0.0,0.8,0.8,0.0,0.8,0.07,0.0,0.07,0.07,0.07,Matches
249,249,Franck Honorat,fr FRA,"MF,FW",Brest,24-186,1996,23,16,1376,15.3,7,2,7,0,0,3,0,0.46,0.13,0.59,0.46,0.59,2.0,2.0,4.7,6.7,0.13,0.31,0.44,0.13,0.44,Matches
250,250,Fraser Hornby,sco SCO,FW,Reims,21-153,1999,3,0,35,0.4,0,0,0,0,0,1,0,0.0,0.0,0.0,0.0,0.0,0.1,0.1,0.0,0.1,0.36,0.0,0.36,0.36,0.36,Matches
251,251,Adrien Hunou,fr FRA,"FW,MF",Rennes,27-025,1994,15,5,525,5.8,4,0,4,0,0,1,0,0.69,0.0,0.69,0.69,0.69,4.3,4.3,0.5,4.8,0.73,0.09,0.82,0.73,0.82,Matches
252,252,Didier Ibrahim Ndong,ga GAB,MF,Dijon,26-241,1994,23,23,2070,23.0,0,1,0,0,0,4,0,0.0,0.04,0.04,0.0,0.04,0.1,0.1,1.0,1.1,0.01,0.04,0.05,0.01,0.05,Matches
253,253,Mauro Icardi,ar ARG,FW,Paris S-G,27-360,1993,11,7,639,7.1,5,2,5,0,0,1,0,0.7,0.28,0.99,0.7,0.99,6.9,6.9,2.4,9.4,0.98,0.34,1.32,0.98,1.32,Matches
254,254,Jonathan Ikone,fr FRA,"MF,FW",Lille,22-287,1998,24,17,1395,15.5,3,3,2,1,1,0,0,0.19,0.19,0.39,0.13,0.32,2.9,2.2,2.1,4.2,0.19,0.13,0.32,0.14,0.27,Matches
255,255,Yun Il-lok,kr KOR,"MF,FW",Montpellier,28-343,1992,12,3,312,3.5,0,0,0,0,0,1,0,0.0,0.0,0.0,0.0,0.0,0.5,0.5,0.4,0.9,0.15,0.11,0.26,0.15,0.26,Matches
256,256,Corentin Jean,fr FRA,"FW,MF",Lens,25-213,1995,14,3,347,3.9,0,1,0,0,0,2,0,0.0,0.26,0.26,0.0,0.26,0.5,0.5,0.2,0.7,0.13,0.05,0.18,0.13,0.18,Matches
257,257,Jesé,es ESP,FW,Paris S-G,27-353,1993,2,0,24,0.3,0,0,0,0,0,0,0,0.0,0.0,0.0,0.0,0.0,0.0,0.0,0.0,0.0,0.0,0.0,0.0,0.0,0.0,Matches
258,258,Stevan Jovetić,me MNE,"FW,MF",Monaco,31-103,1989,19,2,389,4.3,2,0,2,0,0,0,0,0.46,0.0,0.46,0.46,0.46,2.1,2.1,0.5,2.5,0.48,0.11,0.58,0.48,0.58,Matches
259,259,Abdoul Kader Bamba,fr FRA,"FW,MF",Nantes,26-294,1994,20,6,752,8.4,2,1,2,0,1,1,0,0.24,0.12,0.36,0.24,0.36,2.0,1.2,1.3,2.5,0.23,0.15,0.39,0.14,0.3,Matches
260,260,Tino Kadewere,zw ZIM,FW,Lyon,25-039,1996,23,19,1526,17.0,9,3,9,0,0,2,0,0.53,0.18,0.71,0.53,0.71,8.0,8.0,3.2,11.2,0.47,0.19,0.66,0.47,0.66,Matches
261,261,Gaël Kakuta,cd COD,"MF,FW",Lens,29-237,1991,23,21,1617,18.0,9,4,4,5,6,2,0,0.5,0.22,0.72,0.22,0.45,7.8,3.2,4.6,7.8,0.43,0.25,0.69,0.18,0.43,Matches
262,262,Arnaud Kalimuendo,fr FRA,"FW,MF",Lens,19-023,2002,17,7,704,7.8,4,1,4,0,0,0,0,0.51,0.13,0.64,0.51,0.64,4.0,4.0,0.7,4.6,0.51,0.09,0.59,0.51,0.59,Matches
263,263,Arnaud Kalimuendo,fr FRA,FW,Paris S-G,19-023,2002,1,1,73,0.8,0,0,0,0,0,0,0,0.0,0.0,0.0,0.0,0.0,0.4,0.4,0.1,0.5,0.47,0.11,0.58,0.47,0.58,Matches
264,264,Samuel Kalu,ng NGA,FW,Bordeaux,23-171,1997,13,9,648,7.2,3,1,3,0,0,2,0,0.42,0.14,0.56,0.42,0.56,0.8,0.8,0.3,1.0,0.11,0.04,0.14,0.11,0.14,Matches
265,265,Bingourou Kamara,sn SEN,GK,Strasbourg,24-115,1996,8,8,720,8.0,0,0,0,0,0,0,0,0.0,0.0,0.0,0.0,0.0,0.0,0.0,0.0,0.0,0.0,0.0,0.0,0.0,0.0,Matches
266,266,Boubacar Kamara,fr FRA,MF,Marseille,21-082,1999,20,20,1645,18.3,0,1,0,0,0,3,0,0.0,0.05,0.05,0.0,0.05,0.7,0.7,0.4,1.1,0.04,0.02,0.06,0.04,0.06,Matches
267,267,Hassane Kamara,fr FRA,DF,Nice,26-147,1994,21,19,1687,18.7,0,1,0,0,0,2,0,0.0,0.05,0.05,0.0,0.05,0.4,0.4,1.4,1.9,0.02,0.08,0.1,0.02,0.1,Matches
268,268,Wilfried Kanga,fr FRA,FW,Angers,22-358,1998,2,2,132,1.5,0,0,0,0,0,0,0,0.0,0.0,0.0,0.0,0.0,0.3,0.3,0.0,0.3,0.18,0.0,0.18,0.18,0.18,Matches
269,269,Eiji Kawashima,jp JPN,GK,Strasbourg,37-330,1983,16,16,1440,16.0,0,0,0,0,0,1,0,0.0,0.0,0.0,0.0,0.0,0.0,0.0,0.0,0.0,0.0,0.0,0.0,0.0,0.0,Matches
270,270,Moise Kean,it ITA,FW,Paris S-G,20-351,2000,16,14,1057,11.7,9,0,9,0,0,2,0,0.77,0.0,0.77,0.77,0.77,7.4,7.4,0.8,8.2,0.63,0.07,0.7,0.63,0.7,Matches
271,271,Thilo Kehrer,de GER,DF,Paris S-G,24-145,1996,14,9,911,10.1,0,0,0,0,0,2,0,0.0,0.0,0.0,0.0,0.0,0.6,0.6,0.0,0.6,0.06,0.0,0.06,0.06,0.06,Matches
272,272,Saîf-Eddine Khaoui,tn TUN,"DF,MF",Marseille,25-292,1995,8,0,181,2.0,0,1,0,0,0,4,0,0.0,0.5,0.5,0.0,0.5,0.2,0.2,0.2,0.4,0.12,0.1,0.22,0.12,0.22,Matches
273,273,Wahbi Khazri,tn TUN,"FW,MF",Saint-Étienne,30-005,1991,10,4,366,4.1,1,0,0,1,1,3,1,0.25,0.0,0.25,0.0,0.0,1.1,0.4,0.4,0.8,0.27,0.1,0.37,0.09,0.19,Matches
274,274,Presnel Kimpembe,fr FRA,DF,Paris S-G,25-184,1995,15,13,1137,12.6,0,0,0,0,0,4,0,0.0,0.0,0.0,0.0,0.0,0.1,0.1,0.3,0.3,0.01,0.02,0.03,0.01,0.03,Matches
275,275,Randal Kolo Muani,fr FRA,FW,Nantes,22-070,1998,23,21,1828,20.3,3,1,3,0,0,2,0,0.15,0.05,0.2,0.15,0.2,5.8,5.8,4.2,10.1,0.29,0.21,0.5,0.29,0.5,Matches
276,276,Timothée Kolodziejczak,fr FRA,DF,Saint-Étienne,29-135,1991,18,18,1542,17.1,0,0,0,0,0,3,1,0.0,0.0,0.0,0.0,0.0,0.7,0.7,0.3,1.1,0.04,0.02,0.06,0.04,0.06,Matches
277,277,Ghislain Konan,ci CIV,DF,Reims,25-048,1995,19,17,1546,17.2,0,1,0,0,0,2,0,0.0,0.06,0.06,0.0,0.06,0.2,0.2,0.9,1.1,0.01,0.05,0.07,0.01,0.07,Matches
278,278,Moussa Konaté,sn SEN,FW,Dijon,27-316,1993,17,9,773,8.6,4,0,3,1,1,3,0,0.47,0.0,0.47,0.35,0.35,3.2,2.5,0.5,3.0,0.37,0.06,0.44,0.29,0.35,Matches
279,279,Lamine Koné,ci CIV,DF,Strasbourg,32-012,1989,8,5,434,4.8,0,0,0,0,0,1,0,0.0,0.0,0.0,0.0,0.0,0.2,0.2,0.0,0.2,0.04,0.0,0.05,0.04,0.05,Matches
280,280,Moussa Koné,sn SEN,"FW,MF",Nîmes,24-045,1996,18,7,682,7.6,2,0,2,0,0,0,0,0.26,0.0,0.26,0.26,0.26,2.0,2.0,0.7,2.7,0.26,0.09,0.35,0.26,0.35,Matches
281,281,Laurent Koscielny,fr FRA,DF,Bordeaux,35-156,1985,17,16,1475,16.4,0,1,0,0,0,2,0,0.0,0.06,0.06,0.0,0.06,0.9,0.9,1.0,1.9,0.06,0.06,0.12,0.06,0.12,Matches
282,282,Boubakar Kouyaté,ml MLI,DF,Metz,23-304,1997,14,11,1027,11.4,0,0,0,0,0,3,0,0.0,0.0,0.0,0.0,0.0,0.7,0.7,0.1,0.8,0.06,0.01,0.07,0.06,0.07,Matches
283,283,Jean-Philippe Krasso,fr FRA,FW,Saint-Étienne,23-211,1997,6,2,223,2.5,0,0,0,0,0,0,0,0.0,0.0,0.0,0.0,0.0,0.2,0.2,0.4,0.6,0.08,0.17,0.25,0.08,0.25,Matches
284,284,Layvin Kurzawa,fr FRA,DF,Paris S-G,28-162,1992,14,10,905,10.1,1,1,1,0,0,2,1,0.1,0.1,0.2,0.1,0.2,0.5,0.5,1.4,1.8,0.04,0.14,0.18,0.04,0.18,Matches
285,285,Dereck Kutesa,ch SUI,"MF,FW",Reims,23-069,1997,18,5,494,5.5,1,2,1,0,0,2,0,0.18,0.36,0.55,0.18,0.55,0.7,0.7,0.7,1.4,0.13,0.12,0.25,0.13,0.25,Matches
286,286,Enock Kwateng,fr FRA,DF,Bordeaux,23-310,1997,11,6,515,5.7,0,0,0,0,0,3,0,0.0,0.0,0.0,0.0,0.0,0.1,0.1,0.4,0.5,0.01,0.08,0.09,0.01,0.09,Matches
287,287,Gaëtan Laborde,fr FRA,"FW,MF",Montpellier,26-286,1994,24,24,2074,23.0,9,7,9,0,0,3,0,0.39,0.3,0.69,0.39,0.69,6.8,6.8,3.7,10.5,0.3,0.16,0.46,0.3,0.46,Matches
288,288,Tom Lacoux,fr FRA,"MF,DF",Bordeaux,19-019,2002,5,0,61,0.7,0,0,0,0,0,0,0,0.0,0.0,0.0,0.0,0.0,0.0,0.0,0.0,0.0,0.0,0.0,0.0,0.0,0.0,Matches
289,289,Alban Lafont,fr FRA,GK,Nantes,22-021,1999,24,24,2160,24.0,0,0,0,0,0,1,0,0.0,0.0,0.0,0.0,0.0,0.0,0.0,0.0,0.0,0.0,0.0,0.0,0.0,0.0,Matches
290,290,Kenny Lala,fr FRA,DF,Strasbourg,29-133,1991,21,21,1834,20.4,3,2,0,3,3,1,0,0.15,0.1,0.25,0.0,0.1,2.5,0.3,4.0,4.2,0.12,0.2,0.32,0.01,0.21,Matches
291,291,Loïck Landre,fr FRA,DF,Nîmes,28-284,1992,13,13,1007,11.2,0,0,0,0,0,2,1,0.0,0.0,0.0,0.0,0.0,0.8,0.8,0.0,0.8,0.07,0.0,0.07,0.07,0.07,Matches
292,292,Julien Laporte,fr FRA,DF,Lorient,27-101,1993,16,16,1440,16.0,0,0,0,0,0,4,0,0.0,0.0,0.0,0.0,0.0,0.2,0.2,0.1,0.3,0.01,0.01,0.02,0.01,0.02,Matches
293,293,Gautier Larsonneur,fr FRA,GK,Brest,23-356,1997,23,23,2070,23.0,0,0,0,0,0,1,0,0.0,0.0,0.0,0.0,0.0,0.0,0.0,0.0,0.0,0.0,0.0,0.0,0.0,0.0,Matches
294,294,Paul Lasne,fr FRA,MF,Brest,32-028,1989,16,14,1218,13.5,0,0,0,0,0,3,1,0.0,0.0,0.0,0.0,0.0,0.4,0.4,0.3,0.6,0.03,0.02,0.05,0.03,0.05,Matches
295,295,Armand Lauriente,fr FRA,"FW,MF",Lorient,22-071,1998,16,10,945,10.5,0,2,0,0,0,3,0,0.0,0.19,0.19,0.0,0.19,1.2,1.2,3.6,4.8,0.12,0.34,0.46,0.12,0.46,Matches
296,296,Wesley Lautoa,nc NCL,"MF,DF",Dijon,33-172,1987,17,11,943,10.5,0,0,0,0,0,1,0,0.0,0.0,0.0,0.0,0.0,0.1,0.1,0.0,0.1,0.01,0.0,0.01,0.01,0.01,Matches
297,297,Jérémy Le Douaron,fr FRA,"FW,MF",Brest,22-298,1998,17,6,571,6.3,1,2,1,0,0,0,0,0.16,0.32,0.47,0.16,0.47,1.0,1.0,0.3,1.3,0.15,0.05,0.21,0.15,0.21,Matches
298,298,Enzo Le Fée,fr FRA,"MF,FW",Lorient,21-010,2000,21,10,917,10.2,0,1,0,0,0,5,0,0.0,0.1,0.1,0.0,0.1,0.3,0.3,2.7,3.0,0.03,0.27,0.3,0.03,0.3,Matches
299,299,Vincent Le Goff,fr FRA,DF,Lorient,31-121,1989,14,14,1260,14.0,0,0,0,0,0,0,0,0.0,0.0,0.0,0.0,0.0,0.1,0.1,0.7,0.8,0.01,0.05,0.06,0.01,0.06,Matches
300,300,Damien Le Tallec,fr FRA,"MF,DF",Montpellier,30-300,1990,15,9,816,9.1,0,0,0,0,0,2,1,0.0,0.0,0.0,0.0,0.0,1.1,1.1,0.0,1.1,0.12,0.0,0.12,0.12,0.12,Matches
301,301,James Lea Siliki,fr FRA,MF,Rennes,24-246,1996,6,3,246,2.7,0,0,0,0,0,0,0,0.0,0.0,0.0,0.0,0.0,0.3,0.3,0.0,0.3,0.1,0.02,0.11,0.1,0.11,Matches
302,302,Jean-Louis Leca,fr FRA,GK,Lens,35-145,1985,24,24,2154,23.9,0,0,0,0,0,1,0,0.0,0.0,0.0,0.0,0.0,0.0,0.0,0.1,0.1,0.0,0.01,0.01,0.0,0.01,Matches
303,303,Benjamin Lecomte,fr FRA,GK,Monaco,29-293,1991,14,14,1260,14.0,0,0,0,0,0,0,0,0.0,0.0,0.0,0.0,0.0,0.0,0.0,0.0,0.0,0.0,0.0,0.0,0.0,0.0,Matches
304,304,Pierre Lees-Melou,fr FRA,MF,Nice,27-264,1993,16,15,1322,14.7,4,2,3,1,1,2,0,0.27,0.14,0.41,0.2,0.34,3.0,2.2,0.9,3.1,0.2,0.06,0.27,0.15,0.21,Matches
305,305,Fabien Lemoine,fr FRA,MF,Lorient,33-334,1987,17,13,1019,11.3,0,0,0,0,0,4,0,0.0,0.0,0.0,0.0,0.0,0.3,0.3,0.7,1.0,0.02,0.06,0.08,0.02,0.08,Matches
306,306,Aaron Leya Iseka,be BEL,FW,Metz,23-090,1997,12,7,544,6.0,4,0,2,2,2,4,0,0.66,0.0,0.66,0.33,0.33,3.0,1.5,0.5,2.0,0.49,0.08,0.57,0.24,0.32,Matches
307,307,Dimitri Liénard,fr FRA,MF,Strasbourg,33-000,1988,21,7,835,9.3,1,2,0,1,1,1,0,0.11,0.22,0.32,0.0,0.22,1.2,0.4,2.1,2.6,0.13,0.23,0.36,0.05,0.28,Matches
308,308,Isaac Lihadji,fr FRA,MF,Lille,18-309,2002,13,1,190,2.1,0,1,0,0,0,0,0,0.0,0.47,0.47,0.0,0.47,0.6,0.6,0.8,1.4,0.31,0.36,0.67,0.31,0.67,Matches
309,309,Pol Lirola,es ESP,DF,Marseille,23-184,1997,4,3,295,3.3,0,0,0,0,0,1,0,0.0,0.0,0.0,0.0,0.0,0.0,0.0,0.0,0.0,0.0,0.0,0.0,0.0,0.0,Matches
310,310,Anthony Lopes,pt POR,GK,Lyon,30-135,1990,24,24,2160,24.0,0,0,0,0,0,1,0,0.0,0.0,0.0,0.0,0.0,0.0,0.0,0.0,0.0,0.0,0.0,0.0,0.0,0.0,Matches
311,311,Rony Lopes,pt POR,"FW,MF",Nice,25-047,1995,18,14,1096,12.2,1,1,1,0,0,1,0,0.08,0.08,0.16,0.08,0.16,2.2,2.2,2.4,4.6,0.18,0.19,0.38,0.18,0.38,Matches
312,312,Maxime Lopez,fr FRA,"FW,MF",Marseille,23-071,1997,4,2,134,1.5,0,0,0,0,0,1,0,0.0,0.0,0.0,0.0,0.0,0.0,0.0,0.2,0.2,0.0,0.1,0.1,0.0,0.1,Matches
313,313,Jordan Lotomba,ch SUI,DF,Nice,22-137,1998,20,18,1563,17.4,1,0,1,0,0,4,0,0.06,0.0,0.06,0.06,0.06,0.3,0.3,1.3,1.5,0.01,0.07,0.09,0.01,0.09,Matches
314,314,Imran Louza,fr FRA,MF,Nantes,21-288,1999,19,17,1373,15.3,4,1,1,3,3,3,1,0.26,0.07,0.33,0.07,0.13,3.5,1.2,1.7,2.9,0.23,0.11,0.34,0.08,0.19,Matches
315,315,Jean Lucas,br BRA,MF,Brest,22-236,1998,5,2,223,2.5,0,0,0,0,0,0,0,0.0,0.0,0.0,0.0,0.0,0.3,0.3,0.2,0.5,0.13,0.07,0.21,0.13,0.21,Matches
316,316,Jean Lucas,br BRA,MF,Lyon,22-236,1998,8,1,172,1.9,0,0,0,0,0,1,0,0.0,0.0,0.0,0.0,0.0,0.1,0.1,0.0,0.2,0.08,0.02,0.1,0.08,0.1,Matches
317,317,Florentino Luís,pt POR,MF,Monaco,21-178,1999,7,2,218,2.4,0,0,0,0,0,1,0,0.0,0.0,0.0,0.0,0.0,0.1,0.1,0.2,0.3,0.04,0.07,0.11,0.04,0.11,Matches
318,318,Yann M'Vila,fr FRA,"MF,FW",Saint-Étienne,30-229,1990,1,0,20,0.2,0,0,0,0,0,0,0,0.0,0.0,0.0,0.0,0.0,0.0,0.0,0.0,0.0,0.0,0.0,0.0,0.0,0.0,Matches
319,319,Yvann Macon,fr FRA,DF,Saint-Étienne,22-135,1998,6,6,539,6.0,1,1,1,0,0,2,0,0.17,0.17,0.33,0.17,0.33,0.0,0.0,0.1,0.2,0.01,0.02,0.03,0.01,0.03,Matches
320,320,Hugo Magnetti,fr FRA,MF,Brest,22-259,1998,6,1,88,1.0,0,0,0,0,0,2,0,0.0,0.0,0.0,0.0,0.0,0.1,0.1,0.0,0.1,0.09,0.0,0.09,0.09,0.09,Matches
321,321,Hicham Mahou,fr FRA,DF,Nice,21-226,1999,2,0,34,0.4,0,0,0,0,0,1,0,0.0,0.0,0.0,0.0,0.0,0.0,0.0,0.0,0.0,0.0,0.05,0.05,0.0,0.05,Matches
322,322,Habib Maïga,ci CIV,MF,Metz,25-043,1996,19,19,1643,18.3,1,3,1,0,0,8,0,0.05,0.16,0.22,0.05,0.22,1.2,1.2,1.8,3.0,0.07,0.1,0.17,0.07,0.17,Matches
323,323,Mike Maignan,fr FRA,GK,Lille,25-077,1995,24,24,2160,24.0,0,0,0,0,0,1,0,0.0,0.0,0.0,0.0,0.0,0.0,0.0,0.0,0.0,0.0,0.0,0.0,0.0,0.0,Matches
324,324,Josh Maja,ng NGA,FW,Bordeaux,22-048,1998,17,11,804,8.9,2,0,2,0,0,2,0,0.22,0.0,0.22,0.22,0.22,3.1,3.1,0.6,3.6,0.34,0.06,0.41,0.34,0.41,Matches
325,325,Radosław Majecki,pl POL,GK,Monaco,21-089,1999,1,1,90,1.0,0,0,0,0,0,0,0,0.0,0.0,0.0,0.0,0.0,0.0,0.0,0.0,0.0,0.0,0.0,0.0,0.0,0.0,Matches
326,326,Abdul Majeed Waris,gh GHA,"FW,MF",Strasbourg,29-147,1991,14,5,479,5.3,1,0,0,1,1,0,0,0.19,0.0,0.19,0.0,0.0,1.3,0.5,0.0,0.5,0.24,0.0,0.24,0.1,0.1,Matches
327,327,Marco Majouga,fr FRA,"FW,MF",Nîmes,19-280,2001,7,0,105,1.2,0,0,0,0,0,0,0,0.0,0.0,0.0,0.0,0.0,0.2,0.2,0.3,0.5,0.19,0.23,0.43,0.19,0.43,Matches
328,328,Adilson Malanda,fr FRA,MF,Nîmes,19-107,2001,1,0,19,0.2,0,0,0,0,0,0,0,0.0,0.0,0.0,0.0,0.0,0.0,0.0,0.0,0.0,0.0,0.0,0.0,0.0,0.0,Matches
329,329,Hianga Mananga Mbock,fr FRA,MF,Brest,21-047,1999,10,4,451,5.0,0,0,0,0,0,1,0,0.0,0.0,0.0,0.0,0.0,0.2,0.2,0.0,0.3,0.05,0.01,0.05,0.05,0.05,Matches
330,330,Vincent Manceau,fr FRA,DF,Angers,31-218,1989,17,15,1409,15.7,0,0,0,0,0,2,0,0.0,0.0,0.0,0.0,0.0,0.1,0.1,0.8,0.9,0.01,0.05,0.06,0.01,0.06,Matches
331,331,Steve Mandanda,fr FRA,GK,Marseille,35-322,1985,21,21,1890,21.0,0,0,0,0,0,1,0,0.0,0.0,0.0,0.0,0.0,0.0,0.0,0.0,0.0,0.0,0.0,0.0,0.0,0.0,Matches
332,332,Reinildo Mandava,mz MOZ,DF,Lille,27-023,1994,15,11,972,10.8,0,0,0,0,0,1,1,0.0,0.0,0.0,0.0,0.0,0.0,0.0,1.0,1.1,0.0,0.1,0.1,0.0,0.1,Matches
333,333,Thomas Mangani,fr FRA,MF,Angers,33-290,1987,22,20,1674,18.6,1,3,0,1,1,3,0,0.05,0.16,0.22,0.0,0.16,1.3,0.6,2.3,2.9,0.07,0.12,0.2,0.03,0.16,Matches
334,334,Vito Mannone,it ITA,GK,Monaco,32-348,1988,9,9,810,9.0,0,0,0,0,0,0,0,0.0,0.0,0.0,0.0,0.0,0.0,0.0,0.0,0.0,0.0,0.0,0.0,0.0,0.0,Matches
335,335,Myziane Maolida,fr FRA,"FW,MF",Nice,21-365,1999,10,3,387,4.3,2,1,2,0,0,1,0,0.47,0.23,0.7,0.47,0.7,1.4,1.4,0.8,2.2,0.34,0.18,0.51,0.34,0.51,Matches
336,336,Faitout Maouassa,fr FRA,DF,Rennes,22-222,1998,13,10,800,8.9,0,1,0,0,0,3,0,0.0,0.11,0.11,0.0,0.11,0.4,0.4,1.1,1.5,0.05,0.12,0.17,0.05,0.17,Matches
337,337,Fernando Marçal,br BRA,DF,Lyon,31-360,1989,1,1,78,0.9,0,0,0,0,0,0,0,0.0,0.0,0.0,0.0,0.0,0.0,0.0,0.0,0.0,0.0,0.0,0.0,0.0,0.0,Matches
338,338,Marcelo,br BRA,DF,Lyon,33-269,1987,22,22,1893,21.0,2,0,2,0,0,6,1,0.1,0.0,0.1,0.1,0.1,1.2,1.2,0.3,1.5,0.06,0.01,0.07,0.06,0.07,Matches
339,339,Dario Maresic,at AUT,DF,Reims,21-137,1999,6,4,407,4.5,0,0,0,0,0,0,0,0.0,0.0,0.0,0.0,0.0,0.0,0.0,0.0,0.0,0.0,0.0,0.0,0.0,0.0,Matches
340,340,Jordan Marié,fr FRA,MF,Dijon,29-137,1991,14,7,668,7.4,0,0,0,0,0,1,0,0.0,0.0,0.0,0.0,0.0,0.4,0.4,0.2,0.6,0.05,0.03,0.08,0.05,0.08,Matches
341,341,Guillermo Maripán,cl CHI,DF,Monaco,26-283,1994,15,9,947,10.5,4,1,4,0,0,2,0,0.38,0.1,0.48,0.38,0.48,1.7,1.7,0.1,1.8,0.16,0.01,0.17,0.16,0.17,Matches
342,342,Marquinhos,br BRA,DF,Paris S-G,26-275,1994,14,13,1138,12.6,1,0,1,0,0,1,0,0.08,0.0,0.08,0.08,0.08,0.9,0.9,0.0,0.9,0.07,0.0,0.07,0.07,0.07,Matches
343,343,Jonas Martin,fr FRA,MF,Rennes,30-310,1990,9,3,305,3.4,0,0,0,0,0,2,0,0.0,0.0,0.0,0.0,0.0,0.0,0.0,0.2,0.2,0.0,0.05,0.05,0.0,0.05,Matches
344,344,Pablo Martinez,fr FRA,DF,Nîmes,31-358,1989,7,6,540,6.0,0,1,0,0,0,1,0,0.0,0.17,0.17,0.0,0.17,0.0,0.0,0.1,0.1,0.0,0.01,0.01,0.0,0.01,Matches
345,345,Gelson Martins,pt POR,"MF,FW",Monaco,25-278,1995,18,17,1295,14.4,2,2,2,0,0,3,0,0.14,0.14,0.28,0.14,0.28,2.0,2.0,2.7,4.7,0.14,0.19,0.33,0.14,0.33,Matches
346,346,Sylvain Marveaux,fr FRA,"MF,FW",Lorient,34-304,1986,9,2,200,2.2,0,0,0,0,0,0,0,0.0,0.0,0.0,0.0,0.0,0.8,0.8,0.0,0.8,0.37,0.01,0.38,0.37,0.38,Matches
347,347,Pape Matar Sarr,sn SEN,MF,Metz,18-152,2002,8,5,466,5.2,2,0,2,0,0,2,0,0.39,0.0,0.39,0.39,0.39,0.3,0.3,0.2,0.5,0.05,0.05,0.1,0.05,0.1,Matches
348,348,Eliot Matazo,be BEL,MF,Monaco,18-364,2002,5,1,117,1.3,0,0,0,0,0,0,1,0.0,0.0,0.0,0.0,0.0,0.1,0.1,0.0,0.1,0.07,0.0,0.07,0.07,0.07,Matches
349,349,Chrislain Matsima,fr FRA,DF,Monaco,18-274,2002,6,3,335,3.7,0,0,0,0,0,2,0,0.0,0.0,0.0,0.0,0.0,0.1,0.1,0.1,0.3,0.04,0.04,0.08,0.04,0.08,Matches
350,350,Tony Mauricio,fr FRA,MF,Lens,26-328,1994,17,1,345,3.8,0,3,0,0,0,3,0,0.0,0.78,0.78,0.0,0.78,0.6,0.6,0.8,1.5,0.16,0.22,0.38,0.16,0.38,Matches
351,351,Stephy Mavididi,eng ENG,"FW,MF",Montpellier,22-258,1998,21,10,952,10.6,4,0,4,0,0,3,0,0.38,0.0,0.38,0.38,0.38,2.3,2.3,0.3,2.6,0.22,0.03,0.24,0.22,0.24,Matches
352,352,Youssef Maziz,fr FRA,"MF,FW",Metz,22-234,1998,8,2,178,2.0,0,0,0,0,0,1,0,0.0,0.0,0.0,0.0,0.0,0.4,0.4,0.4,0.8,0.2,0.22,0.43,0.2,0.43,Matches
353,353,Kylian Mbappé,fr FRA,"FW,MF",Paris S-G,22-055,1998,20,16,1431,15.9,16,6,12,4,4,1,0,1.01,0.38,1.38,0.75,1.13,15.9,12.8,3.0,15.8,1.0,0.19,1.19,0.81,1.0,Matches
354,354,Nathanael Mbuku,fr FRA,MF,Reims,18-334,2002,19,15,1206,13.4,2,1,2,0,0,2,0,0.15,0.07,0.22,0.15,0.22,1.5,1.5,1.6,3.2,0.11,0.12,0.24,0.11,0.24,Matches
355,355,Facundo Medina,ar ARG,DF,Lens,21-261,1999,16,15,1320,14.7,2,0,2,0,0,7,0,0.14,0.0,0.14,0.14,0.14,0.7,0.7,0.2,1.0,0.05,0.01,0.07,0.05,0.07,Matches
356,356,Farid El Melali,dz ALG,"FW,MF",Angers,23-215,1997,13,2,248,2.8,0,0,0,0,0,1,0,0.0,0.0,0.0,0.0,0.0,1.1,1.1,0.0,1.2,0.41,0.01,0.42,0.41,0.42,Matches
357,357,Birger Meling,no NOR,DF,Nîmes,26-058,1994,12,12,1068,11.9,1,2,1,0,0,2,0,0.08,0.17,0.25,0.08,0.25,0.4,0.4,0.6,1.0,0.03,0.05,0.08,0.03,0.08,Matches
358,358,Houboulang Mendes,fr FRA,DF,Lorient,22-285,1998,12,11,930,10.3,0,0,0,0,0,2,0,0.0,0.0,0.0,0.0,0.0,0.0,0.0,0.0,0.1,0.0,0.0,0.01,0.0,0.01,Matches
359,359,Pedro Mendes,pt POR,DF,Montpellier,30-135,1990,18,18,1525,16.9,2,0,2,0,0,4,0,0.12,0.0,0.12,0.12,0.12,0.9,0.9,0.1,1.0,0.05,0.01,0.06,0.05,0.06,Matches
360,360,Thiago Mendes,br BRA,MF,Lyon,28-335,1992,18,14,1364,15.2,0,1,0,0,0,4,1,0.0,0.07,0.07,0.0,0.07,1.5,1.5,1.2,2.7,0.1,0.08,0.18,0.1,0.18,Matches
361,361,Batista Mendy,fr FRA,MF,Nantes,21-032,2000,1,0,30,0.3,0,0,0,0,0,0,0,0.0,0.0,0.0,0.0,0.0,0.0,0.0,0.0,0.0,0.0,0.0,0.0,0.0,0.0,Matches
362,362,Edouard Mendy,sn SEN,GK,Rennes,28-349,1992,1,1,90,1.0,0,0,0,0,0,0,0,0.0,0.0,0.0,0.0,0.0,0.0,0.0,0.1,0.1,0.0,0.05,0.05,0.0,0.05,Matches
363,363,Clément Michelin,fr FRA,DF,Lens,23-278,1997,16,10,882,9.8,0,2,0,0,0,0,1,0.0,0.2,0.2,0.0,0.2,0.1,0.1,1.7,1.9,0.01,0.18,0.19,0.01,0.19,Matches
364,364,Florian Miguel,fr FRA,DF,Nîmes,24-165,1996,14,11,999,11.1,0,0,0,0,0,1,1,0.0,0.0,0.0,0.0,0.0,0.7,0.7,0.1,0.8,0.07,0.01,0.07,0.07,0.07,Matches
365,365,Arkadiusz Milik,pl POL,FW,Marseille,26-351,1994,2,1,91,1.0,1,0,1,0,0,0,0,0.99,0.0,0.99,0.99,0.99,1.0,1.0,0.4,1.4,0.98,0.41,1.38,0.98,1.38,Matches
366,366,Enzo Millot,fr FRA,MF,Monaco,18-211,2002,2,0,41,0.5,0,0,0,0,0,0,0,0.0,0.0,0.0,0.0,0.0,0.1,0.1,0.0,0.1,0.25,0.0,0.25,0.25,0.25,Matches
367,367,Stefan Mitrović,rs SRB,DF,Strasbourg,30-267,1990,18,17,1524,16.9,1,0,1,0,0,2,1,0.06,0.0,0.06,0.06,0.06,0.5,0.5,0.0,0.5,0.03,0.0,0.03,0.03,0.03,Matches
368,368,Anthony Modeste,fr FRA,FW,Saint-Étienne,32-305,1988,2,1,121,1.3,0,0,0,0,0,0,0,0.0,0.0,0.0,0.0,0.0,0.4,0.4,0.1,0.5,0.28,0.09,0.38,0.28,0.38,Matches
369,369,Terem Moffi,ng NGA,FW,Lorient,21-264,1999,17,12,920,10.2,6,0,6,0,0,0,0,0.59,0.0,0.59,0.59,0.59,5.1,5.1,1.9,7.0,0.5,0.18,0.69,0.5,0.69,Matches
370,370,Florent Mollet,fr FRA,MF,Montpellier,29-086,1991,22,18,1399,15.5,3,3,3,0,0,2,1,0.19,0.19,0.39,0.19,0.39,2.6,2.6,1.9,4.4,0.17,0.12,0.29,0.17,0.29,Matches
371,371,Thomas Monconduit,fr FRA,MF,Lorient,30-003,1991,16,9,799,8.9,1,0,1,0,0,2,0,0.11,0.0,0.11,0.11,0.11,0.9,0.9,1.1,2.0,0.1,0.12,0.22,0.1,0.22,Matches
372,372,Kévin Monnet-Paquet,fr FRA,"FW,MF",Saint-Étienne,32-178,1988,9,5,358,4.0,0,0,0,0,0,0,0,0.0,0.0,0.0,0.0,0.0,0.1,0.1,0.1,0.2,0.04,0.02,0.05,0.04,0.05,Matches
373,373,Jérémy Morel,mg MAD,DF,Lorient,36-317,1984,21,21,1890,21.0,0,0,0,0,0,1,0,0.0,0.0,0.0,0.0,0.0,0.5,0.5,0.2,0.7,0.02,0.01,0.03,0.02,0.03,Matches
374,374,Aimen Moueffek,fr FRA,"DF,MF",Saint-Étienne,19-310,2001,10,6,584,6.5,0,0,0,0,0,2,0,0.0,0.0,0.0,0.0,0.0,0.2,0.2,0.4,0.6,0.03,0.06,0.09,0.03,0.09,Matches
375,375,Harold Moukoudi,cm CMR,DF,Saint-Étienne,23-078,1997,16,16,1440,16.0,1,1,1,0,0,4,0,0.06,0.06,0.12,0.06,0.12,0.6,0.6,0.3,1.0,0.04,0.02,0.06,0.04,0.06,Matches
376,376,Jessy Moulin,fr FRA,GK,Saint-Étienne,35-031,1986,24,24,2160,24.0,0,0,0,0,0,1,0,0.0,0.0,0.0,0.0,0.0,0.0,0.0,0.0,0.0,0.0,0.0,0.0,0.0,0.0,Matches
377,377,Steve Mounié,bj BEN,FW,Brest,26-137,1994,22,19,1608,17.9,6,4,5,1,2,2,0,0.34,0.22,0.56,0.28,0.5,9.1,7.6,1.8,9.4,0.51,0.1,0.61,0.43,0.53,Matches
378,378,Samuel Moutoussamy,cd COD,FW,Nantes,24-185,1996,1,1,82,0.9,0,0,0,0,0,0,0,0.0,0.0,0.0,0.0,0.0,0.1,0.1,0.0,0.1,0.12,0.0,0.12,0.12,0.12,Matches
379,379,Loris Mouyokolo,cg CGO,DF,Lorient,19-267,2001,1,0,19,0.2,0,0,0,0,0,0,0,0.0,0.0,0.0,0.0,0.0,0.0,0.0,0.0,0.0,0.0,0.0,0.0,0.0,0.0,Matches
380,380,Benoît Mukinayi,fr FRA,DF,Monaco,19-324,2001,23,22,1916,21.3,2,0,2,0,0,2,0,0.09,0.0,0.09,0.09,0.09,1.6,1.6,0.0,1.6,0.08,0.0,0.08,0.08,0.08,Matches
381,381,Marshall Munetsi,zw ZIM,MF,Reims,24-236,1996,16,11,983,10.9,1,0,1,0,0,4,1,0.09,0.0,0.09,0.09,0.09,0.4,0.4,0.1,0.5,0.04,0.01,0.04,0.04,0.04,Matches
382,382,Stanley N'Soki,fr FRA,DF,Nice,21-310,1999,12,11,1000,11.1,0,0,0,0,0,3,0,0.0,0.0,0.0,0.0,0.0,0.3,0.3,0.1,0.4,0.03,0.01,0.04,0.03,0.04,Matches
383,383,Yuto Nagatomo,jp JPN,DF,Marseille,34-154,1986,13,10,815,9.1,0,0,0,0,0,2,0,0.0,0.0,0.0,0.0,0.0,0.0,0.0,0.0,0.0,0.0,0.0,0.0,0.0,0.0,Matches
384,384,Paul Nardi,fr FRA,GK,Lorient,26-271,1994,18,18,1620,18.0,0,0,0,0,0,1,0,0.0,0.0,0.0,0.0,0.0,0.0,0.0,0.1,0.1,0.0,0.01,0.01,0.0,0.01,Matches
385,385,Keylor Navas,cr CRC,GK,Paris S-G,34-060,1986,16,16,1395,15.5,0,0,0,0,0,0,0,0.0,0.0,0.0,0.0,0.0,0.0,0.0,0.3,0.3,0.0,0.02,0.02,0.0,0.02,Matches
386,386,Papa Ndiaga Yade,sn SEN,"FW,MF",Metz,21-039,2000,17,4,566,6.3,2,3,2,0,0,2,0,0.32,0.48,0.8,0.32,0.8,0.8,0.8,1.2,2.0,0.13,0.18,0.32,0.13,0.32,Matches
387,387,Bridge Ndilu,fr FRA,"FW,MF",Nantes,20-207,2000,6,0,42,0.5,0,0,0,0,0,1,0,0.0,0.0,0.0,0.0,0.0,0.2,0.2,0.1,0.3,0.51,0.18,0.69,0.51,0.69,Matches
388,388,Dan Ndoye,ch SUI,"FW,MF",Nice,20-111,2000,20,2,403,4.5,1,1,1,0,0,0,0,0.22,0.22,0.45,0.22,0.45,1.0,1.0,0.0,1.0,0.22,0.0,0.22,0.22,0.22,Matches
389,389,Neymar,br BRA,"FW,MF",Paris S-G,29-008,1992,11,9,866,9.6,6,3,3,3,3,4,1,0.62,0.31,0.94,0.31,0.62,8.1,5.8,3.7,9.6,0.84,0.39,1.23,0.61,0.99,Matches
390,390,Yvan Neyou,cm CMR,MF,Saint-Étienne,24-041,1997,20,19,1622,18.0,1,1,1,0,0,6,0,0.06,0.06,0.11,0.06,0.11,1.1,1.1,1.5,2.5,0.06,0.08,0.14,0.06,0.14,Matches
391,391,Muzinga Ngonda,cd COD,DF,Dijon,26-044,1994,20,16,1487,16.5,1,0,1,0,0,3,0,0.06,0.0,0.06,0.06,0.06,0.1,0.1,0.8,1.0,0.01,0.05,0.06,0.01,0.06,Matches
392,392,Ahmad Ngouyamsa,cm CMR,DF,Dijon,20-054,2000,2,2,144,1.6,0,0,0,0,0,1,0,0.0,0.0,0.0,0.0,0.0,0.0,0.0,0.0,0.0,0.0,0.0,0.0,0.0,0.0,Matches
393,393,Opa Nguette,sn SEN,"FW,MF",Metz,26-220,1994,16,13,1132,12.6,3,1,3,0,1,0,0,0.24,0.08,0.32,0.24,0.32,3.4,2.6,1.0,3.5,0.27,0.08,0.34,0.21,0.28,Matches
394,394,Ibrahima Niane,sn SEN,FW,Metz,21-339,1999,6,6,471,5.2,6,0,5,1,1,0,0,1.15,0.0,1.15,0.96,0.96,3.1,2.4,0.2,2.6,0.6,0.04,0.64,0.45,0.5,Matches
395,395,M'Baye Niang,sn SEN,FW,Rennes,26-056,1994,9,4,422,4.7,1,0,1,0,0,0,0,0.21,0.0,0.21,0.21,0.21,0.9,0.9,0.0,0.9,0.2,0.0,0.2,0.2,0.2,Matches
396,396,Casimir Ninga,td CHA,FW,Angers,27-272,1993,1,0,23,0.3,0,0,0,0,0,0,0,0.0,0.0,0.0,0.0,0.0,0.0,0.0,0.0,0.0,0.0,0.0,0.0,0.0,0.0,Matches
397,397,Arnaud Nordin,fr FRA,"FW,MF",Saint-Étienne,22-241,1998,20,13,1164,12.9,2,3,2,0,0,1,0,0.15,0.23,0.39,0.15,0.39,2.7,2.7,1.5,4.2,0.21,0.12,0.33,0.21,0.33,Matches
398,398,Gerzino Nyamsi,fr FRA,DF,Rennes,24-022,1997,7,6,477,5.3,0,0,0,0,0,0,0,0.0,0.0,0.0,0.0,0.0,0.0,0.0,0.0,0.0,0.01,0.0,0.01,0.01,0.01,Matches
399,399,Steven Nzonzi,fr FRA,MF,Rennes,32-060,1988,20,20,1790,19.9,1,1,1,0,0,6,0,0.05,0.05,0.1,0.05,0.1,0.9,0.9,0.8,1.7,0.05,0.04,0.09,0.05,0.09,Matches
400,400,Jonas Omlin,ch SUI,GK,Montpellier,27-034,1994,20,20,1683,18.7,0,0,0,0,0,0,1,0.0,0.0,0.0,0.0,0.0,0.0,0.0,0.0,0.0,0.0,0.0,0.0,0.0,0.0,Matches
401,401,Henry Onyekuru,ng NGA,FW,Monaco,23-253,1997,4,2,140,1.6,0,1,0,0,0,0,0,0.0,0.64,0.64,0.0,0.64,0.3,0.3,0.5,0.8,0.17,0.33,0.49,0.17,0.49,Matches
402,402,Otávio,br BRA,MF,Bordeaux,26-285,1994,18,18,1559,17.3,1,0,1,0,0,6,0,0.06,0.0,0.06,0.06,0.06,0.3,0.3,0.1,0.4,0.01,0.01,0.02,0.01,0.02,Matches
403,403,Remi Oudin,fr FRA,"FW,MF",Bordeaux,24-087,1996,24,17,1560,17.3,4,4,4,0,0,1,0,0.23,0.23,0.46,0.23,0.46,2.5,2.5,3.3,5.8,0.14,0.19,0.33,0.14,0.33,Matches
404,404,Alexandre Oukidja,dz ALG,GK,Metz,32-209,1988,23,23,2069,23.0,0,0,0,0,0,3,0,0.0,0.0,0.0,0.0,0.0,0.0,0.0,0.2,0.2,0.0,0.01,0.01,0.0,0.01,Matches
405,405,Ambroise Oyongo,cm CMR,DF,Montpellier,29-236,1991,13,5,558,6.2,1,1,1,0,0,1,0,0.16,0.16,0.32,0.16,0.32,0.1,0.1,0.2,0.4,0.02,0.04,0.06,0.02,0.06,Matches
406,406,Pablo,br BRA,DF,Bordeaux,29-237,1991,13,12,1076,12.0,1,0,1,0,0,5,0,0.08,0.0,0.08,0.08,0.08,0.9,0.9,0.0,0.9,0.08,0.0,0.08,0.08,0.08,Matches
407,407,Vincent Pajot,fr FRA,MF,Metz,30-178,1990,8,8,638,7.1,0,0,0,0,0,3,0,0.0,0.0,0.0,0.0,0.0,0.3,0.3,0.1,0.5,0.05,0.02,0.06,0.05,0.06,Matches
408,408,Nicolas Pallois,fr FRA,DF,Nantes,33-147,1987,20,20,1782,19.8,1,0,1,0,0,7,1,0.05,0.0,0.05,0.05,0.05,0.6,0.6,0.2,0.8,0.03,0.01,0.04,0.03,0.04,Matches
409,409,Jonathan Panzo,eng ENG,DF,Dijon,20-111,2000,14,13,1195,13.3,0,0,0,0,0,4,0,0.0,0.0,0.0,0.0,0.0,0.4,0.4,0.0,0.4,0.03,0.0,0.03,0.03,0.03,Matches
410,410,Lucas Paquetá,br BRA,MF,Lyon,23-170,1997,17,14,1220,13.6,2,1,2,0,0,3,0,0.15,0.07,0.22,0.15,0.22,3.4,3.4,3.3,6.7,0.25,0.25,0.5,0.25,0.5,Matches
411,411,Gaëtan Paquiez,fr FRA,DF,Nîmes,26-364,1994,11,9,817,9.1,0,0,0,0,0,0,0,0.0,0.0,0.0,0.0,0.0,0.1,0.1,0.2,0.2,0.01,0.02,0.02,0.01,0.02,Matches
412,412,Rubén Pardo,es ESP,"MF,FW",Bordeaux,28-114,1992,2,0,23,0.3,0,0,0,0,0,0,0,0.0,0.0,0.0,0.0,0.0,0.0,0.0,0.0,0.0,0.0,0.0,0.0,0.0,0.0,Matches
413,413,Leandro Paredes,ar ARG,MF,Paris S-G,26-229,1994,14,11,835,9.3,0,1,0,0,0,5,1,0.0,0.11,0.11,0.0,0.11,0.3,0.3,0.1,0.4,0.04,0.01,0.04,0.04,0.04,Matches
414,414,Mateo Pavlović,ba BIH,DF,Angers,30-249,1990,7,5,483,5.4,0,0,0,0,0,2,0,0.0,0.0,0.0,0.0,0.0,0.2,0.2,0.0,0.2,0.04,0.0,0.04,0.04,0.04,Matches
415,415,Strahinja Pavlović,rs SRB,DF,Monaco,19-265,2001,1,0,1,0.0,0,0,0,0,0,0,0,0.0,0.0,0.0,0.0,0.0,0.0,0.0,0.0,0.0,0.0,0.0,0.0,0.0,0.0,Matches
416,416,Dimitri Payet,fr FRA,"FW,MF",Marseille,33-321,1987,18,13,1118,12.4,3,3,3,0,1,2,2,0.24,0.24,0.48,0.24,0.48,2.2,1.5,3.3,4.8,0.18,0.27,0.45,0.12,0.39,Matches
417,417,Yohann Pelé,fr FRA,GK,Marseille,38-101,1982,1,1,90,1.0,0,0,0,0,0,0,0,0.0,0.0,0.0,0.0,0.0,0.0,0.0,0.0,0.0,0.0,0.0,0.0,0.0,0.0,Matches
418,418,Pietro Pellegri,it ITA,"FW,MF",Monaco,19-333,2001,13,0,209,2.3,1,0,1,0,0,2,0,0.43,0.0,0.43,0.43,0.43,1.5,1.5,0.3,1.8,0.65,0.11,0.76,0.65,0.76,Matches
419,419,Andy Pelmard,fr FRA,DF,Nice,20-338,2000,14,9,905,10.1,0,0,0,0,0,1,0,0.0,0.0,0.0,0.0,0.0,0.1,0.1,0.0,0.1,0.01,0.0,0.01,0.01,0.01,Matches
420,420,Timothee Pembele,fr FRA,DF,Paris S-G,18-157,2002,5,3,378,4.2,1,0,1,0,0,1,0,0.24,0.0,0.24,0.24,0.24,1.0,1.0,0.2,1.2,0.24,0.05,0.29,0.24,0.29,Matches
421,421,Mathias Pereira Lage,pt POR,"FW,MF",Angers,24-075,1996,17,11,938,10.4,3,0,3,0,0,2,0,0.29,0.0,0.29,0.29,0.29,1.3,1.3,0.3,1.7,0.13,0.03,0.16,0.13,0.16,Matches
422,422,Danilo Pereira,pt POR,"DF,MF",Paris S-G,29-157,1991,11,6,520,5.8,0,0,0,0,0,2,0,0.0,0.0,0.0,0.0,0.0,0.6,0.6,0.0,0.6,0.11,0.0,0.11,0.11,0.11,Matches
423,423,Manuel Perez,fr FRA,MF,Lens,29-278,1991,4,1,128,1.4,0,0,0,0,0,1,0,0.0,0.0,0.0,0.0,0.0,0.1,0.1,0.0,0.1,0.05,0.0,0.05,0.05,0.05,Matches
424,424,Romain Perraud,fr FRA,DF,Brest,23-144,1997,22,21,1880,20.9,3,5,3,0,0,2,0,0.14,0.24,0.38,0.14,0.38,1.4,1.4,2.1,3.6,0.07,0.1,0.17,0.07,0.17,Matches
425,425,Lucas Perrin,fr FRA,DF,Marseille,22-086,1998,3,1,131,1.5,0,0,0,0,0,1,0,0.0,0.0,0.0,0.0,0.0,0.1,0.1,0.0,0.1,0.03,0.0,0.03,0.03,0.03,Matches
426,426,Rayan Philippe,fr FRA,FW,Dijon,20-113,2000,4,1,93,1.0,0,0,0,0,0,0,0,0.0,0.0,0.0,0.0,0.0,0.3,0.3,0.0,0.3,0.27,0.0,0.27,0.27,0.27,Matches
427,427,Romain Philippoteaux,fr FRA,FW,Nîmes,32-348,1988,3,3,214,2.4,1,1,1,0,0,0,0,0.42,0.42,0.84,0.42,0.84,0.6,0.6,0.5,1.1,0.27,0.2,0.47,0.27,0.47,Matches
428,428,Romain Philippoteaux,fr FRA,"MF,FW",Brest,32-348,1988,12,6,457,5.1,1,0,1,0,0,0,0,0.2,0.0,0.2,0.2,0.2,0.6,0.6,0.3,0.9,0.12,0.06,0.17,0.12,0.17,Matches
429,429,Jérémy Pied,fr FRA,DF,Lille,31-356,1989,4,3,230,2.6,0,0,0,0,0,1,0,0.0,0.0,0.0,0.0,0.0,0.0,0.0,0.2,0.3,0.01,0.09,0.1,0.01,0.1,Matches
430,430,Ronaël Pierre-Gabriel,fr FRA,DF,Brest,22-245,1998,18,18,1450,16.1,1,0,1,0,0,4,0,0.06,0.0,0.06,0.06,0.06,0.5,0.5,0.8,1.3,0.03,0.05,0.08,0.03,0.08,Matches
431,431,Maxime Poundjé,fr FRA,DF,Bordeaux,28-181,1992,10,2,286,3.2,0,0,0,0,0,0,0,0.0,0.0,0.0,0.0,0.0,0.0,0.0,0.0,0.0,0.01,0.0,0.01,0.01,0.01,Matches
432,432,Sanjin Prcić,ba BIH,MF,Strasbourg,27-085,1993,10,3,303,3.4,0,0,0,0,0,1,0,0.0,0.0,0.0,0.0,0.0,0.1,0.1,0.2,0.4,0.04,0.07,0.11,0.04,0.11,Matches
433,433,Nicolas de Préville,fr FRA,"MF,FW",Bordeaux,30-036,1991,22,11,1074,11.9,0,1,0,0,0,2,0,0.0,0.08,0.08,0.0,0.08,2.1,2.1,1.6,3.7,0.17,0.14,0.31,0.17,0.31,Matches
434,434,Anthony Racioppi,ch SUI,GK,Dijon,22-044,1998,15,15,1350,15.0,0,0,0,0,0,0,0,0.0,0.0,0.0,0.0,0.0,0.0,0.0,0.0,0.0,0.0,0.0,0.0,0.0,0.0,Matches
435,435,Nemanja Radonjić,rs SRB,FW,Marseille,24-364,1996,12,4,396,4.4,2,1,2,0,0,2,0,0.45,0.23,0.68,0.45,0.68,1.8,1.8,0.4,2.2,0.41,0.09,0.5,0.41,0.5,Matches
436,436,Aleksandar Radovanović,rs SRB,DF,Lens,27-094,1993,1,1,90,1.0,0,0,0,0,0,0,0,0.0,0.0,0.0,0.0,0.0,0.0,0.0,0.0,0.0,0.0,0.0,0.0,0.0,0.0,Matches
437,437,Rafinha,br BRA,MF,Paris S-G,28-001,1993,12,9,795,8.8,0,3,0,0,0,1,0,0.0,0.34,0.34,0.0,0.34,0.8,0.8,2.7,3.5,0.09,0.3,0.39,0.09,0.39,Matches
438,438,Predrag Rajković,rs SRB,GK,Reims,25-105,1995,23,23,2025,22.5,0,0,0,0,0,1,0,0.0,0.0,0.0,0.0,0.0,0.0,0.0,0.0,0.0,0.0,0.0,0.0,0.0,0.0,Matches
439,439,Jeff Reine-Adélaïde,fr FRA,"MF,FW",Nice,23-027,1998,14,12,1058,11.8,1,2,1,0,0,1,0,0.09,0.17,0.26,0.09,0.26,1.2,1.2,2.4,3.6,0.11,0.2,0.31,0.11,0.31,Matches
440,440,Jeff Reine-Adélaïde,fr FRA,FW,Lyon,23-027,1998,1,0,24,0.3,0,0,0,0,0,0,0,0.0,0.0,0.0,0.0,0.0,0.1,0.1,0.0,0.2,0.39,0.18,0.57,0.39,0.57,Matches
441,441,Panagiotis Retsos,gr GRE,DF,Saint-Étienne,22-188,1998,4,4,272,3.0,0,0,0,0,0,2,0,0.0,0.0,0.0,0.0,0.0,0.0,0.0,0.1,0.1,0.01,0.02,0.03,0.01,0.03,Matches
442,442,Baptiste Reynet,fr FRA,GK,Nîmes,30-108,1990,23,23,2070,23.0,0,0,0,0,0,2,0,0.0,0.0,0.0,0.0,0.0,0.0,0.0,0.5,0.5,0.0,0.02,0.02,0.0,0.02,Matches
443,443,Sergio Rico,es ESP,GK,Paris S-G,27-165,1993,8,7,675,7.5,0,0,0,0,0,0,0,0.0,0.0,0.0,0.0,0.0,0.0,0.0,0.0,0.0,0.0,0.0,0.0,0.0,0.0,Matches
444,444,Renaud Ripart,fr FRA,"FW,MF",Nîmes,27-336,1993,23,20,1779,19.8,4,0,1,3,3,2,0,0.2,0.0,0.2,0.05,0.05,3.9,1.6,0.7,2.4,0.2,0.04,0.23,0.08,0.12,Matches
445,445,Mihailo Ristić,rs SRB,DF,Montpellier,25-105,1995,21,18,1426,15.8,0,2,0,0,0,2,0,0.0,0.13,0.13,0.0,0.13,0.6,0.6,1.4,1.9,0.04,0.09,0.12,0.04,0.12,Matches
446,446,Maxence Rivera,fr FRA,"MF,FW",Saint-Étienne,18-259,2002,14,1,193,2.1,0,0,0,0,0,0,0,0.0,0.0,0.0,0.0,0.0,0.1,0.1,0.0,0.1,0.05,0.02,0.06,0.05,0.06,Matches
447,447,Christopher Rocchia,fr FRA,DF,Marseille,23-012,1998,1,0,12,0.1,0,0,0,0,0,0,0,0.0,0.0,0.0,0.0,0.0,0.0,0.0,0.0,0.0,0.0,0.0,0.0,0.0,0.0,Matches
448,448,Valentin Rongier,fr FRA,MF,Marseille,26-068,1994,19,18,1513,16.8,1,1,1,0,0,5,0,0.06,0.06,0.12,0.06,0.12,0.8,0.8,0.8,1.7,0.05,0.05,0.1,0.05,0.1,Matches
449,449,Nolan Roux,fr FRA,FW,Nîmes,32-349,1988,15,6,635,7.1,0,0,0,0,0,2,0,0.0,0.0,0.0,0.0,0.0,0.5,0.5,0.0,0.6,0.07,0.0,0.08,0.07,0.08,Matches
450,450,Daniele Rugani,it ITA,DF,Rennes,26-199,1994,1,1,90,1.0,0,0,0,0,0,1,0,0.0,0.0,0.0,0.0,0.0,0.0,0.0,0.0,0.0,0.04,0.0,0.04,0.04,0.04,Matches
451,451,Kays Ruiz,ma MAR,"FW,MF",Paris S-G,18-171,2002,7,1,186,2.1,0,0,0,0,0,1,0,0.0,0.0,0.0,0.0,0.0,0.1,0.1,0.0,0.1,0.03,0.0,0.03,0.03,0.03,Matches
452,452,Georginio Rutter,fr FRA,"FW,MF",Rennes,18-299,2002,4,0,44,0.5,0,0,0,0,0,0,0,0.0,0.0,0.0,0.0,0.0,0.0,0.0,0.1,0.1,0.0,0.29,0.29,0.0,0.29,Matches
453,453,Roli Pereira de Sa,fr FRA,MF,Nantes,24-065,1996,1,0,6,0.1,0,0,0,0,0,0,0,0.0,0.0,0.0,0.0,0.0,0.0,0.0,0.0,0.0,0.32,0.0,0.32,0.32,0.32,Matches
454,454,Idriss Saadi,dz ALG,"FW,MF",Strasbourg,29-005,1992,6,0,114,1.3,0,0,0,0,0,0,0,0.0,0.0,0.0,0.0,0.0,1.3,1.3,0.2,1.5,1.02,0.15,1.17,1.02,1.17,Matches
455,455,Youssouf Sabaly,sn SEN,DF,Bordeaux,27-345,1993,21,21,1841,20.5,0,1,0,0,0,3,0,0.0,0.05,0.05,0.0,0.05,0.1,0.1,0.9,1.0,0.0,0.05,0.05,0.0,0.05,Matches
456,456,Hiroki Sakai,jp JPN,DF,Marseille,30-307,1990,21,21,1805,20.1,0,1,0,0,0,5,0,0.0,0.05,0.05,0.0,0.05,0.0,0.0,1.1,1.2,0.0,0.06,0.06,0.0,0.06,Matches
457,457,Moïse Sakava,cm CMR,MF,Reims,20-049,2000,1,0,8,0.1,0,0,0,0,0,0,0,0.0,0.0,0.0,0.0,0.0,0.0,0.0,0.0,0.0,0.39,0.0,0.39,0.39,0.39,Matches
458,458,William Saliba,fr FRA,DF,Nice,19-326,2001,7,7,630,7.0,0,0,0,0,0,1,0,0.0,0.0,0.0,0.0,0.0,0.2,0.2,0.0,0.2,0.03,0.0,0.03,0.03,0.03,Matches
459,459,Romain Salin,fr FRA,GK,Rennes,36-199,1984,15,15,1350,15.0,0,0,0,0,0,1,0,0.0,0.0,0.0,0.0,0.0,0.0,0.0,0.0,0.0,0.0,0.0,0.0,0.0,0.0,Matches
460,460,Mama Samba Baldé,gw GNB,FW,Dijon,25-099,1995,18,16,1400,15.6,6,0,6,0,0,3,0,0.39,0.0,0.39,0.39,0.39,5.7,5.7,0.4,6.1,0.36,0.03,0.39,0.36,0.39,Matches
461,461,Junior Sambia,fr FRA,"DF,MF",Montpellier,24-159,1996,23,14,1383,15.4,0,5,0,0,0,1,0,0.0,0.33,0.33,0.0,0.33,0.8,0.8,2.4,3.2,0.05,0.16,0.21,0.05,0.21,Matches
462,462,Frédéric Sammaritano,fr FRA,"FW,MF",Dijon,34-327,1986,20,8,820,9.1,0,1,0,0,0,3,0,0.0,0.11,0.11,0.0,0.11,0.9,0.9,1.4,2.4,0.1,0.16,0.26,0.1,0.26,Matches
463,463,Renato Sanches,pt POR,MF,Lille,23-179,1997,13,8,724,8.0,1,1,1,0,0,2,0,0.12,0.12,0.25,0.12,0.25,1.8,1.8,0.7,2.6,0.23,0.09,0.32,0.23,0.32,Matches
464,464,Morgan Sanson,fr FRA,MF,Marseille,26-179,1994,12,10,826,9.2,2,3,2,0,0,2,0,0.22,0.33,0.54,0.22,0.54,1.2,1.2,2.1,3.3,0.13,0.23,0.36,0.13,0.36,Matches
465,465,Baptiste Santamaria,fr FRA,MF,Angers,25-341,1995,3,3,270,3.0,0,0,0,0,0,1,0,0.0,0.0,0.0,0.0,0.0,0.3,0.3,0.1,0.5,0.12,0.04,0.16,0.12,0.16,Matches
466,466,Pablo Sarabia,es ESP,"FW,MF",Paris S-G,28-278,1992,18,8,891,9.9,4,4,4,0,0,1,0,0.4,0.4,0.81,0.4,0.81,3.1,3.1,5.0,8.2,0.32,0.51,0.82,0.32,0.82,Matches
467,467,Bouna Sarr,gn GUI,DF,Marseille,29-013,1992,2,0,76,0.8,0,0,0,0,0,0,0,0.0,0.0,0.0,0.0,0.0,0.0,0.0,0.0,0.0,0.02,0.0,0.02,0.02,0.02,Matches
468,468,Sidy Sarr,sn SEN,MF,Nîmes,24-253,1996,7,4,332,3.7,0,0,0,0,0,1,0,0.0,0.0,0.0,0.0,0.0,0.2,0.2,0.2,0.4,0.05,0.06,0.11,0.05,0.11,Matches
469,469,Téji Savanier,fr FRA,MF,Montpellier,29-053,1991,17,16,1315,14.6,4,3,2,2,3,5,1,0.27,0.21,0.48,0.14,0.34,4.2,1.9,3.6,5.5,0.29,0.25,0.53,0.13,0.38,Matches
470,470,Aurélien Scheidler,fr FRA,FW,Dijon,22-254,1998,10,3,342,3.8,1,0,1,0,0,1,0,0.26,0.0,0.26,0.26,0.26,0.5,0.5,0.3,0.9,0.14,0.09,0.23,0.14,0.23,Matches
471,471,Morgan Schneiderlin,fr FRA,MF,Nice,31-097,1989,16,15,1328,14.8,0,1,0,0,0,6,1,0.0,0.07,0.07,0.0,0.07,0.3,0.3,0.5,0.9,0.02,0.04,0.06,0.02,0.06,Matches
472,472,Jean Seri,ci CIV,MF,Bordeaux,29-209,1991,1,0,34,0.4,0,0,0,0,0,0,0,0.0,0.0,0.0,0.0,0.0,0.0,0.0,0.0,0.0,0.0,0.0,0.0,0.0,0.0,Matches
473,473,Mahame Siby,fr FRA,MF,Strasbourg,24-221,1996,3,0,13,0.1,0,0,0,0,0,0,0,0.0,0.0,0.0,0.0,0.0,0.0,0.0,0.0,0.0,0.0,0.0,0.0,0.0,0.0,Matches
474,474,Abdoulaye Sidibé,fr FRA,MF,Saint-Étienne,19-004,2002,1,0,11,0.1,0,0,0,0,0,1,0,0.0,0.0,0.0,0.0,0.0,0.0,0.0,0.0,0.0,0.0,0.0,0.0,0.0,0.0,Matches
475,475,Djibril Sidibé,fr FRA,DF,Monaco,28-199,1992,16,11,1049,11.7,0,2,0,0,0,2,0,0.0,0.17,0.17,0.0,0.17,0.0,0.0,1.4,1.4,0.0,0.12,0.12,0.0,0.12,Matches
476,476,Kaj Sierhuis,nl NED,FW,Reims,22-292,1998,15,6,539,6.0,0,1,0,0,0,1,0,0.0,0.17,0.17,0.0,0.17,1.1,1.1,0.5,1.6,0.18,0.08,0.26,0.18,0.26,Matches
477,477,Caio Henrique Oliveira Silva,br BRA,DF,Monaco,23-197,1997,17,12,1142,12.7,0,3,0,0,0,0,0,0.0,0.24,0.24,0.0,0.24,0.1,0.1,1.6,1.7,0.01,0.13,0.13,0.01,0.13,Matches
478,478,Florent da Silva,fr FRA,FW,Lyon,17-317,2003,1,0,3,0.0,0,0,0,0,0,0,0,0.0,0.0,0.0,0.0,0.0,0.0,0.0,0.0,0.0,0.0,0.0,0.0,0.0,0.0,Matches
479,479,Gabriel Silva,br BRA,DF,Saint-Étienne,29-276,1991,1,1,85,0.9,0,0,0,0,0,0,0,0.0,0.0,0.0,0.0,0.0,0.0,0.0,0.0,0.0,0.0,0.0,0.0,0.0,0.0,Matches
480,480,Mohamed Simakan,fr FRA,DF,Strasbourg,20-286,2000,19,19,1615,17.9,1,1,1,0,0,2,0,0.06,0.06,0.11,0.06,0.11,1.5,1.5,1.1,2.5,0.08,0.06,0.14,0.08,0.14,Matches
481,481,Moses Simon,ng NGA,"MF,FW",Nantes,25-216,1995,19,14,1281,14.2,2,1,1,1,1,0,0,0.14,0.07,0.21,0.07,0.14,5.5,4.7,1.2,5.9,0.39,0.08,0.47,0.33,0.42,Matches
482,482,Ibrahima Sissoko,fr FRA,MF,Strasbourg,23-109,1997,24,20,1768,19.6,0,0,0,0,0,3,0,0.0,0.0,0.0,0.0,0.0,0.7,0.7,0.3,0.9,0.03,0.01,0.05,0.03,0.05,Matches
483,483,Nelson Sissoko,fr FRA,DF,Saint-Étienne,23-343,1997,9,6,474,5.3,0,0,0,0,0,0,0,0.0,0.0,0.0,0.0,0.0,0.0,0.0,0.0,0.1,0.0,0.01,0.01,0.0,0.01,Matches
484,484,Petar Škuletić,rs SRB,"FW,MF",Montpellier,30-229,1990,8,0,91,1.0,2,0,2,0,0,0,0,1.98,0.0,1.98,1.98,1.98,1.4,1.4,0.3,1.7,1.4,0.27,1.67,1.4,1.67,Matches
485,485,Islam Slimani,dz ALG,FW,Lyon,32-240,1988,5,0,75,0.8,0,0,0,0,0,0,0,0.0,0.0,0.0,0.0,0.0,0.5,0.5,0.3,0.7,0.55,0.33,0.88,0.55,0.88,Matches
486,486,Brandon Soppy,fr FRA,"DF,MF",Rennes,18-358,2002,6,3,366,4.1,0,0,0,0,0,1,0,0.0,0.0,0.0,0.0,0.0,0.0,0.0,0.1,0.2,0.01,0.03,0.04,0.01,0.04,Matches
487,487,Florian Sotoca,fr FRA,FW,Lens,30-111,1990,23,21,1777,19.7,6,3,5,1,1,4,0,0.3,0.15,0.46,0.25,0.41,6.3,5.5,2.6,8.2,0.32,0.13,0.45,0.28,0.41,Matches
488,488,Cheick Souaré,fr FRA,MF,Marseille,18-163,2002,1,0,10,0.1,0,0,0,0,0,0,0,0.0,0.0,0.0,0.0,0.0,0.0,0.0,0.0,0.0,0.0,0.0,0.0,0.0,0.0,Matches
489,489,Rayan Souici,fr FRA,DF,Saint-Étienne,22-351,1998,1,0,5,0.1,0,0,0,0,0,0,0,0.0,0.0,0.0,0.0,0.0,0.0,0.0,0.0,0.0,0.0,0.0,0.0,0.0,0.0,Matches
490,490,Adama Soumaoro,fr FRA,DF,Lille,28-240,1992,3,1,145,1.6,0,0,0,0,0,1,0,0.0,0.0,0.0,0.0,0.0,0.1,0.1,0.0,0.1,0.04,0.0,0.04,0.04,0.04,Matches
491,491,Boubakary Soumaré,fr FRA,MF,Lille,21-352,1999,21,12,1139,12.7,0,0,0,0,0,2,0,0.0,0.0,0.0,0.0,0.0,0.2,0.2,1.0,1.1,0.01,0.08,0.09,0.01,0.09,Matches
492,492,Yaya Soumaré,fr FRA,FW,Lyon,21-021,2000,1,0,2,0.0,0,0,0,0,0,0,0,0.0,0.0,0.0,0.0,0.0,0.0,0.0,0.0,0.0,0.0,0.0,0.0,0.0,0.0,Matches
493,493,Arnaud Souquet,fr FRA,DF,Montpellier,29-001,1992,14,11,941,10.5,1,0,1,0,0,4,0,0.1,0.0,0.1,0.1,0.1,0.1,0.1,0.3,0.4,0.01,0.03,0.04,0.01,0.04,Matches
494,494,Saidou Sow,gn GUI,DF,Saint-Étienne,18-224,2002,10,6,638,7.1,0,0,0,0,0,0,0,0.0,0.0,0.0,0.0,0.0,0.0,0.0,0.0,0.0,0.0,0.0,0.0,0.0,0.0,Matches
495,495,Kevin Strootman,nl NED,MF,Marseille,31-000,1990,11,1,233,2.6,0,0,0,0,0,2,0,0.0,0.0,0.0,0.0,0.0,0.0,0.0,0.3,0.3,0.0,0.1,0.1,0.0,0.1,Matches
496,496,Issiaga Sylla,gn GUI,DF,Lens,27-043,1994,16,11,1012,11.2,1,0,1,0,0,0,0,0.09,0.0,0.09,0.09,0.09,1.5,1.5,0.4,1.9,0.13,0.04,0.17,0.13,0.17,Matches
497,497,Eddy Sylvestre,fr FRA,"FW,MF",Nice,21-168,1999,4,1,97,1.1,0,0,0,0,0,1,0,0.0,0.0,0.0,0.0,0.0,0.0,0.0,0.0,0.0,0.0,0.0,0.0,0.0,0.0,Matches
498,498,Flavien Tait,fr FRA,"MF,FW",Rennes,28-011,1993,12,7,591,6.6,0,1,0,0,0,3,0,0.0,0.15,0.15,0.0,0.15,0.8,0.8,1.1,1.9,0.12,0.17,0.3,0.12,0.3,Matches
499,499,Heriberto Tavares,pt POR,"MF,FW",Brest,23-360,1997,4,0,43,0.5,0,0,0,0,0,0,0,0.0,0.0,0.0,0.0,0.0,0.3,0.3,0.0,0.3,0.73,0.0,0.73,0.73,0.73,Matches
500,500,Warren Tchimbembé,fr FRA,"MF,FW",Metz,22-298,1998,14,4,441,4.9,0,0,0,0,0,0,0,0.0,0.0,0.0,0.0,0.0,0.4,0.4,0.1,0.5,0.08,0.03,0.1,0.08,0.1,Matches
501,501,Aurélien Tchouaméni,fr FRA,MF,Monaco,21-017,2000,23,23,1934,21.5,1,2,1,0,0,5,1,0.05,0.09,0.14,0.05,0.14,2.8,2.8,1.0,3.9,0.13,0.05,0.18,0.13,0.18,Matches
502,502,Martin Terrier,fr FRA,"FW,MF",Rennes,23-346,1997,19,15,1265,14.1,3,4,3,0,0,1,1,0.21,0.28,0.5,0.21,0.5,2.6,2.6,3.0,5.5,0.18,0.21,0.39,0.18,0.39,Matches
503,503,Kenny Tete,nl NED,DF,Lyon,25-127,1995,1,0,20,0.2,0,0,0,0,0,0,0,0.0,0.0,0.0,0.0,0.0,0.0,0.0,0.0,0.0,0.0,0.0,0.0,0.0,0.0,Matches
504,504,Florian Thauvin,fr FRA,"FW,MF",Marseille,28-018,1993,22,20,1616,18.0,7,7,7,0,2,2,0,0.39,0.39,0.78,0.39,0.78,7.4,5.9,5.9,11.8,0.41,0.33,0.74,0.33,0.66,Matches
505,505,Sada Thioub,sn SEN,"FW,MF",Angers,25-257,1995,19,8,897,10.0,1,1,1,0,0,0,0,0.1,0.1,0.2,0.1,0.2,1.2,1.2,1.8,3.1,0.13,0.18,0.31,0.13,0.31,Matches
506,506,Romain Thomas,fr FRA,DF,Angers,32-246,1988,20,20,1764,19.6,3,0,3,0,0,4,1,0.15,0.0,0.15,0.15,0.15,1.0,1.0,0.0,1.0,0.05,0.0,0.05,0.05,0.05,Matches
507,507,Adrien Thomasson,fr FRA,MF,Strasbourg,27-065,1993,24,18,1479,16.4,3,0,3,0,0,4,1,0.18,0.0,0.18,0.18,0.18,4.4,4.4,1.8,6.2,0.27,0.11,0.37,0.27,0.37,Matches
508,508,Khéphren Thuram-Ulie,fr FRA,MF,Nice,19-324,2001,19,13,1020,11.3,1,0,1,0,0,2,0,0.09,0.0,0.09,0.09,0.09,0.3,0.3,0.1,0.4,0.03,0.01,0.04,0.03,0.04,Matches
509,509,Cheikh Tidiane Sabaly,sn SEN,MF,Metz,21-346,1999,1,0,12,0.1,0,0,0,0,0,0,0,0.0,0.0,0.0,0.0,0.0,0.0,0.0,0.0,0.0,0.2,0.0,0.2,0.2,0.2,Matches
510,510,Jean-Clair Todibo,fr FRA,DF,Nice,21-045,1999,2,2,160,1.8,0,0,0,0,0,2,0,0.0,0.0,0.0,0.0,0.0,0.0,0.0,0.0,0.0,0.01,0.0,0.01,0.01,0.01,Matches
511,511,Karl Toko Ekambi,cm CMR,FW,Lyon,28-152,1992,21,20,1644,18.3,11,5,11,0,0,3,0,0.6,0.27,0.88,0.6,0.88,11.5,11.5,3.8,15.4,0.63,0.21,0.84,0.63,0.84,Matches
512,512,Tyron Tormin,fr FRA,"MF,FW",Saint-Étienne,19-229,2001,3,0,21,0.2,0,0,0,0,0,0,0,0.0,0.0,0.0,0.0,0.0,0.0,0.0,0.0,0.0,0.12,0.0,0.12,0.12,0.12,Matches
513,513,Abdoulaye Touré,fr FRA,MF,Nantes,26-347,1994,21,13,1135,12.6,1,1,0,1,1,2,0,0.08,0.08,0.16,0.0,0.08,1.3,0.6,0.9,1.4,0.1,0.07,0.17,0.04,0.11,Matches
514,514,Amadou Traore,fr FRA,"MF,FW",Bordeaux,18-343,2002,9,0,107,1.2,0,1,0,0,0,0,0,0.0,0.84,0.84,0.0,0.84,0.1,0.1,0.5,0.5,0.06,0.38,0.45,0.06,0.45,Matches
515,515,Charles Traore,ml MLI,DF,Nantes,29-043,1992,12,10,937,10.4,1,0,1,0,0,4,0,0.1,0.0,0.1,0.1,0.1,0.2,0.2,0.0,0.3,0.02,0.0,0.03,0.02,0.03,Matches
516,516,Hamari Traoré,ml MLI,DF,Rennes,29-017,1992,21,20,1753,19.5,1,1,1,0,0,2,0,0.05,0.05,0.1,0.05,0.1,0.6,0.6,2.6,3.2,0.03,0.13,0.16,0.03,0.16,Matches
517,517,Ismaël Traoré,ci CIV,DF,Angers,34-179,1986,23,23,2070,23.0,3,3,3,0,0,2,0,0.13,0.13,0.26,0.13,0.26,1.5,1.5,0.7,2.3,0.07,0.03,0.1,0.07,0.1,Matches
518,518,Miguel Trauco,pe PER,DF,Saint-Étienne,28-172,1992,15,12,1162,12.9,0,1,0,0,0,1,0,0.0,0.08,0.08,0.0,0.08,0.1,0.1,1.5,1.6,0.01,0.12,0.12,0.01,0.12,Matches
519,519,Alexis Trouillet,fr FRA,MF,Nice,20-052,2000,4,0,64,0.7,0,0,0,0,0,0,0,0.0,0.0,0.0,0.0,0.0,0.1,0.1,0.4,0.5,0.1,0.57,0.67,0.1,0.67,Matches
520,520,Adrien Truffert,fr FRA,"DF,MF",Rennes,19-085,2001,16,12,1091,12.1,1,3,1,0,0,2,0,0.08,0.25,0.33,0.08,0.33,1.1,1.1,1.4,2.5,0.09,0.12,0.21,0.09,0.21,Matches
521,521,Marvin Tshibuabua,fr FRA,DF,Saint-Étienne,19-036,2002,1,0,43,0.5,0,0,0,0,0,0,0,0.0,0.0,0.0,0.0,0.0,0.1,0.1,0.0,0.1,0.3,0.0,0.3,0.3,0.3,Matches
522,522,Matthieu Udol,fr FRA,DF,Metz,24-330,1996,14,12,1082,12.0,0,1,0,0,0,1,1,0.0,0.08,0.08,0.0,0.08,0.2,0.2,1.5,1.7,0.02,0.12,0.14,0.02,0.14,Matches
523,523,Hwang Ui-jo,kr KOR,"FW,MF",Bordeaux,28-169,1992,22,18,1379,15.3,6,2,6,0,0,1,0,0.39,0.13,0.52,0.39,0.52,5.3,5.3,1.2,6.5,0.35,0.08,0.42,0.35,0.42,Matches
524,524,Marco Verratti,it ITA,MF,Paris S-G,28-100,1992,15,13,1131,12.6,0,1,0,0,0,4,0,0.0,0.08,0.08,0.0,0.08,1.0,1.0,1.4,2.3,0.08,0.11,0.19,0.08,0.19,Matches
525,525,Kevin Volland,de GER,"FW,MF",Monaco,28-198,1992,22,21,1649,18.3,12,7,12,0,0,3,0,0.65,0.38,1.04,0.65,1.04,7.8,7.8,4.4,12.2,0.43,0.24,0.67,0.43,0.67,Matches
526,526,Franklin Wadja,cm CMR,MF,Lorient,25-288,1995,3,0,31,0.3,0,0,0,0,0,1,0,0.0,0.0,0.0,0.0,0.0,0.0,0.0,0.0,0.0,0.03,0.0,0.03,0.03,0.03,Matches
527,527,Timothy Weah,us USA,"MF,FW",Lille,20-357,2000,18,3,442,4.9,3,0,3,0,0,1,0,0.61,0.0,0.61,0.61,0.61,2.9,2.9,0.2,3.2,0.6,0.05,0.65,0.6,0.65,Matches
528,528,Yoane Wissa,cd COD,"FW,MF",Lorient,24-163,1996,23,18,1650,18.3,6,1,4,2,3,2,0,0.33,0.05,0.38,0.22,0.27,7.5,5.2,1.1,6.3,0.41,0.06,0.47,0.28,0.34,Matches
529,529,Xeka,pt POR,MF,Lille,26-095,1994,20,7,710,7.9,0,2,0,0,0,5,0,0.0,0.25,0.25,0.0,0.25,0.5,0.5,1.8,2.3,0.06,0.23,0.3,0.06,0.3,Matches
530,530,Yusuf Yazıcı,tr TUR,"FW,MF",Lille,24-015,1997,20,8,773,8.6,7,3,7,0,0,0,0,0.82,0.35,1.16,0.82,1.16,4.9,4.9,3.2,8.2,0.58,0.38,0.95,0.58,0.95,Matches
531,531,Burak Yılmaz,tr TUR,FW,Lille,35-213,1985,18,15,1345,14.9,9,4,7,2,2,4,0,0.6,0.27,0.87,0.47,0.74,6.5,5.0,2.3,7.3,0.44,0.15,0.59,0.34,0.49,Matches
532,532,Wilitty Younoussa,cm CMR,"DF,MF",Dijon,19-157,2001,2,0,17,0.2,0,0,0,0,0,0,0,0.0,0.0,0.0,0.0,0.0,0.0,0.0,0.2,0.2,0.0,1.27,1.27,0.0,1.27,Matches
533,533,Zaydou Youssouf,fr FRA,MF,Saint-Étienne,21-217,1999,16,10,810,9.0,0,0,0,0,0,1,0,0.0,0.0,0.0,0.0,0.0,0.3,0.3,0.5,0.8,0.03,0.06,0.08,0.03,0.08,Matches
534,534,Arber Zeneli,xk KVX,"MF,FW",Reims,25-354,1995,16,10,843,9.4,2,3,2,0,0,0,0,0.21,0.32,0.53,0.21,0.53,1.2,1.2,1.9,3.2,0.13,0.21,0.34,0.13,0.34,Matches
535,535,Mehdi Zerkane,dz ALG,"FW,MF",Bordeaux,21-213,1999,14,8,615,6.8,0,0,0,0,0,0,1,0.0,0.0,0.0,0.0,0.0,1.1,1.1,0.3,1.4,0.16,0.05,0.21,0.16,0.21,Matches
536,536,Kévin Zohi,ml MLI,"FW,MF",Strasbourg,24-056,1996,19,2,385,4.3,1,0,1,0,0,0,0,0.23,0.0,0.23,0.23,0.23,1.1,1.1,0.1,1.2,0.25,0.02,0.27,0.25,0.27,Matches
