,player,nationality,position,squad,age,birth_year,games,games_starts,minutes,minutes_90s,goals,assists,goals_pens,pens_made,pens_att,cards_yellow,cards_red,goals_per90,assists_per90,goals_assists_per90,goals_pens_per90,goals_assists_pens_per90,xg,npxg,xa,npxg_xa,xg_per90,xa_per90,xg_xa_per90,npxg_per90,npxg_xa_per90,matches
0,Marcos Acuña,ar ARG,DF,Sevilla,29-108,1991,17,16,1322,14.7,0,0,0,0,0,1,0,0.0,0.0,0.0,0.0,0.0,0.8,0.8,1.3,2.1,0.05,0.09,0.14,0.05,0.14,Matches
1,Bobby Adekanye,nl NED,"FW,MF",Cádiz,21-365,1999,3,0,36,0.4,0,0,0,0,0,0,0,0.0,0.0,0.0,0.0,0.0,0.2,0.2,0.0,0.2,0.43,0.0,0.43,0.43,0.43,Matches
2,Martin Agirregabiria,es ESP,"DF,MF",Alavés,24-279,1996,13,6,683,7.6,0,1,0,0,0,0,0,0.0,0.13,0.13,0.0,0.13,0.2,0.2,0.8,1.0,0.03,0.1,0.13,0.03,0.13,Matches
3,Joseph Aidoo,gh GHA,DF,Celta Vigo,25-137,1995,15,8,731,8.1,0,0,0,0,0,1,0,0.0,0.0,0.0,0.0,0.0,0.5,0.5,0.6,1.1,0.06,0.07,0.13,0.06,0.13,Matches
4,Carlos Akapo,gq EQG,DF,Cádiz,27-338,1993,7,5,441,4.9,0,0,0,0,0,2,1,0.0,0.0,0.0,0.0,0.0,0.0,0.0,0.0,0.0,0.0,0.0,0.0,0.0,0.0,Matches
5,Paul Akouokou,ci CIV,MF,Betis,23-055,1997,8,4,373,4.1,0,0,0,0,0,5,1,0.0,0.0,0.0,0.0,0.0,0.0,0.0,0.4,0.4,0.0,0.09,0.09,0.0,0.09,Matches
6,Jony Álamo,es ESP,MF,Elche,19-141,2001,1,1,73,0.8,0,0,0,0,0,0,0,0.0,0.0,0.0,0.0,0.0,0.0,0.0,0.0,0.0,0.02,0.0,0.02,0.02,0.02,Matches
7,Jordi Alba,es ESP,DF,Barcelona,31-329,1989,19,19,1648,18.3,1,3,1,0,0,7,0,0.05,0.16,0.22,0.05,0.22,0.7,0.7,4.3,5.0,0.04,0.23,0.27,0.04,0.27,Matches
8,Raúl Albiol,es ESP,DF,Villarreal,35-162,1985,22,22,1960,21.8,0,0,0,0,0,3,0,0.0,0.0,0.0,0.0,0.0,0.5,0.5,0.1,0.6,0.03,0.0,0.03,0.03,0.03,Matches
9,Paco Alcácer,es ESP,FW,Villarreal,27-167,1993,14,11,913,10.1,5,3,4,1,2,0,0,0.49,0.3,0.79,0.39,0.69,5.7,4.2,2.1,6.3,0.56,0.21,0.77,0.41,0.62,Matches
10,Pedro Alcalá,es ESP,DF,Cádiz,31-331,1989,9,5,633,7.0,0,0,0,0,0,2,0,0.0,0.0,0.0,0.0,0.0,0.1,0.1,0.0,0.1,0.01,0.0,0.01,0.01,0.01,Matches
11,Rubén Alcaraz,es ESP,"MF,DF",Valladolid,29-288,1991,17,13,1197,13.3,1,0,1,0,0,5,0,0.08,0.0,0.08,0.08,0.08,1.1,1.1,0.5,1.6,0.09,0.03,0.12,0.09,0.12,Matches
12,Iván Alejo,es ESP,"MF,FW",Cádiz,26-003,1995,10,2,298,3.3,1,0,1,0,0,2,0,0.3,0.0,0.3,0.3,0.3,0.7,0.7,0.2,0.9,0.2,0.06,0.27,0.2,0.27,Matches
13,Carles Aleñá,es ESP,MF,Barcelona,23-039,1998,2,0,48,0.5,0,0,0,0,0,1,0,0.0,0.0,0.0,0.0,0.0,0.0,0.0,0.0,0.0,0.04,0.0,0.04,0.04,0.04,Matches
14,Carles Aleñá,es ESP,"MF,FW",Getafe,23-039,1998,6,5,467,5.2,0,2,0,0,0,1,0,0.0,0.39,0.39,0.0,0.39,0.4,0.4,0.9,1.3,0.07,0.18,0.25,0.07,0.25,Matches
15,Sergio Álvarez,es ESP,MF,Eibar,29-021,1992,19,12,1101,12.2,0,0,0,0,0,3,0,0.0,0.0,0.0,0.0,0.0,0.1,0.1,0.8,1.0,0.01,0.07,0.08,0.01,0.08,Matches
16,Yeray Álvarez,es ESP,DF,Athletic Club,26-020,1995,13,13,1170,13.0,1,0,1,0,0,6,0,0.08,0.0,0.08,0.08,0.08,0.5,0.5,0.4,0.8,0.04,0.03,0.06,0.04,0.06,Matches
17,Jon Ander Garrido,es ESP,MF,Cádiz,31-127,1989,12,2,359,4.0,0,0,0,0,0,1,0,0.0,0.0,0.0,0.0,0.0,0.4,0.4,0.1,0.4,0.09,0.02,0.1,0.09,0.1,Matches
18,Aritz Arambarri,es ESP,DF,Real Sociedad,23-013,1998,1,0,26,0.3,0,0,0,0,0,0,0,0.0,0.0,0.0,0.0,0.0,0.1,0.1,0.0,0.1,0.5,0.0,0.5,0.5,0.5,Matches
19,Mauro Arambarri,uy URU,MF,Getafe,25-136,1995,20,20,1781,19.8,2,0,2,0,0,6,0,0.1,0.0,0.1,0.1,0.1,1.1,1.1,0.9,2.0,0.06,0.04,0.1,0.06,0.1,Matches
20,Néstor Araujo,mx MEX,DF,Celta Vigo,29-168,1991,21,17,1615,17.9,0,0,0,0,0,4,0,0.0,0.0,0.0,0.0,0.0,0.2,0.2,0.4,0.6,0.01,0.02,0.04,0.01,0.04,Matches
21,Ronald Araújo,uy URU,DF,Barcelona,21-343,1999,12,11,936,10.4,1,0,1,0,0,0,0,0.1,0.0,0.1,0.1,0.1,0.4,0.4,0.0,0.4,0.04,0.0,0.04,0.04,0.04,Matches
22,Anaitz Arbilla,es ESP,DF,Eibar,33-274,1987,18,15,1383,15.4,0,1,0,0,0,6,0,0.0,0.07,0.07,0.0,0.07,0.5,0.5,0.6,1.0,0.03,0.04,0.07,0.03,0.07,Matches
23,Unai Arietaleanizbeaskoa,es ESP,"FW,MF",Eibar,22-043,1999,3,0,39,0.4,0,0,0,0,0,1,0,0.0,0.0,0.0,0.0,0.0,0.0,0.0,0.0,0.0,0.0,0.0,0.0,0.0,0.0,Matches
24,Sergio Arribas,es ESP,FW,Real Madrid,19-136,2001,3,0,46,0.5,0,0,0,0,0,0,0,0.0,0.0,0.0,0.0,0.0,0.0,0.0,0.0,0.0,0.0,0.0,0.0,0.0,0.0,Matches
25,Sergio Asenjo,es ESP,GK,Villarreal,31-230,1989,22,22,1980,22.0,0,0,0,0,0,0,0,0.0,0.0,0.0,0.0,0.0,0.0,0.0,0.0,0.0,0.0,0.0,0.0,0.0,0.0,Matches
26,Marco Asensio,es ESP,FW,Real Madrid,25-023,1996,20,12,1099,12.2,2,2,2,0,0,1,0,0.16,0.16,0.33,0.16,0.33,2.4,2.4,1.8,4.2,0.19,0.15,0.34,0.19,0.34,Matches
27,Iago Aspas,es ESP,FW,Celta Vigo,33-196,1987,20,20,1736,19.3,9,6,6,3,3,5,0,0.47,0.31,0.78,0.31,0.62,8.8,6.5,5.3,11.8,0.48,0.29,0.77,0.35,0.64,Matches
28,Miguel Atienza,es ESP,"MF,FW",Eibar,21-262,1999,2,1,112,1.2,0,0,0,0,0,1,0,0.0,0.0,0.0,0.0,0.0,0.0,0.0,0.0,0.0,0.03,0.0,0.03,0.03,0.03,Matches
29,Ramon Azeez,ng NGA,"MF,DF",Granada,28-063,1992,2,1,101,1.1,0,0,0,0,0,0,0,0.0,0.0,0.0,0.0,0.0,0.2,0.2,0.0,0.2,0.15,0.0,0.15,0.15,0.15,Matches
30,Carlos Bacca,co COL,FW,Villarreal,34-158,1986,13,3,304,3.4,0,0,0,0,0,1,0,0.0,0.0,0.0,0.0,0.0,0.4,0.4,0.8,1.2,0.12,0.22,0.35,0.12,0.35,Matches
31,Édgar Badía,es ESP,GK,Elche,29-001,1992,21,21,1890,21.0,0,0,0,0,0,0,0,0.0,0.0,0.0,0.0,0.0,0.0,0.0,0.0,0.0,0.0,0.0,0.0,0.0,0.0,Matches
32,Alejandro Baena,es ESP,MF,Villarreal,19-208,2001,1,1,45,0.5,0,0,0,0,0,0,0,0.0,0.0,0.0,0.0,0.0,0.0,0.0,0.0,0.0,0.0,0.0,0.0,0.0,0.0,Matches
33,Miguel Baeza,es ESP,"MF,FW",Celta Vigo,20-323,2000,17,4,458,5.1,1,0,1,0,0,0,0,0.2,0.0,0.2,0.2,0.2,1.5,1.5,0.6,2.1,0.3,0.12,0.42,0.3,0.42,Matches
34,Mikel Balenziaga,es ESP,DF,Athletic Club,32-350,1988,10,5,591,6.6,0,1,0,0,0,0,0,0.0,0.15,0.15,0.0,0.15,0.0,0.0,0.1,0.1,0.0,0.01,0.01,0.0,0.01,Matches
35,Sergio Barcia,es ESP,DF,Granada,20-044,2000,1,1,90,1.0,0,0,0,0,0,1,0,0.0,0.0,0.0,0.0,0.0,0.0,0.0,0.0,0.0,0.0,0.0,0.0,0.0,0.0,Matches
36,Enis Bardhi,mk MKD,MF,Levante,25-226,1995,11,7,632,7.0,0,2,0,0,0,1,0,0.0,0.28,0.28,0.0,0.28,1.8,1.8,0.5,2.3,0.25,0.07,0.32,0.25,0.32,Matches
37,Kike Barja,es ESP,"MF,FW",Osasuna,23-318,1997,19,6,564,6.3,0,2,0,0,0,1,0,0.0,0.32,0.32,0.0,0.32,0.6,0.6,1.3,1.9,0.1,0.2,0.31,0.1,0.31,Matches
38,Marc Baró Ortiz,es ESP,DF,Cádiz,21-174,1999,1,1,90,1.0,0,0,0,0,0,0,0,0.0,0.0,0.0,0.0,0.0,0.0,0.0,0.3,0.3,0.02,0.33,0.35,0.02,0.35,Matches
39,Antonio Barragán,es ESP,DF,Elche,33-246,1987,16,16,1395,15.5,0,1,0,0,0,5,0,0.0,0.06,0.06,0.0,0.06,0.5,0.5,0.6,1.1,0.03,0.04,0.07,0.03,0.07,Matches
40,Ander Barrenetxea,es ESP,"FW,MF",Real Sociedad,19-048,2001,18,9,781,8.7,2,0,2,0,0,4,0,0.23,0.0,0.23,0.23,0.23,1.3,1.3,0.8,2.0,0.15,0.09,0.24,0.15,0.24,Matches
41,Marc Bartra,es ESP,DF,Betis,30-029,1991,13,13,1154,12.8,0,0,0,0,0,3,0,0.0,0.0,0.0,0.0,0.0,0.4,0.4,0.0,0.5,0.03,0.0,0.04,0.03,0.04,Matches
42,Rodrigo Battaglia,ar ARG,MF,Alavés,29-216,1991,20,18,1515,16.8,0,0,0,0,0,5,1,0.0,0.0,0.0,0.0,0.0,0.6,0.6,0.0,0.6,0.03,0.0,0.03,0.03,0.03,Matches
43,Jon Bautista,es ESP,"FW,MF",Real Sociedad,25-225,1995,11,0,175,1.9,0,0,0,0,0,0,0,0.0,0.0,0.0,0.0,0.0,0.3,0.3,0.1,0.4,0.17,0.03,0.19,0.17,0.19,Matches
44,Fran Beltrán,es ESP,"MF,FW",Celta Vigo,22-010,1999,18,8,749,8.3,2,0,2,0,0,3,0,0.24,0.0,0.24,0.24,0.24,1.2,1.2,0.2,1.5,0.15,0.03,0.18,0.15,0.18,Matches
45,Sergio Benito,es ESP,FW,Valladolid,21-327,1999,1,0,2,0.0,0,0,0,0,0,0,0,0.0,0.0,0.0,0.0,0.0,0.0,0.0,0.0,0.0,0.0,0.0,0.0,0.0,0.0,Matches
46,Karim Benzema,fr FRA,FW,Real Madrid,33-056,1987,20,20,1771,19.7,11,5,11,0,0,1,0,0.56,0.25,0.81,0.56,0.81,9.7,9.7,2.3,12.0,0.49,0.12,0.61,0.49,0.61,Matches
47,Yuri Berchiche,es ESP,DF,Athletic Club,31-003,1990,18,16,1274,14.2,0,3,0,0,0,3,0,0.0,0.21,0.21,0.0,0.21,0.7,0.7,1.7,2.3,0.05,0.12,0.16,0.05,0.16,Matches
48,Álex Berenguer,es ESP,"FW,MF",Athletic Club,25-224,1995,18,13,1119,12.4,3,2,3,0,0,3,0,0.24,0.16,0.4,0.24,0.4,2.3,2.3,1.7,3.9,0.18,0.13,0.32,0.18,0.32,Matches
49,Pedro Bigas,es ESP,DF,Eibar,30-151,1990,18,17,1408,15.6,0,0,0,0,0,1,0,0.0,0.0,0.0,0.0,0.0,0.4,0.4,0.0,0.4,0.03,0.0,0.03,0.03,0.03,Matches
50,Alejandro Blanco,es ESP,MF,Valencia,22-059,1998,7,2,257,2.9,0,0,0,0,0,1,0,0.0,0.0,0.0,0.0,0.0,0.3,0.3,0.1,0.4,0.11,0.02,0.13,0.11,0.13,Matches
51,Rubén Blanco,es ESP,GK,Celta Vigo,25-203,1995,16,16,1440,16.0,0,0,0,0,0,0,0,0.0,0.0,0.0,0.0,0.0,0.0,0.0,0.0,0.0,0.0,0.0,0.0,0.0,0.0,Matches
52,Yann Bodiger,fr FRA,MF,Cádiz,26-004,1995,9,2,251,2.8,0,0,0,0,0,0,0,0.0,0.0,0.0,0.0,0.0,0.0,0.0,0.1,0.1,0.0,0.05,0.05,0.0,0.05,Matches
53,Yassine Bounou,ma MAR,GK,Sevilla,29-314,1991,18,18,1620,18.0,0,0,0,0,0,1,0,0.0,0.0,0.0,0.0,0.0,0.0,0.0,0.0,0.0,0.0,0.0,0.0,0.0,0.0,Matches
54,Lucas Boyé,ar ARG,FW,Elche,24-351,1996,18,16,1328,14.8,4,1,4,0,0,5,1,0.27,0.07,0.34,0.27,0.34,2.1,2.1,0.4,2.6,0.16,0.03,0.19,0.16,0.19,Matches
55,Martin Braithwaite,dk DEN,FW,Barcelona,29-253,1991,18,10,910,10.1,2,0,2,0,1,1,0,0.2,0.0,0.2,0.2,0.2,4.7,4.0,0.8,4.8,0.47,0.08,0.55,0.39,0.47,Matches
56,Darko Brašanac,rs SRB,"MF,FW",Osasuna,29-001,1992,5,2,198,2.2,1,0,1,0,0,1,0,0.45,0.0,0.45,0.45,0.45,0.6,0.6,0.0,0.6,0.28,0.01,0.29,0.28,0.29,Matches
57,Alvaro Bravo Jiménez,es ESP,MF,Granada,23-009,1998,1,0,15,0.2,0,0,0,0,0,0,0,0.0,0.0,0.0,0.0,0.0,0.0,0.0,0.0,0.0,0.0,0.0,0.0,0.0,0.0,Matches
58,Claudio Bravo,cl CHI,GK,Betis,37-306,1983,9,9,810,9.0,0,0,0,0,0,0,0,0.0,0.0,0.0,0.0,0.0,0.0,0.0,0.0,0.0,0.0,0.0,0.0,0.0,0.0,Matches
59,Yan Brice Eteki,cm CMR,MF,Granada,23-171,1997,13,6,568,6.3,0,0,0,0,0,0,1,0.0,0.0,0.0,0.0,0.0,0.0,0.0,0.0,0.1,0.0,0.0,0.01,0.0,0.01,Matches
60,Bryan,es ESP,FW,Sevilla,20-002,2001,1,0,13,0.1,0,0,0,0,0,0,0,0.0,0.0,0.0,0.0,0.0,0.0,0.0,0.0,0.0,0.0,0.0,0.0,0.0,0.0,Matches
61,Bryan,es ESP,"MF,FW",Eibar,20-002,2001,14,13,1178,13.1,3,1,3,0,0,2,0,0.23,0.08,0.31,0.23,0.31,1.5,1.2,3.5,4.7,0.12,0.27,0.39,0.09,0.36,Matches
62,Ante Budimir,hr CRO,FW,Osasuna,29-206,1991,14,9,737,8.2,5,0,5,0,0,2,0,0.61,0.0,0.61,0.61,0.61,4.6,4.6,0.5,5.1,0.56,0.06,0.62,0.56,0.62,Matches
63,Esteban Burgos,ar ARG,DF,Eibar,29-035,1992,12,10,939,10.4,3,1,1,2,2,5,0,0.29,0.1,0.38,0.1,0.19,2.6,1.1,0.1,1.2,0.25,0.01,0.26,0.1,0.11,Matches
64,Sergio Busquets,es ESP,MF,Barcelona,32-212,1988,19,16,1298,14.4,0,0,0,0,0,6,0,0.0,0.0,0.0,0.0,0.0,0.0,0.0,1.9,1.9,0.0,0.13,0.13,0.0,0.13,Matches
65,Erick Cabaco,uy URU,DF,Getafe,25-300,1995,15,11,990,11.0,0,0,0,0,0,7,0,0.0,0.0,0.0,0.0,0.0,0.0,0.0,0.0,0.0,0.0,0.0,0.0,0.0,0.0,Matches
66,Cala,es ESP,DF,Cádiz,31-079,1989,18,18,1540,17.1,1,0,1,0,0,5,0,0.06,0.0,0.06,0.06,0.06,0.3,0.3,0.1,0.4,0.02,0.01,0.02,0.02,0.02,Matches
67,Jonathan Calleri,ar ARG,FW,Osasuna,27-143,1993,16,13,1006,11.2,4,1,4,0,0,3,0,0.36,0.09,0.45,0.36,0.45,4.0,4.0,0.9,4.8,0.35,0.08,0.43,0.35,0.43,Matches
68,Dani Calvo,es ESP,DF,Elche,26-318,1994,8,4,429,4.8,0,0,0,0,0,1,0,0.0,0.0,0.0,0.0,0.0,0.0,0.0,0.0,0.0,0.0,0.0,0.0,0.0,0.0,Matches
69,José Campaña,es ESP,MF,Levante,27-258,1993,9,8,748,8.3,1,2,0,1,1,0,0,0.12,0.24,0.36,0.0,0.24,1.4,0.7,1.4,2.0,0.17,0.16,0.34,0.08,0.25,Matches
70,Sergio Canales,es ESP,"MF,FW",Betis,29-363,1991,16,14,1240,13.8,7,4,5,2,2,2,0,0.51,0.29,0.8,0.36,0.65,3.1,1.5,2.7,4.3,0.22,0.2,0.42,0.11,0.31,Matches
71,Ander Capa,es ESP,DF,Athletic Club,29-005,1992,20,20,1669,18.5,2,1,2,0,0,4,0,0.11,0.05,0.16,0.11,0.16,1.0,1.0,1.2,2.2,0.05,0.06,0.12,0.05,0.12,Matches
72,Étienne Capoue,fr FRA,MF,Villarreal,32-217,1988,4,4,317,3.5,0,0,0,0,0,2,0,0.0,0.0,0.0,0.0,0.0,0.1,0.1,0.0,0.1,0.02,0.0,0.02,0.02,0.02,Matches
73,Isaac Carcelen,es ESP,DF,Cádiz,27-296,1993,18,18,1440,16.0,0,0,0,0,0,0,0,0.0,0.0,0.0,0.0,0.0,0.3,0.3,0.2,0.5,0.02,0.01,0.03,0.02,0.03,Matches
74,Dani Cárdenas,es ESP,GK,Levante,23-322,1997,1,1,90,1.0,0,0,0,0,0,0,0,0.0,0.0,0.0,0.0,0.0,0.0,0.0,0.0,0.0,0.0,0.0,0.0,0.0,0.0,Matches
75,Marc Cardona,es ESP,"FW,MF",Osasuna,25-220,1995,3,0,53,0.6,0,0,0,0,0,0,0,0.0,0.0,0.0,0.0,0.0,0.2,0.2,0.0,0.2,0.3,0.0,0.3,0.3,0.3,Matches
76,Diego Carlos,br BRA,DF,Sevilla,27-335,1993,19,18,1618,18.0,0,0,0,0,0,3,0,0.0,0.0,0.0,0.0,0.0,0.8,0.8,0.2,1.0,0.04,0.01,0.05,0.04,0.05,Matches
77,Juan Carlos,es ESP,"MF,FW",Huesca,29-335,1991,12,3,275,3.1,0,1,0,0,0,0,0,0.0,0.33,0.33,0.0,0.33,0.5,0.5,0.3,0.8,0.15,0.1,0.25,0.15,0.25,Matches
78,Yannick Carrasco,be BEL,"DF,MF",Atlético Madrid,27-162,1993,15,10,938,10.4,2,4,2,0,0,2,0,0.19,0.38,0.58,0.19,0.58,1.7,1.7,2.6,4.3,0.16,0.25,0.42,0.16,0.42,Matches
79,Sergio Carreira,es ESP,DF,Celta Vigo,20-123,2000,3,3,259,2.9,1,0,1,0,0,0,0,0.35,0.0,0.35,0.35,0.35,0.4,0.4,0.0,0.4,0.13,0.0,0.13,0.13,0.13,Matches
80,Guido Carrillo,ar ARG,FW,Elche,29-264,1991,9,4,305,3.4,2,1,2,0,0,1,0,0.59,0.3,0.89,0.59,0.89,1.0,1.0,0.0,1.0,0.42,0.0,0.42,0.42,0.42,Matches
81,Dani Carvajal,es ESP,DF,Real Madrid,29-033,1992,10,9,826,9.2,0,2,0,0,0,5,0,0.0,0.22,0.22,0.0,0.22,0.6,0.6,0.7,1.2,0.06,0.07,0.13,0.06,0.13,Matches
82,William Carvalho,pt POR,MF,Betis,28-312,1992,16,10,976,10.8,2,0,2,0,0,1,0,0.18,0.0,0.18,0.18,0.18,0.8,0.8,0.5,1.2,0.07,0.04,0.11,0.07,0.11,Matches
83,Casemiro,br BRA,MF,Real Madrid,28-356,1992,19,17,1575,17.5,4,0,4,0,0,8,0,0.23,0.0,0.23,0.23,0.23,2.0,2.0,0.8,2.9,0.12,0.05,0.16,0.12,0.16,Matches
84,Sofian Chakla,ma MAR,DF,Getafe,27-164,1993,3,3,270,3.0,0,0,0,0,0,1,0,0.0,0.0,0.0,0.0,0.0,0.0,0.0,0.0,0.0,0.0,0.0,0.0,0.0,0.0,Matches
85,Sofian Chakla,ma MAR,DF,Villarreal,27-164,1993,1,0,13,0.1,0,0,0,0,0,0,0,0.0,0.0,0.0,0.0,0.0,0.1,0.1,0.0,0.1,0.39,0.0,0.39,0.39,0.39,Matches
86,Chema,es ESP,"DF,MF",Getafe,28-347,1992,4,4,276,3.1,0,0,0,0,0,2,1,0.0,0.0,0.0,0.0,0.0,0.0,0.0,0.1,0.1,0.0,0.04,0.05,0.0,0.05,Matches
87,Denis Cheryshev,ru RUS,MF,Valencia,30-049,1990,13,10,807,9.0,0,2,0,0,0,2,0,0.0,0.22,0.22,0.0,0.22,1.4,1.4,1.7,3.2,0.16,0.19,0.35,0.16,0.35,Matches
88,Samuel Chukwueze,ng NGA,"MF,FW",Villarreal,21-267,1999,17,6,707,7.9,1,2,1,0,0,0,0,0.13,0.25,0.38,0.13,0.38,1.2,1.2,1.0,2.2,0.15,0.13,0.28,0.15,0.28,Matches
89,Víctor Chust,es ESP,DF,Real Madrid,20-345,2000,1,0,5,0.1,0,0,0,0,0,0,0,0.0,0.0,0.0,0.0,0.0,0.0,0.0,0.0,0.0,0.0,0.0,0.0,0.0,0.0,Matches
90,Cifu,es ESP,DF,Elche,30-131,1990,6,3,317,3.5,0,0,0,0,0,1,0,0.0,0.0,0.0,0.0,0.0,0.1,0.1,0.0,0.1,0.04,0.0,0.04,0.04,0.04,Matches
91,Alberto Cifuentes,es ESP,GK,Cádiz,41-260,1979,2,2,180,2.0,0,0,0,0,0,0,0,0.0,0.0,0.0,0.0,0.0,0.0,0.0,0.0,0.0,0.0,0.02,0.02,0.0,0.02,Matches
92,Carlos Clerc,es ESP,DF,Levante,28-358,1992,20,19,1717,19.1,0,2,0,0,0,3,0,0.0,0.1,0.1,0.0,0.1,0.3,0.3,2.5,2.8,0.01,0.13,0.15,0.01,0.15,Matches
93,Coke,es ESP,DF,Levante,33-293,1987,8,4,327,3.6,0,0,0,0,0,0,0,0.0,0.0,0.0,0.0,0.0,0.2,0.2,0.0,0.2,0.06,0.0,0.06,0.06,0.06,Matches
94,Francis Coquelin,fr FRA,MF,Villarreal,29-276,1991,14,6,497,5.5,0,0,0,0,0,3,0,0.0,0.0,0.0,0.0,0.0,0.2,0.2,0.3,0.4,0.03,0.05,0.08,0.03,0.08,Matches
95,Iñigo Córdoba,es ESP,MF,Alavés,23-337,1997,1,0,31,0.3,0,0,0,0,0,0,0,0.0,0.0,0.0,0.0,0.0,0.0,0.0,0.0,0.0,0.05,0.0,0.05,0.05,0.05,Matches
96,Iñigo Córdoba,es ESP,"FW,MF",Athletic Club,23-337,1997,3,1,95,1.1,0,0,0,0,0,0,0,0.0,0.0,0.0,0.0,0.0,0.1,0.1,0.0,0.1,0.11,0.0,0.11,0.11,0.11,Matches
97,Ángel Correa,ar ARG,"FW,MF",Atlético Madrid,25-341,1995,20,13,1115,12.4,3,6,3,0,0,2,0,0.24,0.48,0.73,0.24,0.73,2.5,2.3,2.7,4.9,0.2,0.22,0.42,0.18,0.4,Matches
98,Rober Correa,es ESP,DF,Eibar,28-146,1992,9,8,671,7.5,0,0,0,0,0,2,0,0.0,0.0,0.0,0.0,0.0,0.0,0.0,0.1,0.1,0.0,0.01,0.01,0.0,0.01,Matches
99,Thierry Correia,pt POR,DF,Valencia,21-341,1999,15,11,1011,11.2,0,0,0,0,0,4,1,0.0,0.0,0.0,0.0,0.0,0.2,0.2,0.6,0.8,0.02,0.06,0.07,0.02,0.07,Matches
100,Diego Costa,es ESP,FW,Atlético Madrid,32-129,1988,7,2,208,2.3,2,0,1,1,1,1,0,0.87,0.0,0.87,0.43,0.43,1.4,0.6,0.3,1.0,0.6,0.14,0.74,0.27,0.41,Matches
101,Jaume Costa,es ESP,"DF,MF",Villarreal,32-332,1988,7,1,185,2.1,0,1,0,0,0,0,0,0.0,0.49,0.49,0.0,0.49,0.0,0.0,0.2,0.2,0.01,0.09,0.1,0.01,0.1,Matches
102,Thibaut Courtois,be BEL,GK,Real Madrid,28-278,1992,22,22,1980,22.0,0,0,0,0,0,0,0,0.0,0.0,0.0,0.0,0.0,0.0,0.0,0.0,0.0,0.0,0.0,0.0,0.0,0.0,Matches
103,Philippe Coutinho,br BRA,"MF,FW",Barcelona,28-246,1992,12,8,654,7.3,2,2,2,0,0,0,0,0.28,0.28,0.55,0.28,0.55,3.9,3.9,0.9,4.7,0.53,0.12,0.65,0.53,0.65,Matches
104,Juan Cruz Armada,es ESP,DF,Osasuna,28-200,1992,17,15,1335,14.8,0,0,0,0,0,2,0,0.0,0.0,0.0,0.0,0.0,0.0,0.0,0.1,0.1,0.0,0.01,0.01,0.0,0.01,Matches
105,Sergio Cubero Ezcurra,es ESP,MF,Eibar,21-161,1999,1,0,1,0.0,0,0,0,0,0,0,0,0.0,0.0,0.0,0.0,0.0,0.0,0.0,0.0,0.0,0.0,0.0,0.0,0.0,0.0,Matches
106,Cucho,co COL,"FW,MF",Getafe,21-299,1999,16,15,1150,12.8,2,3,2,0,0,3,0,0.16,0.23,0.39,0.16,0.39,2.4,2.4,1.0,3.3,0.18,0.07,0.26,0.18,0.26,Matches
107,Marc Cucurella,es ESP,MF,Getafe,22-206,1998,22,22,1959,21.8,3,1,3,0,0,4,0,0.14,0.05,0.18,0.14,0.18,1.4,1.4,1.7,3.1,0.06,0.08,0.14,0.06,0.14,Matches
108,Patrick Cutrone,it ITA,FW,Valencia,23-041,1998,1,0,26,0.3,0,0,0,0,0,0,0,0.0,0.0,0.0,0.0,0.0,0.1,0.1,0.0,0.1,0.37,0.0,0.37,0.37,0.37,Matches
109,Ousmane Dembélé,fr FRA,FW,Barcelona,23-274,1997,15,10,896,10.0,2,2,2,0,0,1,0,0.2,0.2,0.4,0.2,0.4,2.0,2.0,2.1,4.1,0.21,0.21,0.42,0.21,0.42,Matches
110,Sergiño Dest,us USA,DF,Barcelona,20-102,2000,15,12,1016,11.3,0,1,0,0,0,1,0,0.0,0.09,0.09,0.0,0.09,0.9,0.9,1.7,2.6,0.08,0.15,0.23,0.08,0.23,Matches
111,Deyverson,br BRA,FW,Alavés,29-281,1991,18,10,773,8.6,1,2,1,0,0,3,0,0.12,0.23,0.35,0.12,0.35,1.6,1.6,1.1,2.7,0.19,0.13,0.32,0.19,0.32,Matches
112,Abdoulay Diaby,ml MLI,MF,Getafe,29-268,1991,1,0,18,0.2,0,0,0,0,0,0,0,0.0,0.0,0.0,0.0,0.0,0.3,0.3,0.1,0.4,1.69,0.53,2.22,1.69,2.22,Matches
113,Mouctar Diakhaby,fr FRA,DF,Valencia,24-056,1996,15,14,1259,14.0,1,0,1,0,0,1,0,0.07,0.0,0.07,0.07,0.07,0.7,0.7,0.0,0.7,0.05,0.0,0.05,0.05,0.05,Matches
114,Víctor Díaz,es ESP,DF,Granada,32-246,1988,4,1,109,1.2,0,0,0,0,0,0,0,0.0,0.0,0.0,0.0,0.0,0.2,0.2,0.1,0.3,0.16,0.06,0.22,0.16,0.22,Matches
115,Papakouli Diop,sn SEN,MF,Eibar,34-331,1986,18,14,1245,13.8,0,1,0,0,0,6,2,0.0,0.07,0.07,0.0,0.07,0.3,0.3,0.7,1.0,0.02,0.05,0.07,0.02,0.07,Matches
116,Djené,tg TOG,DF,Getafe,29-044,1991,19,19,1659,18.4,0,0,0,0,0,7,2,0.0,0.0,0.0,0.0,0.0,0.0,0.0,0.0,0.0,0.0,0.0,0.0,0.0,0.0,Matches
117,Marko Dmitrović,rs SRB,GK,Eibar,29-020,1992,22,22,1950,21.7,1,0,0,1,1,0,0,0.05,0.0,0.05,0.0,0.0,0.8,0.1,0.5,0.6,0.04,0.02,0.06,0.0,0.03,Matches
118,Jaume Doménech,es ESP,GK,Valencia,30-100,1990,22,22,1980,22.0,0,0,0,0,0,1,0,0.0,0.0,0.0,0.0,0.0,0.0,0.0,0.0,0.0,0.0,0.0,0.0,0.0,0.0,Matches
119,John Donald,es ESP,DF,Elche,20-167,2000,2,1,50,0.6,0,0,0,0,0,0,0,0.0,0.0,0.0,0.0,0.0,0.0,0.0,0.0,0.0,0.0,0.0,0.0,0.0,0.0,Matches
120,Idrissa Doumbia,ci CIV,MF,Huesca,22-305,1998,9,3,335,3.7,0,0,0,0,0,3,0,0.0,0.0,0.0,0.0,0.0,0.3,0.3,0.0,0.3,0.09,0.0,0.09,0.09,0.09,Matches
121,Domingos Duarte,pt POR,DF,Granada,25-340,1995,19,18,1559,17.3,1,0,1,0,0,4,1,0.06,0.0,0.06,0.06,0.06,1.1,1.1,0.9,2.0,0.06,0.05,0.12,0.06,0.12,Matches
122,Óscar Duarte,cr CRC,DF,Levante,31-255,1989,12,11,977,10.9,1,0,1,0,0,2,0,0.09,0.0,0.09,0.09,0.09,0.2,0.2,0.1,0.3,0.02,0.01,0.03,0.02,0.03,Matches
123,Rubén Duarte,es ESP,DF,Alavés,25-118,1995,20,19,1718,19.1,0,0,0,0,0,5,1,0.0,0.0,0.0,0.0,0.0,0.4,0.4,2.0,2.4,0.02,0.1,0.12,0.02,0.12,Matches
124,Aritz Elustondo,es ESP,DF,Real Sociedad,26-322,1994,13,12,1052,11.7,0,0,0,0,0,4,0,0.0,0.0,0.0,0.0,0.0,0.2,0.2,0.1,0.3,0.02,0.01,0.03,0.02,0.03,Matches
125,Rodrigo Ely,br BRA,DF,Alavés,27-102,1993,8,6,468,5.2,1,0,1,0,0,1,0,0.19,0.0,0.19,0.19,0.19,0.2,0.2,0.1,0.3,0.04,0.02,0.06,0.04,0.06,Matches
126,Emerson,br BRA,DF,Betis,22-030,1999,18,18,1551,17.2,0,2,0,0,0,6,1,0.0,0.12,0.12,0.0,0.12,0.1,0.1,1.3,1.4,0.01,0.07,0.08,0.01,0.08,Matches
127,Youssef En-Nesyri,ma MAR,FW,Sevilla,23-257,1997,21,14,1328,14.8,13,0,13,0,0,1,0,0.88,0.0,0.88,0.88,0.88,8.4,8.4,1.0,9.4,0.57,0.07,0.64,0.57,0.64,Matches
128,Sergi Enrich,es ESP,FW,Eibar,30-353,1990,14,4,528,5.9,1,0,1,0,1,0,0,0.17,0.0,0.17,0.17,0.17,2.7,1.9,0.4,2.3,0.46,0.06,0.52,0.33,0.39,Matches
129,Dani Escriche,es ESP,"FW,MF",Huesca,22-326,1998,10,2,265,2.9,0,1,0,0,0,2,0,0.0,0.34,0.34,0.0,0.34,0.1,0.1,0.1,0.2,0.04,0.03,0.07,0.04,0.07,Matches
130,Sergio Escudero,es ESP,DF,Sevilla,31-164,1989,5,3,288,3.2,1,0,1,0,0,1,0,0.31,0.0,0.31,0.31,0.31,0.1,0.1,0.4,0.5,0.04,0.12,0.16,0.04,0.16,Matches
131,Alfonso Espino,uy URU,DF,Cádiz,29-039,1992,19,18,1536,17.1,0,2,0,0,0,3,0,0.0,0.12,0.12,0.0,0.12,0.1,0.1,1.1,1.2,0.01,0.06,0.07,0.01,0.07,Matches
132,Esquerdo,es ESP,MF,Valencia,22-042,1999,4,3,231,2.6,0,0,0,0,0,1,0,0.0,0.0,0.0,0.0,0.0,0.0,0.0,0.1,0.1,0.01,0.03,0.04,0.01,0.04,Matches
133,Pervis Estupiñán,ec ECU,DF,Villarreal,23-023,1998,16,7,694,7.7,0,0,0,0,0,0,0,0.0,0.0,0.0,0.0,0.0,0.4,0.4,1.1,1.5,0.06,0.14,0.19,0.06,0.19,Matches
134,Xabier Etxeita,es ESP,DF,Getafe,33-105,1987,10,9,878,9.8,0,0,0,0,0,3,0,0.0,0.0,0.0,0.0,0.0,0.5,0.5,0.2,0.7,0.05,0.02,0.07,0.05,0.07,Matches
135,Edu Expósito,es ESP,MF,Eibar,24-196,1996,21,18,1680,18.7,0,1,0,0,2,4,0,0.0,0.05,0.05,0.0,0.05,2.3,0.8,2.3,3.1,0.12,0.12,0.25,0.04,0.16,Matches
136,Fali,es ESP,"DF,MF",Cádiz,27-185,1993,19,16,1447,16.1,0,0,0,0,0,5,0,0.0,0.0,0.0,0.0,0.0,0.5,0.5,0.7,1.1,0.03,0.04,0.07,0.03,0.07,Matches
137,Ansu Fati,es ESP,FW,Barcelona,18-105,2002,7,6,431,4.8,4,0,4,0,0,1,0,0.84,0.0,0.84,0.84,0.84,1.8,1.8,1.4,3.2,0.37,0.29,0.66,0.37,0.66,Matches
138,Nabil Fekir,fr FRA,"MF,FW",Betis,27-210,1993,20,20,1643,18.3,1,6,0,1,3,4,0,0.05,0.33,0.38,0.0,0.33,5.5,3.2,3.0,6.2,0.3,0.17,0.47,0.17,0.34,Matches
139,Felipe,br BRA,DF,Atlético Madrid,31-273,1989,17,12,1037,11.5,0,0,0,0,0,3,0,0.0,0.0,0.0,0.0,0.0,0.5,0.5,0.0,0.5,0.04,0.0,0.04,0.04,0.04,Matches
140,João Félix,pt POR,FW,Atlético Madrid,21-095,1999,18,11,1066,11.8,6,4,5,1,2,3,0,0.51,0.34,0.84,0.42,0.76,4.5,3.0,3.2,6.2,0.38,0.27,0.65,0.25,0.52,Matches
141,Aitor Fernández,es ESP,GK,Levante,29-286,1991,19,19,1710,19.0,0,0,0,0,0,0,0,0.0,0.0,0.0,0.0,0.0,0.0,0.0,0.0,0.0,0.0,0.0,0.0,0.0,0.0,Matches
142,Álex Fernández,es ESP,MF,Cádiz,28-121,1992,20,17,1554,17.3,1,1,1,0,0,1,0,0.06,0.06,0.12,0.06,0.12,1.1,1.1,1.8,2.9,0.06,0.1,0.17,0.06,0.17,Matches
143,Álvaro Fernández,es ESP,GK,Huesca,22-306,1998,11,11,990,11.0,0,0,0,0,0,0,0,0.0,0.0,0.0,0.0,0.0,0.0,0.0,0.0,0.0,0.0,0.0,0.0,0.0,0.0,Matches
144,Andrés Fernández,es ESP,GK,Huesca,34-058,1986,11,11,990,11.0,0,0,0,0,0,0,0,0.0,0.0,0.0,0.0,0.0,0.0,0.0,0.0,0.0,0.0,0.0,0.0,0.0,0.0,Matches
145,Augusto Fernández,ar ARG,MF,Cádiz,34-309,1986,9,2,239,2.7,0,0,0,0,0,1,0,0.0,0.0,0.0,0.0,0.0,0.0,0.0,0.0,0.0,0.0,0.0,0.0,0.0,0.0,Matches
146,Carlos Fernández,es ESP,FW,Real Sociedad,24-267,1996,2,0,30,0.3,0,0,0,0,0,0,0,0.0,0.0,0.0,0.0,0.0,0.3,0.3,0.0,0.3,0.99,0.0,0.99,0.99,0.99,Matches
147,Carlos Fernández,es ESP,FW,Sevilla,24-267,1996,5,2,143,1.6,0,0,0,0,0,0,0,0.0,0.0,0.0,0.0,0.0,0.1,0.1,0.1,0.2,0.09,0.06,0.14,0.09,0.14,Matches
148,Joaquín Fernández,es ESP,DF,Valladolid,24-258,1996,14,13,1168,13.0,1,0,1,0,0,5,0,0.08,0.0,0.08,0.08,0.08,0.5,0.5,0.2,0.7,0.04,0.02,0.06,0.04,0.06,Matches
149,Fernando,br BRA,MF,Sevilla,33-203,1987,18,17,1526,17.0,0,3,0,0,0,5,0,0.0,0.18,0.18,0.0,0.18,0.1,0.1,2.1,2.1,0.0,0.12,0.13,0.0,0.13,Matches
150,David Ferreiro,es ESP,"FW,MF",Huesca,32-318,1988,21,15,1303,14.5,1,2,1,0,0,1,0,0.07,0.14,0.21,0.07,0.21,1.3,1.3,2.7,4.0,0.09,0.19,0.28,0.09,0.28,Matches
151,Facundo Ferreyra,ar ARG,FW,Celta Vigo,29-336,1991,2,0,30,0.3,1,0,1,0,0,1,0,3.0,0.0,3.0,3.0,3.0,0.7,0.7,0.0,0.7,4.32,0.0,4.32,4.32,4.32,Matches
152,Fidel,es ESP,"MF,DF",Elche,31-109,1989,15,14,1207,13.4,4,2,2,2,2,2,0,0.3,0.15,0.45,0.15,0.3,2.4,0.9,2.4,3.3,0.18,0.18,0.36,0.07,0.25,Matches
153,Junior Firpo,es ESP,DF,Barcelona,24-175,1996,4,1,150,1.7,0,1,0,0,0,0,0,0.0,0.6,0.6,0.0,0.6,0.0,0.0,0.7,0.7,0.0,0.41,0.41,0.0,0.41,Matches
154,Kingsley Fobi,gh GHA,DF,Granada,22-146,1998,1,0,45,0.5,0,0,0,0,0,0,0,0.0,0.0,0.0,0.0,0.0,0.0,0.0,0.0,0.0,0.0,0.0,0.0,0.0,0.0,Matches
155,Ramón Folch,es ESP,MF,Elche,31-132,1989,1,0,1,0.0,0,0,0,0,0,0,0,0.0,0.0,0.0,0.0,0.0,0.0,0.0,0.0,0.0,0.0,0.0,0.0,0.0,0.0,Matches
156,José Fontán,es ESP,DF,Celta Vigo,21-002,2000,7,4,338,3.8,0,0,0,0,0,2,1,0.0,0.0,0.0,0.0,0.0,0.5,0.5,0.0,0.5,0.13,0.0,0.13,0.13,0.13,Matches
157,Dimitri Foulquier,fr FRA,DF,Granada,27-327,1993,18,18,1511,16.8,0,2,0,0,0,7,0,0.0,0.12,0.12,0.0,0.12,0.2,0.2,1.1,1.3,0.01,0.07,0.08,0.01,0.08,Matches
158,Juan Foyth,ar ARG,"MF,DF",Villarreal,23-032,1998,7,4,361,4.0,0,0,0,0,0,2,0,0.0,0.0,0.0,0.0,0.0,0.0,0.0,0.1,0.1,0.0,0.04,0.04,0.0,0.04,Matches
159,Jorge de Frutos,es ESP,MF,Levante,23-359,1997,20,8,901,10.0,2,6,2,0,0,1,0,0.2,0.6,0.8,0.2,0.8,1.9,1.9,3.7,5.6,0.19,0.37,0.56,0.19,0.56,Matches
160,Ramiro Funes Mori,ar ARG,DF,Villarreal,29-345,1991,3,1,97,1.1,0,0,0,0,0,0,0,0.0,0.0,0.0,0.0,0.0,0.0,0.0,0.0,0.0,0.0,0.0,0.0,0.0,0.0,Matches
161,Javi Galán,es ESP,DF,Huesca,26-086,1994,22,20,1827,20.3,1,2,1,0,0,2,0,0.05,0.1,0.15,0.05,0.15,0.1,0.1,1.6,1.8,0.01,0.08,0.09,0.01,0.09,Matches
162,Enric Gallego,es ESP,FW,Osasuna,34-154,1986,14,6,606,6.7,0,1,0,0,0,1,0,0.0,0.15,0.15,0.0,0.15,1.2,1.2,0.5,1.7,0.18,0.08,0.26,0.18,0.26,Matches
163,Kévin Gameiro,fr FRA,FW,Valencia,33-280,1987,13,5,503,5.6,1,1,1,0,0,0,0,0.18,0.18,0.36,0.18,0.36,1.9,1.9,0.9,2.8,0.34,0.16,0.5,0.34,0.5,Matches
164,Aleix García,es ESP,MF,Eibar,23-230,1997,2,0,44,0.5,0,0,0,0,0,0,0,0.0,0.0,0.0,0.0,0.0,0.0,0.0,0.0,0.0,0.1,0.0,0.1,0.1,0.1,Matches
165,Borja García,es ESP,"MF,FW",Huesca,30-103,1990,18,13,1099,12.2,1,0,1,0,0,0,0,0.08,0.0,0.08,0.08,0.08,1.2,1.2,1.1,2.4,0.1,0.09,0.2,0.1,0.2,Matches
166,Dani García,es ESP,MF,Athletic Club,30-265,1990,17,14,1212,13.5,0,1,0,0,0,4,0,0.0,0.07,0.07,0.0,0.07,0.3,0.3,0.3,0.7,0.03,0.02,0.05,0.03,0.05,Matches
167,David García,es ESP,DF,Osasuna,26-365,1994,20,20,1800,20.0,1,0,1,0,0,5,0,0.05,0.0,0.05,0.05,0.05,0.9,0.9,0.2,1.1,0.04,0.01,0.06,0.04,0.06,Matches
168,Manu García,es ESP,MF,Alavés,34-293,1986,16,4,572,6.4,0,0,0,0,0,3,0,0.0,0.0,0.0,0.0,0.0,0.5,0.5,0.0,0.5,0.07,0.0,0.07,0.07,0.07,Matches
169,Raúl García,es ESP,"DF,MF",Valladolid,31-289,1989,8,5,504,5.6,1,0,1,0,0,2,0,0.18,0.0,0.18,0.18,0.18,0.1,0.1,0.2,0.4,0.02,0.04,0.07,0.02,0.07,Matches
170,Raúl García,es ESP,"FW,MF",Athletic Club,34-217,1986,19,13,1077,12.0,3,1,2,1,1,7,1,0.25,0.08,0.33,0.17,0.25,3.2,2.5,0.5,3.0,0.27,0.04,0.31,0.21,0.25,Matches
171,Rubén García,es ESP,"MF,FW",Osasuna,27-214,1993,22,21,1752,19.5,3,3,2,1,1,2,0,0.15,0.15,0.31,0.1,0.26,2.6,1.9,3.2,5.1,0.13,0.17,0.3,0.1,0.26,Matches
172,Sergi García,es ESP,MF,Alavés,21-305,1999,2,0,16,0.2,0,0,0,0,0,0,0,0.0,0.0,0.0,0.0,0.0,0.0,0.0,0.0,0.0,0.0,0.0,0.0,0.0,0.0,Matches
173,Unai García,es ESP,DF,Osasuna,29-010,1992,11,9,911,10.1,0,0,0,0,0,2,0,0.0,0.0,0.0,0.0,0.0,0.4,0.4,0.0,0.4,0.04,0.0,0.04,0.04,0.04,Matches
174,Mario Gaspar,es ESP,DF,Villarreal,30-081,1990,15,14,1200,13.3,0,2,0,0,0,2,0,0.0,0.15,0.15,0.0,0.15,0.4,0.4,1.5,1.9,0.03,0.11,0.14,0.03,0.14,Matches
175,David Gil,es ESP,GK,Cádiz,27-033,1994,1,1,90,1.0,0,0,0,0,0,0,0,0.0,0.0,0.0,0.0,0.0,0.0,0.0,0.0,0.0,0.0,0.0,0.0,0.0,0.0,Matches
176,Álvaro Giménez,es ESP,"FW,MF",Cádiz,29-270,1991,11,3,407,4.5,2,1,2,0,0,0,0,0.44,0.22,0.66,0.44,0.66,1.4,1.4,0.0,1.4,0.31,0.01,0.32,0.31,0.32,Matches
177,Dani Gómez,es ESP,FW,Levante,22-198,1998,19,9,869,9.7,2,1,2,0,0,2,0,0.21,0.1,0.31,0.21,0.31,2.2,2.2,0.5,2.8,0.23,0.06,0.29,0.23,0.29,Matches
178,Maxi Gómez,uy URU,FW,Valencia,24-183,1996,19,19,1684,18.7,5,0,5,0,0,4,0,0.27,0.0,0.27,0.27,0.27,4.4,4.4,0.4,4.8,0.24,0.02,0.26,0.24,0.26,Matches
179,Moi Gómez,es ESP,"MF,FW",Villarreal,26-235,1994,19,18,1610,17.9,2,0,1,1,1,1,0,0.11,0.0,0.11,0.06,0.06,2.8,2.0,1.9,3.9,0.15,0.11,0.26,0.11,0.22,Matches
180,Papu Gómez,ar ARG,"MF,FW",Sevilla,32-364,1988,1,0,34,0.4,1,0,1,0,0,0,0,2.65,0.0,2.65,2.65,2.65,0.0,0.0,0.0,0.1,0.08,0.13,0.2,0.08,0.2,Matches
181,Sergi Gómez,es ESP,DF,Sevilla,28-322,1992,6,6,449,5.0,0,0,0,0,0,1,0,0.0,0.0,0.0,0.0,0.0,0.0,0.0,0.0,0.0,0.0,0.0,0.0,0.0,0.0,Matches
182,Sergio Gómez,es ESP,"FW,MF",Huesca,20-162,2000,15,2,360,4.0,0,1,0,0,0,0,0,0.0,0.25,0.25,0.0,0.25,0.4,0.4,0.6,1.0,0.09,0.15,0.24,0.09,0.24,Matches
183,Maxime Gonalons,fr FRA,MF,Granada,31-340,1989,13,11,843,9.4,0,1,0,0,0,6,1,0.0,0.11,0.11,0.0,0.11,0.1,0.1,0.5,0.5,0.01,0.05,0.06,0.01,0.06,Matches
184,Alfonso González,es ESP,MF,Celta Vigo,21-285,1999,2,0,34,0.4,0,0,0,0,0,0,0,0.0,0.0,0.0,0.0,0.0,0.0,0.0,0.1,0.1,0.13,0.22,0.35,0.13,0.35,Matches
185,Bruno González,es ESP,DF,Valladolid,30-265,1990,18,18,1620,18.0,1,0,1,0,0,6,0,0.06,0.0,0.06,0.06,0.06,0.3,0.3,0.0,0.3,0.02,0.0,0.02,0.02,0.02,Matches
186,Diego González,es ESP,DF,Elche,26-016,1995,12,10,825,9.2,0,0,0,0,0,4,0,0.0,0.0,0.0,0.0,0.0,0.1,0.1,0.1,0.2,0.02,0.01,0.02,0.02,0.02,Matches
187,Sergio González,es ESP,MF,Cádiz,23-275,1997,1,1,90,1.0,0,0,0,0,0,0,0,0.0,0.0,0.0,0.0,0.0,0.0,0.0,0.0,0.0,0.02,0.02,0.04,0.02,0.04,Matches
188,Urko González,es ESP,MF,Real Sociedad,19-330,2001,1,0,2,0.0,0,0,0,0,0,0,0,0.0,0.0,0.0,0.0,0.0,0.0,0.0,0.0,0.0,0.0,0.0,0.0,0.0,0.0,Matches
189,Andoni Gorosabel,es ESP,DF,Real Sociedad,24-193,1996,18,16,1340,14.9,0,1,0,0,0,1,0,0.0,0.07,0.07,0.0,0.07,0.6,0.6,1.9,2.5,0.04,0.13,0.16,0.04,0.16,Matches
190,Antoine Griezmann,fr FRA,"FW,MF",Barcelona,29-329,1991,20,18,1442,16.0,6,4,6,0,1,2,0,0.37,0.25,0.62,0.37,0.62,8.4,7.6,2.8,10.5,0.52,0.18,0.7,0.48,0.65,Matches
191,Andrés Guardado,mx MEX,"MF,FW",Betis,34-138,1986,11,7,536,6.0,0,0,0,0,0,0,0,0.0,0.0,0.0,0.0,0.0,0.0,0.0,0.4,0.5,0.0,0.08,0.08,0.0,0.08,Matches
192,Sergi Guardiola,es ESP,FW,Valladolid,29-260,1991,16,10,964,10.7,1,2,0,1,2,1,0,0.09,0.19,0.28,0.0,0.19,4.2,2.7,1.0,3.7,0.4,0.09,0.49,0.25,0.35,Matches
193,Nemanja Gudelj,rs SRB,"MF,DF",Sevilla,29-089,1991,15,4,468,5.2,0,0,0,0,0,6,0,0.0,0.0,0.0,0.0,0.0,0.1,0.1,0.0,0.2,0.02,0.01,0.03,0.02,0.03,Matches
194,Gonçalo Guedes,pt POR,"MF,FW",Valencia,24-076,1996,17,14,1172,13.0,1,1,1,0,0,1,1,0.08,0.08,0.15,0.08,0.15,1.2,1.2,1.6,2.9,0.1,0.13,0.22,0.1,0.22,Matches
195,Ander Guevara,es ESP,MF,Real Sociedad,23-221,1997,17,14,1109,12.3,0,0,0,0,0,3,0,0.0,0.0,0.0,0.0,0.0,0.1,0.1,0.3,0.4,0.01,0.02,0.03,0.01,0.03,Matches
196,John Guidetti,se SWE,FW,Alavés,28-304,1992,4,0,65,0.7,0,0,0,0,0,0,0,0.0,0.0,0.0,0.0,0.0,0.3,0.3,0.0,0.3,0.45,0.0,0.45,0.45,0.45,Matches
197,Hugo Guillamón,es ESP,DF,Valencia,21-013,2000,13,11,1031,11.5,1,0,1,0,0,6,0,0.09,0.0,0.09,0.09,0.09,0.4,0.4,0.0,0.4,0.04,0.0,0.04,0.04,0.04,Matches
198,Jon Guridi,es ESP,MF,Real Sociedad,25-351,1995,9,5,463,5.1,0,1,0,0,0,2,0,0.0,0.19,0.19,0.0,0.19,0.7,0.7,0.6,1.3,0.14,0.12,0.26,0.14,0.26,Matches
199,Raúl Guti,es ESP,MF,Elche,24-045,1996,20,17,1538,17.1,1,0,1,0,0,2,0,0.06,0.0,0.06,0.06,0.06,0.7,0.7,0.0,0.7,0.04,0.0,0.04,0.04,0.04,Matches
200,Marcos Mauro López Gutiérrez,ar ARG,DF,Cádiz,30-035,1991,12,12,947,10.5,0,0,0,0,0,2,1,0.0,0.0,0.0,0.0,0.0,0.2,0.2,0.1,0.2,0.02,0.01,0.02,0.02,0.02,Matches
201,Munir El Haddadi,es ESP,FW,Sevilla,25-165,1995,17,5,544,6.0,3,1,3,0,0,1,0,0.5,0.17,0.66,0.5,0.66,2.9,2.9,1.3,4.2,0.48,0.21,0.69,0.48,0.69,Matches
202,Eden Hazard,be BEL,FW,Real Madrid,30-037,1991,8,6,376,4.2,2,1,2,0,0,0,0,0.48,0.24,0.72,0.48,0.72,1.2,1.2,0.5,1.7,0.29,0.11,0.41,0.29,0.41,Matches
203,Mario Hermoso,es ESP,DF,Atlético Madrid,25-240,1995,15,15,1336,14.8,1,1,1,0,0,4,0,0.07,0.07,0.13,0.07,0.13,0.3,0.3,0.1,0.4,0.02,0.01,0.03,0.02,0.03,Matches
204,Aridane Hernández,gq EQG,DF,Osasuna,31-327,1989,12,12,946,10.5,0,0,0,0,0,3,1,0.0,0.0,0.0,0.0,0.0,0.1,0.1,0.5,0.6,0.01,0.05,0.06,0.01,0.06,Matches
205,Héctor Herrera,mx MEX,MF,Atlético Madrid,30-300,1990,8,4,367,4.1,0,0,0,0,0,2,0,0.0,0.0,0.0,0.0,0.0,0.0,0.0,0.2,0.3,0.01,0.06,0.06,0.01,0.06,Matches
206,Sergio Herrera,es ESP,GK,Osasuna,27-253,1993,20,19,1788,19.9,0,0,0,0,0,2,0,0.0,0.0,0.0,0.0,0.0,0.0,0.0,0.0,0.0,0.0,0.0,0.0,0.0,0.0,Matches
207,Yangel Herrera,ve VEN,MF,Granada,23-037,1998,19,15,1384,15.4,2,1,2,0,0,6,0,0.13,0.07,0.2,0.13,0.2,1.0,1.0,0.8,1.8,0.06,0.05,0.12,0.06,0.12,Matches
208,Pablo Hervías,es ESP,"DF,FW",Valladolid,27-342,1993,20,9,994,11.0,0,4,0,0,0,1,0,0.0,0.36,0.36,0.0,0.36,0.4,0.4,2.4,2.8,0.04,0.22,0.26,0.04,0.26,Matches
209,Jordan Holsgrove,sco SCO,MF,Celta Vigo,21-156,1999,2,0,76,0.8,0,0,0,0,0,0,0,0.0,0.0,0.0,0.0,0.0,0.1,0.1,0.0,0.1,0.1,0.0,0.1,0.1,0.1,Matches
210,Vicente Iborra,es ESP,MF,Villarreal,33-028,1988,13,10,928,10.3,0,0,0,0,0,4,0,0.0,0.0,0.0,0.0,0.0,0.2,0.2,0.2,0.3,0.02,0.02,0.03,0.02,0.03,Matches
211,Oussama Idrissi,ma MAR,"FW,MF",Sevilla,24-353,1996,3,0,27,0.3,0,0,0,0,0,0,0,0.0,0.0,0.0,0.0,0.0,0.3,0.3,0.0,0.3,0.96,0.0,0.96,0.96,0.96,Matches
212,Borja Iglesias,es ESP,FW,Betis,28-027,1993,15,5,554,6.2,3,0,3,0,0,2,0,0.49,0.0,0.49,0.49,0.49,2.0,2.0,0.2,2.2,0.32,0.04,0.36,0.32,0.36,Matches
213,Juan Iglesias,es ESP,DF,Getafe,22-225,1998,2,1,94,1.0,0,0,0,0,0,0,0,0.0,0.0,0.0,0.0,0.0,0.0,0.0,0.0,0.0,0.01,0.01,0.02,0.01,0.02,Matches
214,Asier Illarramendi,es ESP,MF,Real Sociedad,30-342,1990,2,2,107,1.2,0,0,0,0,0,1,0,0.0,0.0,0.0,0.0,0.0,0.0,0.0,0.0,0.0,0.0,0.02,0.02,0.0,0.02,Matches
215,Pablo Insua,es ESP,DF,Huesca,27-157,1993,9,8,722,8.0,0,0,0,0,0,6,0,0.0,0.0,0.0,0.0,0.0,0.0,0.0,0.0,0.1,0.0,0.0,0.01,0.0,0.01,Matches
216,Takashi Inui,jp JPN,"MF,FW",Eibar,32-256,1988,19,18,1401,15.6,1,0,1,0,0,0,0,0.06,0.0,0.06,0.06,0.06,2.0,2.0,1.5,3.5,0.13,0.1,0.23,0.13,0.23,Matches
217,Alexander Isak,se SWE,FW,Real Sociedad,21-145,1999,18,14,1165,12.9,8,2,8,0,0,3,0,0.62,0.15,0.77,0.62,0.77,7.4,7.4,1.5,8.9,0.57,0.12,0.69,0.57,0.69,Matches
218,Isco,es ESP,MF,Real Madrid,28-298,1992,13,3,394,4.4,0,1,0,0,0,0,0,0.0,0.23,0.23,0.0,0.23,0.9,0.9,0.5,1.3,0.2,0.1,0.3,0.2,0.3,Matches
219,Jairo Izquierdo,es ESP,"DF,MF",Cádiz,27-114,1993,15,8,797,8.9,1,0,1,0,0,3,0,0.11,0.0,0.11,0.11,0.11,0.5,0.5,0.2,0.7,0.05,0.03,0.08,0.05,0.08,Matches
220,Saidy Janko,ch SUI,DF,Valladolid,25-114,1995,5,2,205,2.3,0,0,0,0,0,1,0,0.0,0.0,0.0,0.0,0.0,0.0,0.0,0.1,0.2,0.01,0.06,0.07,0.01,0.07,Matches
221,Adnan Januzaj,be BEL,"FW,MF",Real Sociedad,26-008,1995,13,5,421,4.7,2,2,1,1,1,1,0,0.43,0.43,0.86,0.21,0.64,2.8,2.1,1.4,3.5,0.61,0.31,0.91,0.45,0.75,Matches
222,Jason,es ESP,"MF,DF",Valencia,26-222,1994,14,4,419,4.7,0,0,0,0,0,3,1,0.0,0.0,0.0,0.0,0.0,0.1,0.1,0.6,0.7,0.03,0.12,0.15,0.03,0.15,Matches
223,Luis Javier Suárez,co COL,"FW,MF",Granada,23-073,1997,19,13,1169,13.0,5,0,5,0,0,4,0,0.38,0.0,0.38,0.38,0.38,4.5,4.5,1.0,5.5,0.34,0.08,0.42,0.34,0.42,Matches
224,Ángel Jiménez,es ESP,GK,Granada,18-236,2002,1,1,90,1.0,0,0,0,0,0,0,0,0.0,0.0,0.0,0.0,0.0,0.0,0.0,0.0,0.0,0.0,0.0,0.0,0.0,0.0,Matches
225,Joaquín,es ESP,"FW,MF",Betis,39-207,1981,15,11,808,9.0,1,4,1,0,0,0,0,0.11,0.45,0.56,0.11,0.56,0.8,0.8,2.0,2.8,0.09,0.22,0.31,0.09,0.31,Matches
226,Frenkie de Jong,nl NED,"MF,DF",Barcelona,23-277,1997,21,19,1778,19.8,3,3,3,0,0,4,0,0.15,0.15,0.3,0.15,0.3,2.9,2.9,2.4,5.3,0.15,0.12,0.27,0.15,0.27,Matches
227,Luuk de Jong,nl NED,FW,Sevilla,30-170,1990,18,7,687,7.6,2,0,2,0,0,2,0,0.26,0.0,0.26,0.26,0.26,1.5,1.5,0.7,2.2,0.19,0.09,0.29,0.19,0.29,Matches
228,Jony,es ESP,"MF,FW",Osasuna,29-219,1991,13,7,597,6.6,0,1,0,0,0,0,0,0.0,0.15,0.15,0.0,0.15,0.4,0.4,1.8,2.3,0.07,0.28,0.34,0.07,0.34,Matches
229,Joan Jordán,es ESP,MF,Sevilla,26-222,1994,20,17,1405,15.6,1,5,1,0,0,4,1,0.06,0.32,0.38,0.06,0.38,1.1,1.1,1.7,2.9,0.07,0.11,0.18,0.07,0.18,Matches
230,Josan,es ESP,"MF,DF",Elche,31-072,1989,20,18,1395,15.5,4,2,4,0,0,2,0,0.26,0.13,0.39,0.26,0.39,1.4,1.4,0.9,2.3,0.09,0.06,0.15,0.09,0.15,Matches
231,Willian José,br BRA,FW,Real Sociedad,29-082,1991,13,8,689,7.7,3,1,3,0,1,0,0,0.39,0.13,0.52,0.39,0.52,4.3,3.5,0.9,4.4,0.56,0.11,0.67,0.46,0.58,Matches
232,Joselu,es ESP,FW,Alavés,30-323,1990,21,19,1697,18.9,5,1,4,1,2,1,0,0.27,0.05,0.32,0.21,0.27,7.3,5.8,1.7,7.5,0.39,0.09,0.48,0.31,0.4,Matches
233,Josema,es ESP,DF,Elche,24-252,1996,18,15,1428,15.9,0,1,0,0,0,2,0,0.0,0.06,0.06,0.0,0.06,0.3,0.3,0.4,0.7,0.02,0.03,0.05,0.02,0.05,Matches
234,Jota,es ESP,MF,Alavés,29-242,1991,14,10,788,8.8,0,1,0,0,0,4,1,0.0,0.11,0.11,0.0,0.11,0.4,0.4,1.0,1.4,0.05,0.11,0.16,0.05,0.16,Matches
235,Jota,pt POR,FW,Valladolid,21-320,1999,9,4,356,4.0,1,0,1,0,0,1,0,0.25,0.0,0.25,0.25,0.25,,,,,,,,,,Matches
236,Luka Jović,rs SRB,"FW,MF",Real Madrid,23-052,1997,4,2,149,1.7,0,0,0,0,0,0,0,0.0,0.0,0.0,0.0,0.0,1.1,1.1,0.1,1.2,0.67,0.08,0.75,0.67,0.75,Matches
237,Juan,ar ARG,MF,Granada,23-020,1998,1,0,23,0.3,0,0,0,0,0,0,0,0.0,0.0,0.0,0.0,0.0,0.0,0.0,0.0,0.0,0.0,0.0,0.0,0.0,0.0,Matches
238,Juanmi,es ESP,"FW,MF",Betis,27-269,1993,7,3,271,3.0,0,0,0,0,0,0,0,0.0,0.0,0.0,0.0,0.0,1.5,1.5,0.0,1.5,0.49,0.01,0.5,0.49,0.5,Matches
239,Vinicius Júnior,br BRA,FW,Real Madrid,20-216,2000,19,10,998,11.1,2,2,2,0,0,1,0,0.18,0.18,0.36,0.18,0.36,4.1,4.1,1.6,5.7,0.37,0.15,0.52,0.37,0.52,Matches
240,Jens Jønsson,dk DEN,MF,Cádiz,28-034,1993,22,21,1629,18.1,0,0,0,0,0,2,0,0.0,0.0,0.0,0.0,0.0,0.5,0.5,1.0,1.6,0.03,0.06,0.09,0.03,0.09,Matches
241,Damian Kądzior,pl POL,"FW,MF",Eibar,28-242,1992,6,2,195,2.2,0,0,0,0,0,0,0,0.0,0.0,0.0,0.0,0.0,0.1,0.1,0.0,0.1,0.05,0.01,0.06,0.05,0.06,Matches
242,Lee Kangin,kr KOR,"FW,MF",Valencia,19-360,2001,14,8,655,7.3,0,3,0,0,0,0,0,0.0,0.41,0.41,0.0,0.41,0.7,0.7,1.8,2.5,0.1,0.24,0.34,0.1,0.34,Matches
243,Stephane Keller,cm CMR,DF,Alavés,19-177,2001,1,0,16,0.2,0,0,0,0,0,0,0,0.0,0.0,0.0,0.0,0.0,0.0,0.0,0.0,0.0,0.0,0.0,0.0,0.0,0.0,Matches
244,Kenedy,br BRA,"FW,MF",Granada,25-005,1996,18,12,932,10.4,3,2,3,0,0,1,0,0.29,0.19,0.48,0.29,0.48,1.7,1.7,1.3,3.0,0.16,0.13,0.29,0.16,0.29,Matches
245,Kike,es ESP,FW,Eibar,31-080,1989,21,20,1708,19.0,6,2,6,0,0,3,1,0.32,0.11,0.42,0.32,0.42,6.8,6.8,1.3,8.1,0.36,0.07,0.42,0.36,0.42,Matches
246,Giorgi Kochorashvili,ge GEO,MF,Levante,21-229,1999,1,0,2,0.0,0,0,0,0,0,0,0,0.0,0.0,0.0,0.0,0.0,0.0,0.0,0.0,0.0,0.0,0.0,0.0,0.0,0.0,Matches
247,Kenan Kodro,ba BIH,"FW,MF",Athletic Club,27-178,1993,3,0,44,0.5,1,0,0,1,1,1,0,2.05,0.0,2.05,0.0,0.0,0.8,0.0,0.0,0.0,1.6,0.0,1.6,0.04,0.04,Matches
248,Kenan Kodro,ba BIH,"FW,MF",Valladolid,27-178,1993,2,0,56,0.6,0,0,0,0,0,0,0,0.0,0.0,0.0,0.0,0.0,0.4,0.4,0.0,0.4,0.69,0.0,0.69,0.69,0.69,Matches
249,Koba Koindredi,fr FRA,MF,Valencia,19-109,2001,2,0,15,0.2,0,0,0,0,0,0,0,0.0,0.0,0.0,0.0,0.0,0.0,0.0,0.0,0.0,0.0,0.0,0.0,0.0,0.0,Matches
250,Koke,es ESP,MF,Atlético Madrid,29-036,1992,19,17,1522,16.9,1,0,1,0,0,6,0,0.06,0.0,0.06,0.06,0.06,1.2,1.2,1.4,2.6,0.07,0.08,0.15,0.07,0.15,Matches
251,Geoffrey Kondogbia,cf CTA,MF,Valencia,27-364,1993,5,5,440,4.9,0,0,0,0,0,1,0,0.0,0.0,0.0,0.0,0.0,0.1,0.1,0.0,0.1,0.01,0.0,0.01,0.01,0.01,Matches
252,Geoffrey Kondogbia,cf CTA,"MF,FW",Atlético Madrid,27-364,1993,11,1,249,2.8,0,0,0,0,0,2,0,0.0,0.0,0.0,0.0,0.0,0.0,0.0,0.0,0.0,0.0,0.0,0.0,0.0,0.0,Matches
253,Youssouf Koné,ml MLI,"DF,FW",Elche,25-223,1995,3,1,73,0.8,0,0,0,0,0,0,0,0.0,0.0,0.0,0.0,0.0,0.0,0.0,0.0,0.0,0.0,0.0,0.0,0.0,0.0,Matches
254,Jules Koundé,fr FRA,DF,Sevilla,22-093,1998,18,18,1620,18.0,1,0,1,0,0,2,0,0.06,0.0,0.06,0.06,0.06,1.4,1.4,0.3,1.7,0.08,0.01,0.09,0.08,0.09,Matches
255,Toni Kroos,de GER,MF,Real Madrid,31-040,1990,19,17,1467,16.3,1,4,1,0,0,5,0,0.06,0.25,0.31,0.06,0.31,1.4,1.4,5.4,6.7,0.08,0.33,0.41,0.08,0.41,Matches
256,Takefusa Kubo,jp JPN,"MF,FW",Villarreal,19-254,2001,13,2,299,3.3,0,0,0,0,0,2,1,0.0,0.0,0.0,0.0,0.0,1.4,1.4,0.5,1.9,0.41,0.16,0.57,0.41,0.57,Matches
257,Takefusa Kubo,jp JPN,"MF,FW",Getafe,19-254,2001,6,4,346,3.8,0,0,0,0,0,0,0,0.0,0.0,0.0,0.0,0.0,0.3,0.3,0.1,0.4,0.07,0.04,0.11,0.07,0.11,Matches
258,Kuki,es ESP,MF,Valladolid,22-284,1998,2,0,30,0.3,0,1,0,0,0,0,0,0.0,3.0,3.0,0.0,3.0,0.0,0.0,0.1,0.1,0.0,0.16,0.16,0.0,0.16,Matches
259,Víctor Laguardia,es ESP,DF,Alavés,31-100,1989,18,17,1437,16.0,0,0,0,0,0,3,1,0.0,0.0,0.0,0.0,0.0,0.8,0.8,0.4,1.3,0.05,0.03,0.08,0.05,0.08,Matches
260,Diego Lainez,mx MEX,"FW,MF",Betis,20-249,2000,11,4,442,4.9,0,1,0,0,0,1,0,0.0,0.2,0.2,0.0,0.2,0.5,0.5,0.7,1.1,0.09,0.14,0.23,0.09,0.23,Matches
261,Toni Lato,es ESP,DF,Valencia,23-084,1997,9,4,401,4.5,1,0,1,0,0,1,0,0.22,0.0,0.22,0.22,0.22,1.0,1.0,0.3,1.2,0.22,0.06,0.28,0.22,0.28,Matches
262,Robin Le Normand,fr FRA,DF,Real Sociedad,24-094,1996,18,16,1489,16.5,0,0,0,0,0,5,1,0.0,0.0,0.0,0.0,0.0,1.1,1.1,0.1,1.1,0.06,0.0,0.07,0.06,0.07,Matches
263,Jeremías Ledesma,ar ARG,GK,Cádiz,28-000,1993,19,19,1710,19.0,0,0,0,0,0,0,0,0.0,0.0,0.0,0.0,0.0,0.0,0.0,0.0,0.0,0.0,0.0,0.0,0.0,0.0,Matches
264,Florian Lejeune,fr FRA,DF,Alavés,29-269,1991,19,19,1665,18.5,0,0,0,0,0,8,0,0.0,0.0,0.0,0.0,0.0,0.4,0.4,0.2,0.5,0.02,0.01,0.03,0.02,0.03,Matches
265,Iñigo Lekue,es ESP,"DF,FW",Athletic Club,27-285,1993,8,0,84,0.9,0,0,0,0,0,0,0,0.0,0.0,0.0,0.0,0.0,0.0,0.0,0.3,0.3,0.0,0.37,0.37,0.0,0.37,Matches
266,Thomas Lemar,fr FRA,"MF,FW",Atlético Madrid,25-093,1995,17,12,889,9.9,1,2,1,0,0,1,0,0.1,0.2,0.3,0.1,0.3,0.9,0.9,1.3,2.2,0.1,0.13,0.22,0.1,0.22,Matches
267,Clément Lenglet,fr FRA,DF,Barcelona,25-241,1995,18,15,1254,13.9,1,0,1,0,0,7,1,0.07,0.0,0.07,0.07,0.07,1.1,1.1,0.5,1.7,0.08,0.04,0.12,0.08,0.12,Matches
268,Lautado de León,uy URU,"MF,FW",Celta Vigo,20-004,2001,1,0,14,0.2,0,0,0,0,0,0,0,0.0,0.0,0.0,0.0,0.0,0.0,0.0,0.0,0.0,0.0,0.0,0.0,0.0,0.0,Matches
269,Pedro León,es ESP,"MF,FW",Eibar,34-081,1986,14,5,493,5.5,1,1,1,0,0,1,0,0.18,0.18,0.37,0.18,0.37,0.5,0.5,0.4,0.9,0.09,0.08,0.17,0.09,0.17,Matches
270,Sergio León,es ESP,FW,Levante,32-038,1989,16,4,480,5.3,1,0,1,0,0,0,0,0.19,0.0,0.19,0.19,0.19,2.0,2.0,0.2,2.3,0.38,0.04,0.43,0.38,0.43,Matches
271,Diego Llorente,es ESP,DF,Real Sociedad,27-181,1993,1,1,90,1.0,0,0,0,0,0,0,0,0.0,0.0,0.0,0.0,0.0,0.0,0.0,0.0,0.0,0.0,0.0,0.0,0.0,0.0,Matches
272,Marcos Llorente,es ESP,"MF,DF",Atlético Madrid,26-014,1995,20,16,1452,16.1,6,6,6,0,0,2,0,0.37,0.37,0.74,0.37,0.74,2.1,2.1,2.0,4.1,0.13,0.12,0.25,0.13,0.25,Matches
273,Renan Lodi,br BRA,DF,Atlético Madrid,22-311,1998,12,6,637,7.1,0,2,0,0,0,1,0,0.0,0.28,0.28,0.0,0.28,0.2,0.2,0.7,0.9,0.03,0.1,0.13,0.03,0.13,Matches
274,Pedro López Muñoz,es ESP,DF,Huesca,37-104,1983,10,7,652,7.2,0,1,0,0,0,2,0,0.0,0.14,0.14,0.0,0.14,0.0,0.0,0.4,0.4,0.0,0.06,0.06,0.0,0.06,Matches
275,Adrián López,es ESP,FW,Osasuna,33-036,1988,11,4,353,3.9,1,1,1,0,0,0,0,0.25,0.25,0.51,0.25,0.51,1.1,1.1,0.7,1.9,0.29,0.19,0.48,0.29,0.48,Matches
276,Javi López,es ESP,"DF,MF",Alavés,19-043,2002,8,1,192,2.1,0,0,0,0,0,1,0,0.0,0.0,0.0,0.0,0.0,0.1,0.1,0.1,0.2,0.04,0.04,0.08,0.04,0.08,Matches
277,Roberto López,es ESP,MF,Real Sociedad,20-295,2000,12,4,409,4.5,2,0,2,0,0,0,0,0.44,0.0,0.44,0.44,0.44,0.5,0.5,0.9,1.4,0.1,0.2,0.31,0.1,0.31,Matches
278,Unai López,es ESP,MF,Athletic Club,25-106,1995,13,6,685,7.6,2,0,2,0,0,4,0,0.26,0.0,0.26,0.26,0.26,0.7,0.7,0.6,1.3,0.09,0.08,0.17,0.09,0.17,Matches
279,Anthony Lozano,hn HON,FW,Cádiz,27-294,1993,18,13,989,11.0,3,1,3,0,0,4,0,0.27,0.09,0.36,0.27,0.36,4.0,4.0,0.7,4.7,0.37,0.06,0.43,0.37,0.43,Matches
280,Jeison Lucumí,co COL,FW,Elche,25-311,1995,2,1,49,0.5,0,0,0,0,0,0,0,0.0,0.0,0.0,0.0,0.0,0.0,0.0,0.0,0.0,0.0,0.0,0.0,0.0,0.0,Matches
281,José Luis Gayà,es ESP,DF,Valencia,25-264,1995,19,19,1664,18.5,0,4,0,0,0,2,0,0.0,0.22,0.22,0.0,0.22,0.9,0.9,2.4,3.2,0.05,0.13,0.17,0.05,0.17,Matches
282,José Luis Morales,es ESP,"FW,MF",Levante,33-205,1987,21,17,1391,15.5,10,3,10,0,0,2,0,0.65,0.19,0.84,0.65,0.84,5.1,5.1,2.9,8.0,0.33,0.19,0.52,0.33,0.52,Matches
283,Luisinho,pt POR,DF,Huesca,35-284,1985,5,2,179,2.0,0,0,0,0,0,1,0,0.0,0.0,0.0,0.0,0.0,0.0,0.0,0.0,0.0,0.01,0.0,0.01,0.01,0.01,Matches
284,Luismi,es ESP,"MF,DF",Elche,28-284,1992,6,2,137,1.5,0,0,0,0,0,0,0,0.0,0.0,0.0,0.0,0.0,0.0,0.0,0.0,0.0,0.0,0.0,0.0,0.0,0.0,Matches
285,Darwin Machís,ve VEN,"FW,MF",Granada,28-006,1993,19,14,1296,14.4,2,3,2,0,1,1,0,0.14,0.21,0.35,0.14,0.35,3.3,2.5,2.4,4.9,0.23,0.17,0.4,0.17,0.34,Matches
286,Pablo Maffeo,es ESP,DF,Huesca,23-216,1997,13,13,1034,11.5,1,2,1,0,0,3,0,0.09,0.17,0.26,0.09,0.26,0.4,0.4,0.7,1.1,0.04,0.06,0.09,0.04,0.09,Matches
287,Abdallahi Mahmoud,mr MTN,MF,Alavés,20-285,2000,1,1,45,0.5,0,0,0,0,0,0,0,0.0,0.0,0.0,0.0,0.0,0.0,0.0,0.0,0.0,0.0,0.0,0.0,0.0,0.0,Matches
288,Nemanja Maksimović,rs SRB,MF,Getafe,26-018,1995,20,19,1547,17.2,1,0,1,0,0,3,0,0.06,0.0,0.06,0.06,0.06,1.4,1.4,0.4,1.8,0.08,0.02,0.11,0.08,0.11,Matches
289,Filip Malbašić,rs SRB,"FW,MF",Cádiz,28-087,1992,18,4,461,5.1,0,1,0,0,0,2,0,0.0,0.2,0.2,0.0,0.2,0.2,0.2,0.0,0.2,0.04,0.01,0.04,0.04,0.04,Matches
290,Hugo Mallo,es ESP,DF,Celta Vigo,29-236,1991,20,20,1800,20.0,1,1,1,0,0,4,0,0.05,0.05,0.1,0.05,0.1,0.9,0.9,2.0,2.9,0.05,0.11,0.15,0.05,0.15,Matches
291,Mickael Malsa,mq MTQ,MF,Levante,25-124,1995,19,16,1327,14.7,0,0,0,0,0,4,0,0.0,0.0,0.0,0.0,0.0,0.6,0.6,0.3,0.9,0.04,0.02,0.06,0.04,0.06,Matches
292,Aïssa Mandi,dz ALG,DF,Betis,29-114,1991,16,15,1312,14.6,3,0,3,0,0,5,2,0.21,0.0,0.21,0.21,0.21,1.5,1.5,0.1,1.6,0.1,0.01,0.11,0.1,0.11,Matches
293,Eliaquim Mangala,fr FRA,DF,Valencia,30-000,1991,5,4,313,3.5,0,0,0,0,0,1,0,0.0,0.0,0.0,0.0,0.0,0.5,0.5,0.0,0.5,0.15,0.0,0.15,0.15,0.15,Matches
294,Maranhão,br BRA,FW,Valladolid,24-116,1996,13,8,820,9.1,3,0,3,0,0,1,0,0.33,0.0,0.33,0.33,0.33,2.3,2.3,0.1,2.4,0.25,0.01,0.26,0.25,0.26,Matches
295,Marcelo,br BRA,DF,Real Madrid,32-277,1988,8,7,627,7.0,0,2,0,0,0,2,0,0.0,0.29,0.29,0.0,0.29,0.3,0.3,0.6,0.8,0.04,0.08,0.12,0.04,0.12,Matches
296,Iván Marcone,ar ARG,MF,Elche,30-255,1990,17,17,1448,16.1,0,0,0,0,0,6,1,0.0,0.0,0.0,0.0,0.0,0.0,0.0,0.3,0.4,0.0,0.02,0.02,0.0,0.02,Matches
297,Óscar de Marcos,es ESP,"MF,FW",Athletic Club,31-305,1989,11,7,640,7.1,1,1,1,0,0,0,0,0.14,0.14,0.28,0.14,0.28,0.5,0.5,1.3,1.7,0.07,0.18,0.25,0.07,0.25,Matches
298,José Mari,es ESP,MF,Cádiz,33-069,1987,8,7,500,5.6,0,0,0,0,0,1,0,0.0,0.0,0.0,0.0,0.0,0.1,0.1,0.2,0.4,0.02,0.04,0.06,0.02,0.06,Matches
299,José María Giménez,uy URU,DF,Atlético Madrid,26-024,1995,11,10,911,10.1,0,0,0,0,0,3,0,0.0,0.0,0.0,0.0,0.0,0.5,0.5,0.0,0.5,0.05,0.0,0.05,0.05,0.05,Matches
300,Mariano,do DOM,FW,Real Madrid,27-196,1993,7,2,228,2.5,1,0,1,0,0,0,0,0.39,0.0,0.39,0.39,0.39,0.9,0.9,0.2,1.1,0.36,0.06,0.42,0.36,0.42,Matches
301,Adrián Marín,es ESP,"DF,MF",Alavés,24-035,1997,5,1,93,1.0,0,0,0,0,0,0,0,0.0,0.0,0.0,0.0,0.0,0.1,0.1,0.5,0.6,0.07,0.52,0.58,0.07,0.58,Matches
302,Adrián Marín,es ESP,DF,Granada,24-035,1997,1,1,45,0.5,0,0,0,0,0,0,0,0.0,0.0,0.0,0.0,0.0,0.0,0.0,0.0,0.0,0.0,0.0,0.0,0.0,0.0,Matches
303,Roger Martí,es ESP,FW,Levante,30-041,1991,19,15,1252,13.9,9,2,8,1,3,2,0,0.65,0.14,0.79,0.58,0.72,6.4,4.1,1.7,5.8,0.46,0.13,0.58,0.29,0.42,Matches
304,Aarón Martín,es ESP,DF,Celta Vigo,23-297,1997,4,4,360,4.0,0,0,0,0,0,1,0,0.0,0.0,0.0,0.0,0.0,0.0,0.0,0.1,0.1,0.0,0.03,0.03,0.0,0.03,Matches
305,Iñigo Martínez,es ESP,DF,Athletic Club,29-272,1991,19,19,1710,19.0,0,0,0,0,0,7,0,0.0,0.0,0.0,0.0,0.0,0.5,0.5,0.6,1.0,0.02,0.03,0.06,0.02,0.06,Matches
306,Javi Martínez,es ESP,MF,Osasuna,21-053,1999,6,2,185,2.1,0,0,0,0,0,0,0,0.0,0.0,0.0,0.0,0.0,0.0,0.0,0.0,0.0,0.0,0.02,0.02,0.0,0.02,Matches
307,Jordi Masip,es ESP,GK,Valladolid,32-041,1989,16,16,1440,16.0,0,0,0,0,0,1,0,0.0,0.0,0.0,0.0,0.0,0.0,0.0,0.0,0.0,0.0,0.0,0.0,0.0,0.0,Matches
308,Jaime Mata,es ESP,FW,Getafe,32-112,1988,20,14,1172,13.0,3,0,2,1,2,7,0,0.23,0.0,0.23,0.15,0.15,4.5,3.0,0.6,3.6,0.34,0.05,0.39,0.23,0.28,Matches
309,Borja Mayoral,es ESP,FW,Real Madrid,23-314,1997,2,0,23,0.3,0,0,0,0,0,0,0,0.0,0.0,0.0,0.0,0.0,0.0,0.0,0.0,0.0,0.0,0.0,0.0,0.0,0.0,Matches
310,Gonzalo Melero,es ESP,"MF,FW",Levante,27-042,1994,21,15,1311,14.6,4,1,4,0,0,2,0,0.27,0.07,0.34,0.27,0.34,2.1,2.1,1.6,3.7,0.15,0.11,0.26,0.15,0.26,Matches
311,Brais Méndez,es ESP,"MF,FW",Celta Vigo,24-037,1997,20,16,1487,16.5,5,0,5,0,0,5,0,0.3,0.0,0.3,0.3,0.3,4.2,4.2,1.0,5.2,0.27,0.06,0.33,0.27,0.33,Matches
312,Édgar Méndez,es ESP,"MF,DF",Alavés,31-042,1990,19,16,1245,13.8,3,1,3,0,0,8,1,0.22,0.07,0.29,0.22,0.29,3.2,3.2,0.7,3.9,0.23,0.05,0.28,0.23,0.28,Matches
313,Eñaut Mendía,es ESP,FW,Eibar,21-233,1999,1,1,61,0.7,0,0,0,0,0,1,0,0.0,0.0,0.0,0.0,0.0,0.0,0.0,0.0,0.0,0.02,0.0,0.02,0.02,0.02,Matches
314,Ferland Mendy,fr FRA,DF,Real Madrid,25-250,1995,18,16,1488,16.5,1,0,1,0,0,3,0,0.06,0.0,0.06,0.06,0.06,0.5,0.5,1.5,2.0,0.03,0.09,0.12,0.03,0.12,Matches
315,Mikel Merino,es ESP,MF,Real Sociedad,24-236,1996,21,20,1729,19.2,1,3,1,0,0,4,0,0.05,0.16,0.21,0.05,0.21,2.8,2.8,1.5,4.3,0.15,0.08,0.22,0.15,0.22,Matches
316,Martín Merquelanz,es ESP,"FW,MF",Real Sociedad,25-246,1995,9,3,420,4.7,0,0,0,0,0,0,0,0.0,0.0,0.0,0.0,0.0,1.0,1.0,1.4,2.4,0.22,0.29,0.51,0.22,0.51,Matches
317,Roque Mesa,es ESP,MF,Valladolid,31-251,1989,10,8,698,7.8,0,0,0,0,0,3,1,0.0,0.0,0.0,0.0,0.0,0.4,0.4,0.7,1.1,0.05,0.09,0.15,0.05,0.15,Matches
318,Lionel Messi,ar ARG,"FW,MF",Barcelona,33-234,1987,19,17,1583,17.6,13,2,11,2,3,3,0,0.74,0.11,0.85,0.63,0.74,12.3,9.9,5.5,15.3,0.7,0.31,1.01,0.56,0.87,Matches
319,Omenuke Mfulu,cd COD,MF,Elche,26-330,1994,11,4,361,4.0,0,0,0,0,0,2,0,0.0,0.0,0.0,0.0,0.0,0.0,0.0,0.0,0.0,0.0,0.0,0.0,0.0,0.0,Matches
320,Míchel,es ESP,MF,Valladolid,32-199,1988,10,7,568,6.3,2,0,2,0,0,2,0,0.32,0.0,0.32,0.32,0.32,0.3,0.3,0.4,0.6,0.04,0.06,0.1,0.04,0.1,Matches
321,Éder Militão,br BRA,"DF,MF",Real Madrid,23-026,1998,4,3,233,2.6,0,0,0,0,0,2,1,0.0,0.0,0.0,0.0,0.0,0.3,0.3,0.0,0.3,0.11,0.0,0.11,0.11,0.11,Matches
322,Luis Milla,es ESP,MF,Granada,26-129,1994,16,14,1253,13.9,1,1,1,0,0,1,0,0.07,0.07,0.14,0.07,0.14,0.5,0.5,2.1,2.6,0.04,0.15,0.19,0.04,0.19,Matches
323,Pere Milla,es ESP,"FW,MF",Elche,28-143,1992,18,12,1143,12.7,1,1,1,0,0,3,0,0.08,0.08,0.16,0.08,0.16,2.8,2.8,0.6,3.5,0.23,0.05,0.27,0.23,0.27,Matches
324,Alejandro Millán,es ESP,FW,Villarreal,21-098,1999,1,0,2,0.0,0,0,0,0,0,0,0,0.0,0.0,0.0,0.0,0.0,0.0,0.0,0.0,0.0,0.0,0.0,0.0,0.0,0.0,Matches
325,Santi Mina,es ESP,FW,Celta Vigo,25-068,1995,20,15,1316,14.6,5,1,5,0,0,2,0,0.34,0.07,0.41,0.34,0.41,3.6,3.6,0.6,4.2,0.26,0.04,0.3,0.26,0.3,Matches
326,Óscar Mingueza,es ESP,DF,Barcelona,21-276,1999,12,10,875,9.7,0,1,0,0,0,2,0,0.0,0.1,0.1,0.0,0.1,0.3,0.3,0.5,0.9,0.04,0.05,0.09,0.04,0.09,Matches
327,Rafa Mir,es ESP,FW,Huesca,23-240,1997,22,16,1469,16.3,6,1,6,0,0,1,0,0.37,0.06,0.43,0.37,0.43,5.1,5.1,1.6,6.7,0.31,0.1,0.41,0.31,0.41,Matches
328,Jorge Miramón,es ESP,DF,Levante,31-256,1989,17,13,1174,13.0,0,2,0,0,0,1,0,0.0,0.15,0.15,0.0,0.15,0.7,0.7,1.0,1.7,0.05,0.08,0.13,0.05,0.13,Matches
329,Juan Miranda,es ESP,DF,Betis,21-025,2000,10,7,700,7.8,1,1,1,0,0,2,0,0.13,0.13,0.26,0.13,0.26,0.4,0.4,0.4,0.8,0.05,0.06,0.1,0.05,0.1,Matches
330,Luka Modrić,hr CRO,MF,Real Madrid,35-157,1985,21,19,1630,18.1,3,2,3,0,0,2,0,0.17,0.11,0.28,0.17,0.28,1.4,1.4,2.5,4.0,0.08,0.14,0.22,0.08,0.22,Matches
331,Johan Mojica,co COL,DF,Elche,28-176,1992,5,5,390,4.3,0,0,0,0,0,0,0,0.0,0.0,0.0,0.0,0.0,0.1,0.1,0.2,0.3,0.02,0.05,0.07,0.02,0.07,Matches
332,Guillem Molina Gutiérrez,es ESP,DF,Valencia,20-286,2000,1,0,74,0.8,0,0,0,0,0,1,0,0.0,0.0,0.0,0.0,0.0,0.0,0.0,0.0,0.0,0.0,0.0,0.0,0.0,0.0,Matches
333,Jorge Molina,es ESP,"FW,MF",Granada,38-297,1982,17,8,691,7.7,3,1,3,0,0,0,0,0.39,0.13,0.52,0.39,0.52,1.9,1.9,0.8,2.7,0.24,0.11,0.35,0.24,0.35,Matches
334,Victor Mollejo,es ESP,"MF,DF",Getafe,20-023,2001,4,0,72,0.8,0,0,0,0,0,0,0,0.0,0.0,0.0,0.0,0.0,0.0,0.0,0.1,0.1,0.0,0.08,0.08,0.0,0.08,Matches
335,Jon Moncayola,es ESP,MF,Osasuna,22-276,1998,21,17,1572,17.5,1,0,1,0,0,4,1,0.06,0.0,0.06,0.06,0.06,0.6,0.6,0.4,1.0,0.04,0.02,0.06,0.04,0.06,Matches
336,Nacho Monreal,es ESP,DF,Real Sociedad,34-353,1986,13,11,1000,11.1,1,0,1,0,0,0,0,0.09,0.0,0.09,0.09,0.09,0.5,0.5,0.9,1.4,0.05,0.08,0.13,0.05,0.13,Matches
337,Ángel Montoro,es ESP,MF,Granada,32-233,1988,12,11,827,9.2,1,1,0,1,1,2,0,0.11,0.11,0.22,0.0,0.11,1.2,0.4,1.2,1.6,0.13,0.14,0.26,0.04,0.18,Matches
338,Martín Montoya,es ESP,DF,Betis,29-305,1991,4,2,230,2.6,0,0,0,0,0,0,1,0.0,0.0,0.0,0.0,0.0,0.0,0.0,0.3,0.4,0.02,0.13,0.15,0.02,0.15,Matches
339,Emre Mor,tr TUR,"FW,MF",Celta Vigo,23-204,1997,11,6,500,5.6,0,0,0,0,0,2,0,0.0,0.0,0.0,0.0,0.0,0.3,0.3,0.2,0.5,0.06,0.03,0.1,0.06,0.1,Matches
340,Jon Morcillo,es ESP,"FW,MF",Athletic Club,22-151,1998,16,6,562,6.2,0,2,0,0,0,2,0,0.0,0.32,0.32,0.0,0.32,0.8,0.8,1.1,1.8,0.12,0.17,0.29,0.12,0.29,Matches
341,Álex Moreno,es ESP,DF,Betis,27-250,1993,16,15,1298,14.4,0,1,0,0,0,2,0,0.0,0.07,0.07,0.0,0.07,0.7,0.7,1.2,1.9,0.05,0.08,0.13,0.05,0.13,Matches
342,Gerard Moreno,es ESP,"FW,MF",Villarreal,28-312,1992,17,17,1459,16.2,12,2,8,4,4,3,0,0.74,0.12,0.86,0.49,0.62,9.3,6.3,3.1,9.4,0.57,0.19,0.76,0.39,0.58,Matches
343,Tete Morente,es ESP,"MF,FW",Elche,24-071,1996,17,13,1234,13.7,2,2,2,0,0,5,0,0.15,0.15,0.29,0.15,0.29,1.9,1.9,0.9,2.8,0.15,0.07,0.21,0.15,0.21,Matches
344,Loren Morón,es ESP,FW,Betis,27-045,1993,16,6,652,7.2,1,0,1,0,0,1,0,0.14,0.0,0.14,0.14,0.14,1.6,1.6,0.3,1.9,0.22,0.04,0.26,0.22,0.26,Matches
345,Pedro Mosquera,es ESP,MF,Huesca,32-298,1988,18,18,1607,17.9,0,0,0,0,0,1,0,0.0,0.0,0.0,0.0,0.0,0.3,0.3,0.6,0.9,0.02,0.03,0.05,0.02,0.05,Matches
346,Javi Moyano,es ESP,DF,Valladolid,34-356,1986,2,2,103,1.1,0,0,0,0,0,0,0,0.0,0.0,0.0,0.0,0.0,0.0,0.0,0.0,0.0,0.0,0.0,0.0,0.0,0.0,Matches
347,Iker Muniain,es ESP,"MF,FW",Athletic Club,28-056,1992,20,17,1404,15.6,4,2,4,0,0,1,0,0.26,0.13,0.38,0.26,0.38,3.1,3.1,1.2,4.3,0.2,0.08,0.28,0.2,0.28,Matches
348,Aihen Muñoz,es ESP,DF,Real Sociedad,23-181,1997,12,11,992,11.0,0,1,0,0,0,5,0,0.0,0.09,0.09,0.0,0.09,0.3,0.3,0.4,0.6,0.03,0.03,0.06,0.03,0.06,Matches
349,Joaquín Muñoz,es ESP,FW,Huesca,21-340,1999,3,0,41,0.5,0,0,0,0,0,0,0,0.0,0.0,0.0,0.0,0.0,0.0,0.0,0.0,0.0,0.05,0.02,0.07,0.05,0.07,Matches
350,Jeison Murillo,co COL,DF,Celta Vigo,28-262,1992,21,21,1843,20.5,0,0,0,0,0,6,0,0.0,0.0,0.0,0.0,0.0,0.3,0.3,0.1,0.5,0.02,0.01,0.02,0.02,0.02,Matches
351,Yunus Musah,us USA,MF,Valencia,18-076,2002,21,14,1180,13.1,1,0,1,0,0,1,0,0.08,0.0,0.08,0.08,0.08,0.5,0.5,0.7,1.3,0.04,0.06,0.1,0.04,0.1,Matches
352,Yoshinori Mutō,jp JPN,"FW,MF",Eibar,28-213,1992,18,12,965,10.7,1,1,1,0,0,0,0,0.09,0.09,0.19,0.09,0.19,1.5,1.5,0.9,2.4,0.14,0.08,0.22,0.14,0.22,Matches
353,Nacho,es ESP,DF,Valladolid,31-343,1989,17,17,1442,16.0,0,1,0,0,0,2,1,0.0,0.06,0.06,0.0,0.06,0.3,0.3,1.5,1.8,0.02,0.09,0.11,0.02,0.11,Matches
354,Nacho,es ESP,DF,Real Madrid,31-026,1990,9,9,762,8.5,0,0,0,0,0,3,0,0.0,0.0,0.0,0.0,0.0,0.2,0.2,0.0,0.2,0.02,0.0,0.02,0.02,0.02,Matches
355,Nano,es ESP,"FW,MF",Cádiz,26-008,1995,1,0,9,0.1,0,0,0,0,0,0,0,0.0,0.0,0.0,0.0,0.0,0.0,0.0,0.0,0.0,0.0,0.0,0.0,0.0,0.0,Matches
356,Roberto Navarro,es ESP,MF,Real Sociedad,18-307,2002,1,0,35,0.4,0,0,0,0,0,0,0,0.0,0.0,0.0,0.0,0.0,0.0,0.0,0.0,0.0,0.0,0.07,0.07,0.0,0.07,Matches
357,Ximo Navarro,es ESP,DF,Alavés,31-021,1990,18,17,1389,15.4,1,1,1,0,0,4,0,0.06,0.06,0.13,0.06,0.13,0.3,0.3,0.8,1.0,0.02,0.05,0.07,0.02,0.07,Matches
358,Jesús Navas,es ESP,DF,Sevilla,35-084,1985,19,19,1550,17.2,0,4,0,0,0,4,0,0.0,0.23,0.23,0.0,0.23,0.5,0.5,3.4,3.9,0.03,0.2,0.23,0.03,0.23,Matches
359,Raúl Navas,es ESP,DF,Osasuna,32-278,1988,2,2,168,1.9,0,0,0,0,0,0,0,0.0,0.0,0.0,0.0,0.0,0.0,0.0,0.0,0.0,0.0,0.01,0.01,0.0,0.01,Matches
360,Álvaro Negredo,es ESP,FW,Cádiz,35-177,1985,19,17,1342,14.9,6,3,6,0,0,3,1,0.4,0.2,0.6,0.4,0.6,4.7,4.7,2.0,6.7,0.32,0.13,0.45,0.32,0.45,Matches
361,Neto,br BRA,GK,Barcelona,31-209,1989,6,6,540,6.0,0,0,0,0,0,0,0,0.0,0.0,0.0,0.0,0.0,0.0,0.0,0.0,0.0,0.0,0.0,0.0,0.0,0.0,Matches
362,Carlos Neva,es ESP,DF,Granada,24-246,1996,19,19,1626,18.1,0,0,0,0,0,1,0,0.0,0.0,0.0,0.0,0.0,0.5,0.5,0.1,0.6,0.03,0.0,0.03,0.03,0.03,Matches
363,Mamor Niang,sn SEN,"FW,MF",Getafe,19-009,2002,1,0,22,0.2,0,0,0,0,0,0,0,0.0,0.0,0.0,0.0,0.0,0.1,0.1,0.0,0.1,0.24,0.0,0.24,0.24,0.24,Matches
364,Manuel Nieto,es ESP,"FW,MF",Cádiz,22-321,1998,2,0,14,0.2,0,0,0,0,0,0,0,0.0,0.0,0.0,0.0,0.0,0.3,0.3,0.0,0.3,1.73,0.0,1.73,1.73,1.73,Matches
365,Saúl Ñíguez,es ESP,"MF,DF",Atlético Madrid,26-084,1994,16,10,967,10.7,2,0,2,0,1,3,0,0.19,0.0,0.19,0.19,0.19,1.7,0.8,0.6,1.4,0.16,0.05,0.21,0.07,0.13,Matches
366,Nino,es ESP,"MF,FW",Elche,40-248,1980,9,0,192,2.1,0,0,0,0,0,1,0,0.0,0.0,0.0,0.0,0.0,0.3,0.3,0.8,1.1,0.15,0.36,0.51,0.15,0.51,Matches
367,Fernando Niño,es ESP,FW,Villarreal,20-112,2000,11,7,466,5.2,3,0,3,0,0,1,0,0.58,0.0,0.58,0.58,0.58,4.1,4.1,0.1,4.2,0.78,0.03,0.81,0.78,0.81,Matches
368,Nolito,es ESP,"MF,FW",Celta Vigo,34-121,1986,22,21,1587,17.6,4,3,4,0,0,4,0,0.23,0.17,0.4,0.23,0.4,4.6,4.6,3.9,8.5,0.27,0.23,0.5,0.27,0.5,Matches
369,Unai Núñez,es ESP,DF,Athletic Club,24-014,1997,11,10,907,10.1,1,0,1,0,0,4,0,0.1,0.0,0.1,0.1,0.1,0.5,0.5,0.1,0.6,0.05,0.01,0.06,0.05,0.06,Matches
370,Kelechi Nwakali,ng NGA,"MF,FW",Huesca,22-253,1998,5,1,141,1.6,0,0,0,0,0,1,0,0.0,0.0,0.0,0.0,0.0,0.0,0.0,0.0,0.0,0.0,0.01,0.01,0.0,0.01,Matches
371,Allan Nyom,cm CMR,"MF,DF",Getafe,32-279,1988,19,17,1368,15.2,0,2,0,0,0,6,0,0.0,0.13,0.13,0.0,0.13,0.4,0.4,1.6,2.1,0.03,0.11,0.14,0.03,0.14,Matches
372,Jan Oblak,si SVN,GK,Atlético Madrid,28-037,1993,20,20,1800,20.0,0,0,0,0,0,0,0,0.0,0.0,0.0,0.0,0.0,0.0,0.0,0.0,0.0,0.0,0.0,0.0,0.0,0.0,Matches
373,Lucas Ocampos,ar ARG,FW,Sevilla,26-217,1994,21,19,1647,18.3,4,4,0,4,4,2,0,0.22,0.22,0.44,0.0,0.22,6.9,3.9,2.9,6.8,0.38,0.16,0.54,0.21,0.37,Matches
374,Álvaro Odriozola,es ESP,DF,Real Madrid,25-061,1995,4,3,226,2.5,0,0,0,0,0,0,0,0.0,0.0,0.0,0.0,0.0,0.0,0.0,0.0,0.0,0.0,0.0,0.0,0.0,0.0,Matches
375,Shinji Okazaki,jp JPN,"FW,MF",Huesca,34-303,1986,18,12,956,10.6,1,1,1,0,0,1,0,0.09,0.09,0.19,0.09,0.19,1.8,1.8,0.3,2.1,0.17,0.03,0.2,0.17,0.2,Matches
376,Lucas Olaza,uy URU,DF,Celta Vigo,26-207,1994,18,18,1615,17.9,0,2,0,0,0,4,0,0.0,0.11,0.11,0.0,0.11,0.4,0.4,2.2,2.6,0.02,0.12,0.14,0.02,0.14,Matches
377,Lucas Olaza,uy URU,DF,Valladolid,26-207,1994,1,1,90,1.0,0,0,0,0,0,0,0,0.0,0.0,0.0,0.0,0.0,0.0,0.0,0.0,0.0,0.0,0.0,0.0,0.0,0.0,Matches
378,Paulo Oliveira,pt POR,DF,Eibar,29-036,1992,16,15,1368,15.2,0,1,0,0,0,1,0,0.0,0.07,0.07,0.0,0.07,0.3,0.3,0.0,0.3,0.02,0.0,0.02,0.02,0.02,Matches
379,Mathías Olivera,uy URU,DF,Getafe,23-105,1997,17,16,1379,15.3,0,0,0,0,0,5,0,0.0,0.0,0.0,0.0,0.0,0.9,0.9,1.1,1.9,0.06,0.07,0.13,0.06,0.13,Matches
380,Javier Ontiveros,es ESP,"FW,MF",Huesca,23-157,1997,18,10,891,9.9,2,1,1,1,1,5,0,0.2,0.1,0.3,0.1,0.2,1.8,1.1,1.6,2.7,0.19,0.16,0.35,0.11,0.27,Matches
381,Fabián Orellana,cl CHI,"MF,FW",Valladolid,35-017,1986,19,16,1239,13.8,2,1,0,2,2,2,0,0.15,0.07,0.22,0.0,0.07,2.3,0.7,1.8,2.6,0.16,0.13,0.3,0.05,0.19,Matches
382,Mikel Oyarzabal,es ESP,"FW,MF",Real Sociedad,23-298,1997,17,15,1165,12.9,10,4,4,6,6,1,0,0.77,0.31,1.08,0.31,0.62,8.9,4.3,3.5,7.7,0.69,0.27,0.95,0.33,0.6,Matches
383,Fernando Pacheco,es ESP,GK,Alavés,28-271,1992,22,22,1980,22.0,0,0,0,0,0,1,0,0.0,0.0,0.0,0.0,0.0,0.0,0.0,0.1,0.1,0.0,0.0,0.0,0.0,0.0,Matches
384,Ante Palaversa,hr CRO,"MF,FW",Getafe,20-313,2000,2,0,9,0.1,0,0,0,0,0,0,0,0.0,0.0,0.0,0.0,0.0,0.0,0.0,0.1,0.1,0.0,0.57,0.57,0.0,0.57,Matches
385,Daniel Parejo,es ESP,MF,Villarreal,31-303,1989,20,20,1781,19.8,3,2,3,0,0,2,0,0.15,0.1,0.25,0.15,0.25,1.0,1.0,2.6,3.7,0.05,0.13,0.19,0.05,0.19,Matches
386,Marvin Olawale Akinlabi Park,es ESP,"DF,FW",Real Madrid,20-225,2000,3,1,88,1.0,0,0,0,0,0,0,0,0.0,0.0,0.0,0.0,0.0,0.0,0.0,0.0,0.0,0.0,0.02,0.02,0.0,0.02,Matches
387,Thomas Partey,gh GHA,MF,Atlético Madrid,27-245,1993,3,2,200,2.2,0,0,0,0,0,1,0,0.0,0.0,0.0,0.0,0.0,0.1,0.1,0.0,0.1,0.05,0.0,0.05,0.05,0.05,Matches
388,John Patrick,es ESP,"MF,DF",Getafe,17-142,2003,6,0,65,0.7,0,0,0,0,0,0,0,0.0,0.0,0.0,0.0,0.0,0.1,0.1,0.0,0.1,0.18,0.0,0.18,0.18,0.18,Matches
389,Gabriel Paulista,br BRA,DF,Valencia,30-079,1990,16,16,1366,15.2,2,1,2,0,0,3,0,0.13,0.07,0.2,0.13,0.2,0.5,0.5,0.0,0.5,0.03,0.0,0.03,0.03,0.03,Matches
390,Alfonso Pedraza,es ESP,DF,Villarreal,24-310,1996,17,16,1324,14.7,0,2,0,0,0,6,0,0.0,0.14,0.14,0.0,0.14,0.9,0.9,2.3,3.2,0.06,0.16,0.22,0.06,0.22,Matches
391,Pedri,es ESP,MF,Barcelona,18-080,2002,21,14,1324,14.7,2,2,2,0,0,1,0,0.14,0.14,0.27,0.14,0.27,2.2,2.2,3.9,6.1,0.15,0.26,0.41,0.15,0.41,Matches
392,Rubén Peña,es ESP,"DF,FW",Villarreal,29-210,1991,11,7,697,7.7,1,0,1,0,0,0,0,0.13,0.0,0.13,0.13,0.13,0.4,0.4,0.2,0.6,0.05,0.03,0.08,0.05,0.08,Matches
393,Alberto Perea,es ESP,MF,Cádiz,30-056,1990,16,9,934,10.4,1,2,1,0,0,0,0,0.1,0.19,0.29,0.1,0.29,1.0,1.0,1.7,2.8,0.1,0.17,0.27,0.1,0.27,Matches
394,Iñigo Pérez,es ESP,"MF,DF",Osasuna,33-026,1988,19,14,1187,13.2,0,0,0,0,0,4,1,0.0,0.0,0.0,0.0,0.0,0.3,0.3,0.6,0.8,0.02,0.04,0.06,0.02,0.06,Matches
395,Kike Pérez,es ESP,MF,Valladolid,23-365,1997,18,9,859,9.5,0,0,0,0,0,1,0,0.0,0.0,0.0,0.0,0.0,0.7,0.7,0.6,1.3,0.07,0.06,0.14,0.07,0.14,Matches
396,Lucas Pérez,es ESP,FW,Alavés,32-156,1988,16,11,1039,11.5,4,3,1,3,4,0,0,0.35,0.26,0.61,0.09,0.35,5.2,2.2,2.9,5.0,0.45,0.25,0.7,0.19,0.43,Matches
397,Luis Pérez,es ESP,DF,Valladolid,26-009,1995,13,10,918,10.2,0,0,0,0,0,1,0,0.0,0.0,0.0,0.0,0.0,0.1,0.1,0.2,0.3,0.01,0.02,0.03,0.01,0.03,Matches
398,Nehuén Pérez,ar ARG,DF,Granada,20-234,2000,5,3,301,3.3,0,0,0,0,0,0,0,0.0,0.0,0.0,0.0,0.0,0.1,0.1,0.0,0.1,0.03,0.0,0.03,0.03,0.03,Matches
399,Tomás Pina Isla,es ESP,MF,Alavés,33-122,1987,18,17,1422,15.8,1,0,1,0,0,7,0,0.06,0.0,0.06,0.06,0.06,0.5,0.5,0.2,0.7,0.03,0.01,0.04,0.03,0.04,Matches
400,Yeremi Pino,es ESP,"FW,MF",Villarreal,18-116,2002,13,2,394,4.4,1,1,1,0,0,3,0,0.23,0.23,0.46,0.23,0.46,0.6,0.6,0.6,1.2,0.14,0.14,0.28,0.14,0.28,Matches
401,Gerard Piqué,es ESP,DF,Barcelona,34-011,1987,8,8,691,7.7,0,0,0,0,0,2,0,0.0,0.0,0.0,0.0,0.0,0.4,0.4,0.2,0.5,0.05,0.02,0.07,0.05,0.07,Matches
402,Miralem Pjanić,ba BIH,MF,Barcelona,30-317,1990,14,5,515,5.7,0,0,0,0,0,1,0,0.0,0.0,0.0,0.0,0.0,1.1,1.1,0.8,1.9,0.19,0.14,0.34,0.19,0.34,Matches
403,Óscar Plano,es ESP,"MF,FW",Valladolid,30-002,1991,22,17,1393,15.5,2,4,2,0,0,0,0,0.13,0.26,0.39,0.13,0.39,1.9,1.9,1.1,3.0,0.12,0.07,0.19,0.12,0.19,Matches
404,Dani Plomer,es ESP,FW,Granada,22-075,1998,1,0,45,0.5,0,0,0,0,0,0,0,0.0,0.0,0.0,0.0,0.0,0.0,0.0,0.0,0.0,0.0,0.0,0.0,0.0,0.0,Matches
405,Jorge Pombo,es ESP,"FW,MF",Cádiz,26-357,1994,7,4,417,4.6,1,0,1,0,0,1,0,0.22,0.0,0.22,0.22,0.22,1.2,1.2,0.4,1.5,0.25,0.08,0.33,0.25,0.33,Matches
406,Pere Pons,es ESP,MF,Alavés,27-359,1993,8,6,574,6.4,0,0,0,0,0,1,0,0.0,0.0,0.0,0.0,0.0,0.0,0.0,0.6,0.7,0.01,0.1,0.1,0.01,0.1,Matches
407,Francisco Portillo,es ESP,MF,Getafe,30-245,1990,12,3,357,4.0,0,1,0,0,0,0,0,0.0,0.25,0.25,0.0,0.25,0.0,0.0,0.4,0.4,0.0,0.1,0.1,0.0,0.1,Matches
408,Portu,es ESP,"FW,MF",Real Sociedad,28-268,1992,21,15,1335,14.8,5,3,5,0,0,0,0,0.34,0.2,0.54,0.34,0.54,3.2,3.2,4.5,7.7,0.22,0.3,0.52,0.22,0.52,Matches
409,Sergio Postigo,es ESP,DF,Levante,32-101,1988,16,13,1118,12.4,0,0,0,0,0,2,0,0.0,0.0,0.0,0.0,0.0,0.0,0.0,0.0,0.1,0.0,0.0,0.01,0.0,0.01,Matches
410,Alejandro Pozo Pozo,es ESP,"DF,MF",Eibar,21-357,1999,17,14,1303,14.5,0,0,0,0,0,1,0,0.0,0.0,0.0,0.0,0.0,0.1,0.1,0.3,0.4,0.01,0.02,0.03,0.01,0.03,Matches
411,Antonio Puertas,es ESP,"FW,MF",Granada,28-358,1992,20,11,1119,12.4,0,2,0,0,0,4,0,0.0,0.16,0.16,0.0,0.16,2.0,2.0,0.6,2.6,0.16,0.05,0.21,0.16,0.21,Matches
412,Riqui Puig,es ESP,MF,Barcelona,21-184,1999,5,1,84,0.9,1,0,1,0,0,0,0,1.07,0.0,1.07,1.07,1.07,0.1,0.1,0.0,0.1,0.15,0.0,0.15,0.15,0.15,Matches
413,Jorge Pulido,es ESP,DF,Huesca,29-311,1991,18,17,1545,17.2,0,0,0,0,0,4,1,0.0,0.0,0.0,0.0,0.0,1.2,1.2,0.4,1.5,0.07,0.02,0.09,0.07,0.09,Matches
414,Quini,es ESP,DF,Granada,31-142,1989,7,1,201,2.2,0,0,0,0,0,0,0,0.0,0.0,0.0,0.0,0.0,0.0,0.0,0.3,0.3,0.01,0.13,0.13,0.01,0.13,Matches
415,Quique,es ESP,FW,Eibar,30-273,1990,7,0,86,1.0,0,0,0,0,0,0,0,0.0,0.0,0.0,0.0,0.0,0.1,0.1,0.0,0.1,0.1,0.0,0.1,0.1,0.1,Matches
416,Uroš Račić,rs SRB,MF,Valencia,22-333,1998,16,12,1100,12.2,1,0,1,0,0,3,0,0.08,0.0,0.08,0.08,0.08,0.7,0.7,0.2,0.9,0.06,0.02,0.07,0.06,0.07,Matches
417,Nemanja Radoja,rs SRB,MF,Levante,28-007,1993,17,9,889,9.9,0,2,0,0,0,1,0,0.0,0.2,0.2,0.0,0.2,0.3,0.3,0.3,0.6,0.03,0.03,0.06,0.03,0.06,Matches
418,Ivan Rakitić,hr CRO,MF,Sevilla,32-340,1988,20,15,1323,14.7,1,1,1,0,0,5,0,0.07,0.07,0.14,0.07,0.14,2.2,2.2,0.8,3.0,0.15,0.06,0.21,0.15,0.21,Matches
419,Sandro Ramírez,es ESP,"FW,MF",Huesca,25-219,1995,8,6,487,5.4,2,1,2,0,0,1,0,0.37,0.18,0.55,0.37,0.55,1.2,1.2,0.1,1.3,0.22,0.02,0.23,0.22,0.23,Matches
420,Sergio Ramos,es ESP,DF,Real Madrid,34-320,1986,14,14,1215,13.5,2,0,0,2,2,3,0,0.15,0.0,0.15,0.0,0.0,3.8,2.3,0.2,2.5,0.28,0.02,0.3,0.17,0.18,Matches
421,Recio,es ESP,MF,Eibar,30-033,1991,10,5,368,4.1,0,0,0,0,0,3,0,0.0,0.0,0.0,0.0,0.0,0.2,0.2,0.1,0.3,0.05,0.03,0.07,0.05,0.07,Matches
422,Karim Rekik,nl NED,DF,Sevilla,26-073,1994,3,1,164,1.8,0,0,0,0,0,1,0,0.0,0.0,0.0,0.0,0.0,0.0,0.0,0.1,0.1,0.01,0.06,0.07,0.01,0.07,Matches
423,Álex Remiro,es ESP,GK,Real Sociedad,25-326,1995,22,22,1980,22.0,0,0,0,0,0,0,0,0.0,0.0,0.0,0.0,0.0,0.0,0.0,0.0,0.0,0.0,0.0,0.0,0.0,0.0,Matches
424,Oriol Rey,es ESP,MF,Valladolid,22-354,1998,1,0,15,0.2,0,0,0,0,0,0,0,0.0,0.0,0.0,0.0,0.0,0.0,0.0,0.0,0.0,0.0,0.0,0.0,0.0,0.0,Matches
425,Mikel Rico,es ESP,MF,Huesca,36-101,1984,17,16,1278,14.2,1,0,1,0,0,0,0,0.07,0.0,0.07,0.07,0.07,1.9,1.9,0.5,2.5,0.14,0.04,0.17,0.14,0.17,Matches
426,Emiliano Rigoni,ar ARG,"MF,FW",Elche,28-009,1993,15,9,894,9.9,1,1,1,0,0,4,0,0.1,0.1,0.2,0.1,0.2,1.0,1.0,1.5,2.5,0.12,0.16,0.28,0.12,0.28,Matches
427,Luis Rioja,es ESP,"MF,DF",Alavés,27-120,1993,20,17,1362,15.1,1,1,1,0,0,3,0,0.07,0.07,0.13,0.07,0.13,2.0,2.0,2.0,4.1,0.14,0.13,0.27,0.14,0.27,Matches
428,Rober,es ESP,DF,Levante,25-363,1995,5,3,312,3.5,0,1,0,0,0,2,1,0.0,0.29,0.29,0.0,0.29,0.0,0.0,0.0,0.0,0.0,0.0,0.0,0.0,0.0,Matches
429,Roberto,es ESP,GK,Valladolid,35-003,1986,6,6,540,6.0,0,0,0,0,0,0,0,0.0,0.0,0.0,0.0,0.0,0.0,0.0,0.0,0.0,0.0,0.0,0.0,0.0,0.0,Matches
430,Sergi Roberto,es ESP,DF,Barcelona,29-006,1992,8,7,650,7.2,1,2,1,0,0,1,0,0.14,0.28,0.42,0.14,0.42,0.4,0.4,1.6,2.1,0.06,0.23,0.29,0.06,0.29,Matches
431,Joel Robles,es ESP,GK,Betis,30-241,1990,13,13,1170,13.0,0,0,0,0,0,2,0,0.0,0.0,0.0,0.0,0.0,0.0,0.0,0.0,0.0,0.0,0.0,0.0,0.0,0.0,Matches
432,Rubén Rochina,es ESP,MF,Levante,29-327,1991,14,10,795,8.8,0,0,0,0,0,2,0,0.0,0.0,0.0,0.0,0.0,1.1,1.1,1.2,2.3,0.13,0.13,0.26,0.13,0.26,Matches
433,Rodrigo,es ESP,"FW,MF",Betis,20-273,2000,10,3,371,4.1,0,0,0,0,0,0,0,0.0,0.0,0.0,0.0,0.0,0.1,0.1,0.4,0.5,0.02,0.1,0.13,0.02,0.13,Matches
434,Kévin Rodrigues,pt POR,"DF,MF",Eibar,26-345,1994,12,8,768,8.5,1,1,1,0,0,1,0,0.12,0.12,0.23,0.12,0.23,0.3,0.3,0.3,0.6,0.03,0.03,0.07,0.03,0.07,Matches
435,Óscar Rodríguez Arnaiz,es ESP,"MF,FW",Sevilla,22-230,1998,11,2,260,2.9,0,0,0,0,0,0,0,0.0,0.0,0.0,0.0,0.0,0.3,0.3,0.3,0.7,0.11,0.12,0.23,0.11,0.23,Matches
436,Ángel Rodríguez,es ESP,FW,Getafe,33-293,1987,21,8,982,10.9,5,0,4,1,1,3,0,0.46,0.0,0.46,0.37,0.37,3.1,2.4,0.5,3.0,0.29,0.05,0.34,0.22,0.27,Matches
437,Guido Rodríguez,ar ARG,MF,Betis,26-307,1994,19,18,1480,16.4,1,0,1,0,0,6,0,0.06,0.0,0.06,0.06,0.06,0.9,0.9,0.5,1.3,0.05,0.03,0.08,0.05,0.08,Matches
438,Miguel Rodríguez,es ESP,"FW,MF",Celta Vigo,17-290,2003,4,0,30,0.3,0,0,0,0,0,2,0,0.0,0.0,0.0,0.0,0.0,0.0,0.0,0.0,0.0,0.0,0.0,0.0,0.0,0.0,Matches
439,Víctor Rodríguez,es ESP,MF,Elche,31-205,1989,9,2,308,3.4,0,0,0,0,0,1,0,0.0,0.0,0.0,0.0,0.0,0.0,0.0,0.4,0.4,0.0,0.13,0.13,0.0,0.13,Matches
440,Rodrygo,br BRA,FW,Real Madrid,20-035,2001,11,4,423,4.7,0,4,0,0,0,0,0,0.0,0.85,0.85,0.0,0.85,1.0,1.0,2.1,3.2,0.22,0.46,0.68,0.22,0.68,Matches
441,Facundo Roncaglia,ar ARG,DF,Osasuna,34-003,1987,15,13,1126,12.5,1,1,1,0,0,3,1,0.08,0.08,0.16,0.08,0.16,0.3,0.3,0.1,0.4,0.03,0.01,0.04,0.03,0.04,Matches
442,Rubén,es ESP,"GK,MF",Osasuna,36-236,1984,3,3,187,2.1,0,0,0,0,0,0,1,0.0,0.0,0.0,0.0,0.0,0.0,0.0,0.0,0.0,0.0,0.0,0.0,0.0,0.0,Matches
443,Waldo Rubio,es ESP,FW,Valladolid,25-180,1995,8,5,357,4.0,1,0,0,1,1,1,0,0.25,0.0,0.25,0.0,0.0,1.0,0.3,0.0,0.3,0.26,0.0,0.26,0.07,0.07,Matches
444,Aitor Ruibal,es ESP,"FW,MF",Betis,24-328,1996,14,10,800,8.9,1,1,1,0,0,0,0,0.11,0.11,0.23,0.11,0.23,0.6,0.6,1.5,2.1,0.07,0.17,0.24,0.07,0.24,Matches
445,Ismael Ruiz,es ESP,MF,Granada,19-365,2001,1,1,67,0.7,0,0,0,0,0,0,0,0.0,0.0,0.0,0.0,0.0,0.0,0.0,0.0,0.0,0.0,0.0,0.0,0.0,0.0,Matches
446,Víctor Ruiz,es ESP,DF,Betis,32-019,1989,15,12,1090,12.1,1,0,1,0,0,4,0,0.08,0.0,0.08,0.08,0.08,0.3,0.3,0.0,0.3,0.03,0.0,0.03,0.03,0.03,Matches
447,Modibo Sagnan,ml MLI,DF,Real Sociedad,21-305,1999,11,6,496,5.5,0,0,0,0,0,2,0,0.0,0.0,0.0,0.0,0.0,0.4,0.4,0.2,0.6,0.07,0.03,0.11,0.07,0.11,Matches
448,Borja Sainz,es ESP,"MF,FW",Alavés,20-012,2001,15,2,361,4.0,1,0,1,0,0,1,0,0.25,0.0,0.25,0.25,0.25,1.1,1.1,0.4,1.4,0.27,0.09,0.36,0.27,0.36,Matches
449,Salvi,es ESP,"MF,FW",Cádiz,29-320,1991,17,15,1188,13.2,2,0,2,0,0,2,0,0.15,0.0,0.15,0.15,0.15,1.6,1.6,0.8,2.5,0.12,0.06,0.19,0.12,0.19,Matches
450,Fede San Emeterio,es ESP,MF,Valladolid,23-334,1997,16,14,1143,12.7,0,0,0,0,0,5,0,0.0,0.0,0.0,0.0,0.0,0.1,0.1,0.1,0.2,0.01,0.01,0.01,0.01,0.01,Matches
451,Antonio Sanabria,py PAR,FW,Betis,24-346,1996,16,10,932,10.4,3,0,3,0,0,2,0,0.29,0.0,0.29,0.29,0.29,4.3,4.3,0.3,4.5,0.41,0.02,0.44,0.41,0.44,Matches
452,Oihan Sancet,es ESP,"MF,FW",Athletic Club,20-294,2000,14,2,331,3.7,1,0,1,0,0,0,0,0.27,0.0,0.27,0.27,0.27,0.9,0.9,0.5,1.4,0.25,0.14,0.39,0.25,0.39,Matches
453,Juan Sánchez Miño,ar ARG,"DF,MF",Elche,31-043,1990,9,5,495,5.5,0,0,0,0,0,2,0,0.0,0.0,0.0,0.0,0.0,0.0,0.0,0.0,0.0,0.0,0.0,0.0,0.0,0.0,Matches
454,Germán Sánchez,es ESP,DF,Granada,34-105,1986,19,15,1374,15.3,2,1,2,0,0,7,0,0.13,0.07,0.2,0.13,0.2,1.0,1.0,0.1,1.1,0.07,0.0,0.07,0.07,0.07,Matches
455,Javi Sánchez,es ESP,DF,Valladolid,23-336,1997,11,6,574,6.4,0,0,0,0,0,2,0,0.0,0.0,0.0,0.0,0.0,0.1,0.1,0.0,0.2,0.02,0.0,0.02,0.02,0.02,Matches
456,José Sánchez,es ESP,DF,Granada,20-348,2000,2,2,163,1.8,0,0,0,0,0,0,0,0.0,0.0,0.0,0.0,0.0,0.0,0.0,0.0,0.0,0.02,0.0,0.02,0.02,0.02,Matches
457,Manuel Sánchez,es ESP,"DF,MF",Osasuna,20-173,2000,4,2,178,2.0,0,1,0,0,0,2,0,0.0,0.51,0.51,0.0,0.51,0.1,0.1,0.2,0.2,0.03,0.09,0.12,0.03,0.12,Matches
458,Manuel Sánchez,es ESP,DF,Atlético Madrid,20-173,2000,1,1,49,0.5,0,1,0,0,0,0,0,0.0,1.84,1.84,0.0,1.84,0.0,0.0,0.3,0.3,0.0,0.61,0.61,0.0,0.61,Matches
459,Oier Sanjurjo,es ESP,MF,Osasuna,34-264,1986,21,17,1551,17.2,0,2,0,0,0,6,0,0.0,0.12,0.12,0.0,0.12,0.5,0.5,1.3,1.9,0.03,0.08,0.11,0.03,0.11,Matches
460,Ivan Šaponjić,rs SRB,FW,Cádiz,23-195,1997,2,0,57,0.6,0,0,0,0,0,0,0,0.0,0.0,0.0,0.0,0.0,0.2,0.2,0.0,0.2,0.38,0.0,0.38,0.38,0.38,Matches
461,Stefan Savić,me MNE,DF,Atlético Madrid,30-036,1991,18,18,1620,18.0,0,0,0,0,0,8,0,0.0,0.0,0.0,0.0,0.0,0.2,0.2,0.2,0.3,0.01,0.01,0.02,0.01,0.02,Matches
462,Jaime Seoane,es ESP,MF,Huesca,24-022,1997,15,10,930,10.3,1,0,1,0,0,2,0,0.1,0.0,0.1,0.1,0.1,0.8,0.8,0.6,1.4,0.08,0.06,0.13,0.08,0.13,Matches
463,Edgar Sevikyan,ru RUS,MF,Levante,19-189,2001,1,0,8,0.1,0,0,0,0,0,0,0,0.0,0.0,0.0,0.0,0.0,0.0,0.0,0.0,0.0,0.0,0.0,0.0,0.0,0.0,Matches
464,Sidnei,br BRA,DF,Betis,31-174,1989,8,5,504,5.6,0,0,0,0,0,1,0,0.0,0.0,0.0,0.0,0.0,0.2,0.2,0.0,0.2,0.03,0.0,0.03,0.03,0.03,Matches
465,David Silva,es ESP,MF,Real Sociedad,35-036,1986,12,9,794,8.8,1,2,1,0,0,4,0,0.11,0.23,0.34,0.11,0.34,0.8,0.8,1.6,2.4,0.1,0.18,0.28,0.1,0.28,Matches
466,Gastón Silva,uy URU,DF,Huesca,26-345,1994,7,4,394,4.4,0,0,0,0,0,2,0,0.0,0.0,0.0,0.0,0.0,0.0,0.0,0.0,0.0,0.0,0.0,0.0,0.0,0.0,Matches
467,Rui Silva,pt POR,GK,Granada,27-006,1994,21,21,1890,21.0,0,0,0,0,0,0,0,0.0,0.0,0.0,0.0,0.0,0.0,0.0,0.0,0.0,0.0,0.0,0.0,0.0,0.0,Matches
468,Unai Simón,es ESP,GK,Athletic Club,23-247,1997,21,21,1890,21.0,0,0,0,0,0,1,0,0.0,0.0,0.0,0.0,0.0,0.0,0.0,0.1,0.1,0.0,0.0,0.0,0.0,0.0,Matches
469,Dimitris Siovas,gr GRE,DF,Huesca,32-150,1988,21,21,1890,21.0,1,0,1,0,0,2,0,0.05,0.0,0.05,0.05,0.05,0.8,0.8,0.0,0.8,0.04,0.0,0.04,0.04,0.04,Matches
470,Rafa Soares,pt POR,DF,Eibar,25-280,1995,9,7,620,6.9,0,0,0,0,0,1,0,0.0,0.0,0.0,0.0,0.0,0.0,0.0,0.1,0.2,0.01,0.02,0.03,0.01,0.03,Matches
471,Rubén Sobrino,es ESP,"MF,FW",Valencia,28-257,1992,5,0,49,0.5,0,0,0,0,0,0,0,0.0,0.0,0.0,0.0,0.0,0.0,0.0,0.0,0.0,0.0,0.05,0.05,0.0,0.05,Matches
472,Rubén Sobrino,es ESP,"FW,MF",Cádiz,28-257,1992,1,0,45,0.5,0,0,0,0,0,1,0,0.0,0.0,0.0,0.0,0.0,0.0,0.0,0.0,0.0,0.0,0.0,0.0,0.0,0.0,Matches
473,Augusto Solari,ar ARG,MF,Celta Vigo,29-041,1992,3,0,81,0.9,0,2,0,0,0,0,0,0.0,2.22,2.22,0.0,2.22,0.0,0.0,0.7,0.7,0.0,1.22,1.22,0.0,1.22,Matches
474,Roberto Soldado,es ESP,FW,Granada,35-262,1985,19,11,953,10.6,5,0,4,1,1,4,0,0.47,0.0,0.47,0.38,0.38,2.9,2.1,0.6,2.7,0.27,0.05,0.33,0.2,0.25,Matches
475,Carlos Soler,es ESP,MF,Valencia,24-042,1997,18,17,1540,17.1,6,5,1,5,6,4,0,0.35,0.29,0.64,0.06,0.35,6.0,1.5,2.6,4.0,0.35,0.15,0.5,0.08,0.23,Matches
476,Son,es ESP,"DF,MF",Levante,26-320,1994,15,5,579,6.4,0,0,0,0,0,1,0,0.0,0.0,0.0,0.0,0.0,0.4,0.4,0.4,0.8,0.06,0.06,0.12,0.06,0.12,Matches
477,David Soria,es ESP,GK,Getafe,27-315,1993,13,13,1170,13.0,0,0,0,0,0,0,0,0.0,0.0,0.0,0.0,0.0,0.0,0.0,0.1,0.1,0.0,0.0,0.0,0.0,0.0,Matches
478,Alberto Soro,es ESP,"FW,MF",Granada,21-341,1999,10,0,182,2.0,0,1,0,0,0,0,0,0.0,0.49,0.49,0.0,0.49,0.0,0.0,0.2,0.2,0.0,0.07,0.07,0.0,0.07,Matches
479,Damián Suárez,uy URU,DF,Getafe,32-292,1988,18,18,1593,17.7,1,0,1,0,0,11,1,0.06,0.0,0.06,0.06,0.06,0.2,0.2,0.3,0.6,0.01,0.02,0.03,0.01,0.03,Matches
480,Denis Suárez,es ESP,MF,Celta Vigo,27-038,1994,20,19,1601,17.8,0,3,0,0,0,6,0,0.0,0.17,0.17,0.0,0.17,0.7,0.7,2.4,3.0,0.04,0.14,0.18,0.04,0.18,Matches
481,Luis Suárez,uy URU,FW,Atlético Madrid,34-020,1987,17,16,1270,14.1,16,2,14,2,2,3,0,1.13,0.14,1.28,0.99,1.13,9.3,7.8,1.4,9.2,0.66,0.1,0.76,0.55,0.65,Matches
482,Suso,es ESP,FW,Sevilla,27-086,1993,17,14,1116,12.4,3,1,3,0,0,1,0,0.24,0.08,0.32,0.24,0.32,1.4,1.4,1.5,2.9,0.11,0.12,0.23,0.11,0.23,Matches
483,Tachi,es ESP,DF,Alavés,23-156,1997,6,3,379,4.2,0,0,0,0,0,3,1,0.0,0.0,0.0,0.0,0.0,0.1,0.1,0.1,0.2,0.02,0.04,0.05,0.02,0.05,Matches
484,Renato Tapia,pe PER,MF,Celta Vigo,25-200,1995,22,22,1863,20.7,0,1,0,0,0,8,0,0.0,0.05,0.05,0.0,0.05,0.5,0.5,0.4,0.9,0.03,0.02,0.05,0.03,0.05,Matches
485,Tomás Tavares,pt POR,"MF,DF",Alavés,19-343,2001,3,0,65,0.7,0,0,0,0,0,0,0,0.0,0.0,0.0,0.0,0.0,0.0,0.0,0.0,0.0,0.0,0.0,0.0,0.0,0.0,Matches
486,Álvaro Tejero,es ESP,DF,Eibar,24-208,1996,2,1,110,1.2,0,0,0,0,0,1,0,0.0,0.0,0.0,0.0,0.0,0.0,0.0,0.2,0.2,0.03,0.16,0.18,0.03,0.18,Matches
487,Cristian Tello,es ESP,"FW,MF",Betis,29-186,1991,18,8,794,8.8,4,3,4,0,0,0,0,0.45,0.34,0.79,0.45,0.79,1.7,1.7,2.2,3.9,0.19,0.25,0.45,0.19,0.45,Matches
488,Marc-André ter Stegen,de GER,GK,Barcelona,28-289,1992,15,15,1350,15.0,0,0,0,0,0,0,0,0.0,0.0,0.0,0.0,0.0,0.0,0.0,0.0,0.0,0.0,0.0,0.0,0.0,0.0,Matches
489,David Timor,es ESP,"MF,DF",Getafe,31-119,1989,19,8,761,8.5,0,0,0,0,0,3,0,0.0,0.0,0.0,0.0,0.0,0.3,0.3,0.7,1.0,0.03,0.09,0.12,0.03,0.12,Matches
490,Toño,es ESP,DF,Levante,31-098,1989,4,3,247,2.7,0,0,0,0,0,1,0,0.0,0.0,0.0,0.0,0.0,0.0,0.0,0.0,0.0,0.01,0.0,0.01,0.01,0.01,Matches
491,Lucas Torreira,uy URU,"MF,FW",Atlético Madrid,25-002,1996,11,3,354,3.9,1,0,1,0,0,1,0,0.25,0.0,0.25,0.25,0.25,0.2,0.2,0.5,0.7,0.05,0.13,0.19,0.05,0.19,Matches
492,Óliver Torres,es ESP,"MF,FW",Sevilla,26-095,1994,18,10,851,9.5,0,0,0,0,0,2,0,0.0,0.0,0.0,0.0,0.0,0.4,0.4,0.9,1.3,0.04,0.09,0.13,0.04,0.13,Matches
493,Pau Torres,es ESP,DF,Villarreal,24-028,1997,22,22,1980,22.0,2,0,2,0,0,1,0,0.09,0.0,0.09,0.09,0.09,1.1,1.1,0.3,1.4,0.05,0.01,0.06,0.05,0.06,Matches
494,Roberto Torres,es ESP,MF,Osasuna,31-343,1989,20,12,1139,12.7,4,1,3,1,1,0,0,0.32,0.08,0.4,0.24,0.32,2.6,1.8,0.9,2.7,0.21,0.07,0.28,0.15,0.22,Matches
495,Lucas Torró,es ESP,MF,Osasuna,26-209,1994,10,5,493,5.5,0,1,0,0,0,2,0,0.0,0.18,0.18,0.0,0.18,0.6,0.6,0.5,1.2,0.11,0.1,0.21,0.11,0.21,Matches
496,Manu Trigueros,es ESP,MF,Villarreal,29-119,1991,21,19,1566,17.4,1,4,1,0,0,5,0,0.06,0.23,0.29,0.06,0.29,1.4,1.4,2.2,3.6,0.08,0.12,0.21,0.08,0.21,Matches
497,Francisco Trincão,pt POR,"FW,MF",Barcelona,21-046,1999,17,0,363,4.0,1,1,1,0,0,1,0,0.25,0.25,0.5,0.25,0.5,1.5,1.5,0.3,1.7,0.37,0.06,0.43,0.37,0.43,Matches
498,Kieran Trippier,eng ENG,DF,Atlético Madrid,30-147,1990,14,14,1260,14.0,0,5,0,0,0,0,0,0.0,0.36,0.36,0.0,0.36,0.0,0.0,1.7,1.7,0.0,0.12,0.12,0.0,0.12,Matches
499,Samuel Umtiti,fr FRA,DF,Barcelona,27-091,1993,6,3,305,3.4,0,0,0,0,0,0,0,0.0,0.0,0.0,0.0,0.0,0.0,0.0,0.0,0.0,0.0,0.01,0.01,0.0,0.01,Matches
500,Enes Ünal,tr TUR,FW,Getafe,23-279,1997,14,4,449,5.0,0,0,0,0,0,2,0,0.0,0.0,0.0,0.0,0.0,0.8,0.8,0.4,1.2,0.16,0.08,0.24,0.16,0.24,Matches
501,Tomáš Vaclík,cz CZE,GK,Sevilla,31-321,1989,3,3,270,3.0,0,0,0,0,0,0,0,0.0,0.0,0.0,0.0,0.0,0.0,0.0,0.0,0.0,0.0,0.0,0.0,0.0,0.0,Matches
502,Eugeni Valderrama,es ESP,"FW,MF",Huesca,26-209,1994,3,1,115,1.3,0,0,0,0,0,0,0,0.0,0.0,0.0,0.0,0.0,0.0,0.0,0.1,0.1,0.0,0.06,0.06,0.0,0.06,Matches
503,Jesús Vallejo,es ESP,DF,Granada,24-039,1997,15,11,1011,11.2,0,0,0,0,0,1,1,0.0,0.0,0.0,0.0,0.0,0.1,0.1,0.0,0.1,0.01,0.0,0.01,0.01,0.01,Matches
504,Manu Vallejo,es ESP,FW,Valencia,23-365,1997,19,7,721,8.0,4,0,4,0,0,0,0,0.5,0.0,0.5,0.5,0.5,3.3,3.3,0.1,3.4,0.41,0.01,0.42,0.41,0.42,Matches
505,Federico Valverde,uy URU,MF,Real Madrid,22-206,1998,15,8,742,8.2,3,1,3,0,0,0,0,0.36,0.12,0.49,0.36,0.49,1.5,1.5,2.4,3.8,0.18,0.29,0.46,0.18,0.46,Matches
506,Raphaël Varane,fr FRA,DF,Real Madrid,27-294,1993,21,21,1890,21.0,2,0,2,0,0,0,0,0.1,0.0,0.1,0.1,0.1,2.0,2.0,0.0,2.0,0.1,0.0,0.1,0.1,0.1,Matches
507,Franco Vázquez,ar ARG,"FW,MF",Sevilla,31-357,1989,8,0,71,0.8,0,0,0,0,0,1,0,0.0,0.0,0.0,0.0,0.0,0.0,0.0,0.0,0.0,0.06,0.0,0.06,0.06,0.06,Matches
508,Lucas Vázquez,es ESP,"FW,DF",Real Madrid,29-227,1991,16,14,1203,13.4,2,2,2,0,0,2,0,0.15,0.15,0.3,0.15,0.3,1.6,1.6,2.3,3.9,0.12,0.18,0.3,0.12,0.3,Matches
509,Koke Vegas,es ESP,GK,Levante,25-139,1995,1,1,90,1.0,0,0,0,0,0,1,0,0.0,0.0,0.0,0.0,0.0,0.0,0.0,0.0,0.0,0.0,0.0,0.0,0.0,0.0,Matches
510,Gabriel Veiga,es ESP,"MF,DF",Celta Vigo,18-262,2002,5,1,113,1.3,0,0,0,0,0,0,0,0.0,0.0,0.0,0.0,0.0,0.0,0.0,0.0,0.0,0.0,0.03,0.03,0.0,0.03,Matches
511,Unai Vencedor Paris,es ESP,MF,Athletic Club,20-090,2000,14,11,874,9.7,0,0,0,0,0,3,0,0.0,0.0,0.0,0.0,0.0,0.2,0.2,0.1,0.4,0.03,0.01,0.04,0.03,0.04,Matches
512,Gonzalo Verdú,es ESP,DF,Elche,32-115,1988,20,20,1800,20.0,0,1,0,0,0,6,0,0.0,0.05,0.05,0.0,0.05,0.2,0.2,0.4,0.6,0.01,0.02,0.03,0.01,0.03,Matches
513,Mikel Vesga,es ESP,MF,Athletic Club,27-268,1993,17,10,915,10.2,0,1,0,0,0,4,0,0.0,0.1,0.1,0.0,0.1,1.2,1.2,0.1,1.3,0.12,0.01,0.13,0.12,0.13,Matches
514,Rúben Vezo,pt POR,DF,Levante,26-294,1994,17,14,1300,14.4,1,0,1,0,0,4,0,0.07,0.0,0.07,0.07,0.07,0.3,0.3,0.1,0.4,0.02,0.0,0.03,0.02,0.03,Matches
515,Iñigo Vicente,es ESP,FW,Athletic Club,23-038,1998,2,0,33,0.4,0,0,0,0,0,0,0,0.0,0.0,0.0,0.0,0.0,0.0,0.0,0.2,0.2,0.1,0.56,0.65,0.1,0.65,Matches
516,Fede Vico,es ESP,"MF,FW",Granada,26-224,1994,7,2,193,2.1,0,0,0,0,0,1,0,0.0,0.0,0.0,0.0,0.0,0.1,0.1,0.0,0.1,0.03,0.01,0.04,0.03,0.04,Matches
517,Aleix Vidal,es ESP,DF,Sevilla,31-176,1989,9,3,400,4.4,0,1,0,0,0,1,0,0.0,0.23,0.23,0.0,0.23,0.0,0.0,0.8,0.8,0.0,0.18,0.18,0.0,0.18,Matches
518,Nacho Vidal,es ESP,"DF,MF",Osasuna,26-020,1995,20,12,1186,13.2,0,0,0,0,0,5,0,0.0,0.0,0.0,0.0,0.0,0.3,0.3,0.9,1.2,0.03,0.07,0.09,0.03,0.09,Matches
519,Toni Villa,es ESP,"MF,FW",Valladolid,26-037,1995,17,7,732,8.1,2,0,2,0,0,2,0,0.25,0.0,0.25,0.25,0.25,0.8,0.8,0.8,1.6,0.1,0.1,0.2,0.1,0.2,Matches
520,Asier Villalibre,es ESP,FW,Athletic Club,23-136,1997,18,6,713,7.9,2,1,2,0,0,1,0,0.25,0.13,0.38,0.25,0.38,2.4,2.4,1.0,3.4,0.3,0.13,0.43,0.3,0.43,Matches
521,Iván Villar,es ESP,GK,Celta Vigo,23-219,1997,7,7,630,7.0,0,0,0,0,0,1,0,0.0,0.0,0.0,0.0,0.0,0.0,0.0,0.0,0.0,0.0,0.0,0.0,0.0,0.0,Matches
522,Vitolo,es ESP,"MF,DF",Atlético Madrid,31-103,1989,6,3,227,2.5,0,0,0,0,0,1,0,0.0,0.0,0.0,0.0,0.0,0.4,0.4,0.1,0.6,0.17,0.05,0.22,0.17,0.22,Matches
523,Šime Vrsaljko,hr CRO,DF,Atlético Madrid,29-034,1992,5,4,326,3.6,0,0,0,0,0,2,0,0.0,0.0,0.0,0.0,0.0,0.0,0.0,0.0,0.0,0.0,0.0,0.0,0.0,0.0,Matches
524,Nikola Vukčević,me MNE,MF,Levante,29-062,1991,8,7,521,5.8,0,0,0,0,0,2,0,0.0,0.0,0.0,0.0,0.0,0.1,0.1,0.2,0.3,0.02,0.03,0.06,0.02,0.06,Matches
525,Daniel Wass,dk DEN,"DF,MF",Valencia,31-258,1989,21,21,1808,20.1,2,1,2,0,0,6,0,0.1,0.05,0.15,0.1,0.15,1.4,1.4,1.7,3.2,0.07,0.09,0.16,0.07,0.16,Matches
526,Shon Weissman,il ISR,FW,Valladolid,24-365,1996,18,13,1120,12.4,3,0,3,0,0,1,0,0.24,0.0,0.24,0.24,0.24,2.4,2.4,0.4,2.8,0.19,0.03,0.22,0.19,0.22,Matches
527,Iñaki Williams,es ESP,"FW,MF",Athletic Club,26-243,1994,21,20,1620,18.0,4,3,3,1,1,1,0,0.22,0.17,0.39,0.17,0.33,4.2,3.5,2.7,6.2,0.23,0.15,0.38,0.19,0.34,Matches
528,Jawad El Yamiq,ma MAR,DF,Valladolid,28-350,1992,9,6,563,6.3,0,1,0,0,0,2,0,0.0,0.16,0.16,0.0,0.16,0.1,0.1,0.0,0.1,0.01,0.0,0.01,0.01,0.01,Matches
529,Rubén Yáñez,es ESP,GK,Getafe,27-124,1993,9,9,810,9.0,0,0,0,0,0,2,0,0.0,0.0,0.0,0.0,0.0,0.0,0.0,0.0,0.0,0.0,0.0,0.0,0.0,0.0,Matches
530,Yoel,es ESP,GK,Eibar,32-169,1988,1,0,30,0.3,0,0,0,0,0,0,0,0.0,0.0,0.0,0.0,0.0,0.0,0.0,0.0,0.0,0.0,0.0,0.0,0.0,0.0,Matches
531,Okay Yokuşlu,tr TUR,MF,Celta Vigo,26-341,1994,12,3,462,5.1,0,0,0,0,0,4,1,0.0,0.0,0.0,0.0,0.0,0.4,0.4,0.3,0.7,0.08,0.05,0.14,0.08,0.14,Matches
532,Joseba Zaldúa,es ESP,DF,Real Sociedad,28-234,1992,7,4,403,4.5,0,0,0,0,0,2,0,0.0,0.0,0.0,0.0,0.0,0.0,0.0,0.4,0.4,0.01,0.08,0.09,0.01,0.09,Matches
533,Oier Zarraga,es ESP,MF,Athletic Club,22-040,1999,4,1,93,1.0,0,0,0,0,0,0,0,0.0,0.0,0.0,0.0,0.0,0.1,0.1,0.0,0.1,0.09,0.05,0.14,0.09,0.14,Matches
534,Igor Zubeldia,es ESP,DF,Real Sociedad,23-320,1997,14,12,1135,12.6,0,0,0,0,0,3,0,0.0,0.0,0.0,0.0,0.0,0.7,0.7,0.5,1.1,0.05,0.04,0.09,0.05,0.09,Matches
535,Martín Zubimendi,es ESP,MF,Real Sociedad,22-011,1999,19,8,943,10.5,0,0,0,0,0,3,0,0.0,0.0,0.0,0.0,0.0,0.1,0.1,0.2,0.3,0.01,0.02,0.02,0.01,0.02,Matches
536,Martin Ødegaard,no NOR,"MF,FW",Real Madrid,22-058,1998,7,3,234,2.6,0,0,0,0,0,0,0,0.0,0.0,0.0,0.0,0.0,0.1,0.1,0.4,0.5,0.04,0.15,0.19,0.04,0.19,Matches
