player,nationality,position,squad,age,birth_year,minutes_90s,tackles,tackles_won,tackles_def_3rd,tackles_mid_3rd,tackles_att_3rd,dribble_tackles,dribbles_vs,dribble_tackles_pct,dribbled_past,pressures,pressure_regains,pressure_regain_pct,pressures_def_3rd,pressures_mid_3rd,pressures_att_3rd,blocks,blocked_shots,blocked_shots_saves,blocked_passes,interceptions,tackles_interceptions,clearances,errors,matches
Marcos Acuña,ar ARG,DF,Sevilla,29-108,1991,14.7,33,23,19,10,4,11,20,55.0,9,172,57,33.1,75,67,30,25,2,0,23,15,48,17,0,Matches
Bobby Adekanye,nl NED,"FW,MF",Cádiz,21-365,1999,0.4,0,0,0,0,0,0,1,0.0,1,5,1,20.0,1,0,4,1,0,0,1,0,0,0,0,Matches
Martin Agirregabiria,es ESP,"DF,MF",Alavés,24-279,1996,7.6,12,6,5,5,2,2,11,18.2,9,92,26,28.3,36,43,13,14,1,1,13,15,27,13,1,Matches
Joseph Aidoo,gh GHA,DF,Celta Vigo,25-137,1995,8.1,17,10,12,4,1,5,12,41.7,7,99,35,35.4,54,44,1,14,2,0,12,9,26,56,0,Matches
Carlos Akapo,gq EQG,DF,Cádiz,27-338,1993,4.9,14,9,13,1,0,8,13,61.5,5,56,17,30.4,41,13,2,15,3,0,12,5,19,21,2,Matches
Paul Akouokou,ci CIV,MF,Betis,23-055,1997,4.1,12,8,3,9,0,2,5,40.0,3,74,20,27.0,17,52,5,6,1,0,5,6,18,6,0,Matches
Jony Álamo,es ESP,MF,Elche,19-141,2001,0.8,1,1,0,1,0,0,2,0.0,2,9,4,44.4,3,5,1,1,0,0,1,0,1,1,0,Matches
Jordi Alba,es ESP,DF,Barcelona,31-329,1989,18.3,21,11,10,9,2,15,38,39.5,23,160,50,31.3,54,78,28,44,3,0,41,18,39,27,0,Matches
Raúl Albiol,es ESP,DF,Villarreal,35-162,1985,21.8,13,8,9,4,0,6,12,50.0,6,118,41,34.7,55,60,3,25,12,1,13,11,24,109,1,Matches
Paco Alcácer,es ESP,FW,Villarreal,27-167,1993,10.1,4,3,1,1,2,1,5,20.0,4,84,28,33.3,4,36,44,8,0,0,8,4,8,1,0,Matches
Pedro Alcalá,es ESP,DF,Cádiz,31-331,1989,7.0,6,6,5,1,0,4,4,100.0,0,34,9,26.5,26,7,1,17,8,0,9,13,19,44,0,Matches
Rubén Alcaraz,es ESP,"MF,DF",Valladolid,29-288,1991,13.3,40,23,24,16,0,11,40,27.5,29,273,83,30.4,121,130,22,25,4,0,21,11,51,21,1,Matches
Iván Alejo,es ESP,"MF,FW",Cádiz,26-003,1995,3.3,5,2,2,2,1,1,12,8.3,11,99,15,15.2,31,41,27,8,0,0,8,0,5,4,0,Matches
Carles Aleñá,es ESP,MF,Barcelona,23-039,1998,0.5,0,0,0,0,0,0,0,,0,14,1,7.1,5,8,1,0,0,0,0,0,0,0,0,Matches
Carles Aleñá,es ESP,"MF,FW",Getafe,23-039,1998,5.2,6,2,1,4,1,3,11,27.3,8,72,21,29.2,13,37,22,8,1,0,7,2,8,1,0,Matches
Sergio Álvarez,es ESP,MF,Eibar,29-021,1992,12.2,28,19,4,21,3,4,17,23.5,13,244,70,28.7,63,154,27,21,2,0,19,6,34,27,0,Matches
Yeray Álvarez,es ESP,DF,Athletic Club,26-020,1995,13.0,18,12,9,8,1,5,12,41.7,7,92,29,31.5,50,38,4,13,4,0,9,22,40,68,0,Matches
Jon Ander Garrido,es ESP,MF,Cádiz,31-127,1989,4.0,8,8,4,2,2,2,13,15.4,11,78,31,39.7,29,37,12,10,1,0,9,5,13,7,0,Matches
Aritz Arambarri,es ESP,DF,Real Sociedad,23-013,1998,0.3,0,0,0,0,0,0,1,0.0,1,6,2,33.3,1,3,2,0,0,0,0,0,0,0,0,Matches
Mauro Arambarri,uy URU,MF,Getafe,25-136,1995,19.8,42,30,14,21,7,9,38,23.7,29,411,108,26.3,92,249,70,32,3,0,29,29,71,27,0,Matches
Néstor Araujo,mx MEX,DF,Celta Vigo,29-168,1991,17.9,15,11,8,6,1,2,8,25.0,6,156,52,33.3,76,72,8,23,11,0,12,22,37,99,0,Matches
Ronald Araújo,uy URU,DF,Barcelona,21-343,1999,10.4,16,12,10,6,0,4,5,80.0,1,101,37,36.6,43,57,1,23,12,0,11,9,25,38,1,Matches
Anaitz Arbilla,es ESP,DF,Eibar,33-274,1987,15.4,29,12,19,7,3,11,25,44.0,14,125,45,36.0,57,48,20,34,3,0,31,26,55,53,0,Matches
Unai Arietaleanizbeaskoa,es ESP,"FW,MF",Eibar,22-043,1999,0.4,0,0,0,0,0,0,0,,0,4,2,50.0,0,0,4,0,0,0,0,0,0,0,0,Matches
Sergio Arribas,es ESP,FW,Real Madrid,19-136,2001,0.5,2,1,1,1,0,0,1,0.0,1,8,4,50.0,3,5,0,0,0,0,0,0,2,0,0,Matches
Sergio Asenjo,es ESP,GK,Villarreal,31-230,1989,22.0,0,0,0,0,0,0,1,0.0,1,1,0,0.0,1,0,0,0,0,0,0,0,0,0,1,Matches
Marco Asensio,es ESP,FW,Real Madrid,25-023,1996,12.2,10,8,4,6,0,3,19,15.8,16,121,30,24.8,26,61,34,14,0,0,14,5,15,4,0,Matches
Iago Aspas,es ESP,FW,Celta Vigo,33-196,1987,19.3,5,3,0,5,0,0,13,0.0,13,191,53,27.7,19,90,82,17,3,0,14,13,18,16,0,Matches
Miguel Atienza,es ESP,"MF,FW",Eibar,21-262,1999,1.2,5,3,2,3,0,0,3,0.0,3,26,10,38.5,6,15,5,1,1,0,0,1,6,2,0,Matches
Ramon Azeez,ng NGA,"MF,DF",Granada,28-063,1992,1.1,3,3,1,2,0,1,1,100.0,0,13,5,38.5,2,9,2,2,0,0,2,0,3,2,0,Matches
Carlos Bacca,co COL,FW,Villarreal,34-158,1986,3.4,5,4,3,1,1,0,1,0.0,1,55,13,23.6,6,16,33,2,0,0,2,1,6,0,0,Matches
Édgar Badía,es ESP,GK,Elche,29-001,1992,21.0,0,0,0,0,0,0,3,0.0,3,2,1,50.0,2,0,0,0,0,0,0,0,0,0,1,Matches
Alejandro Baena,es ESP,MF,Villarreal,19-208,2001,0.5,0,0,0,0,0,0,2,0.0,2,10,0,0.0,2,4,4,1,0,0,1,1,1,0,0,Matches
Miguel Baeza,es ESP,"MF,FW",Celta Vigo,20-323,2000,5.1,9,5,4,5,0,4,7,57.1,3,81,18,22.2,31,39,11,2,0,0,2,6,15,3,0,Matches
Mikel Balenziaga,es ESP,DF,Athletic Club,32-350,1988,6.6,14,8,6,8,0,5,8,62.5,3,79,26,32.9,27,39,13,11,2,0,9,5,19,17,0,Matches
Sergio Barcia,es ESP,DF,Granada,20-044,2000,1.0,2,0,2,0,0,0,0,,0,12,0,0.0,7,5,0,2,1,0,1,1,3,7,0,Matches
Enis Bardhi,mk MKD,MF,Levante,25-226,1995,7.0,11,7,5,2,4,5,16,31.3,11,118,35,29.7,31,48,39,9,0,0,9,7,18,5,0,Matches
Kike Barja,es ESP,"MF,FW",Osasuna,23-318,1997,6.3,6,3,5,1,0,2,6,33.3,4,96,37,38.5,23,39,34,6,1,0,5,7,13,6,0,Matches
Marc Baró Ortiz,es ESP,DF,Cádiz,21-174,1999,1.0,2,1,2,0,0,0,2,0.0,2,13,2,15.4,8,5,0,2,0,0,2,3,5,1,1,Matches
Antonio Barragán,es ESP,DF,Elche,33-246,1987,15.5,16,7,14,2,0,6,15,40.0,9,104,22,21.2,67,28,9,23,6,0,17,17,33,37,1,Matches
Ander Barrenetxea,es ESP,"FW,MF",Real Sociedad,19-048,2001,8.7,13,10,3,6,4,3,10,30.0,7,161,48,29.8,30,60,71,21,1,0,20,4,17,1,0,Matches
Marc Bartra,es ESP,DF,Betis,30-029,1991,12.8,21,9,12,8,1,8,17,47.1,9,153,53,34.6,74,70,9,23,4,0,19,18,39,60,2,Matches
Rodrigo Battaglia,ar ARG,MF,Alavés,29-216,1991,16.8,34,21,17,15,2,10,27,37.0,17,284,85,29.9,108,149,27,25,9,0,16,9,43,23,0,Matches
Jon Bautista,es ESP,"FW,MF",Real Sociedad,25-225,1995,1.9,4,3,0,3,1,0,3,0.0,3,36,8,22.2,2,18,16,4,2,0,2,0,4,0,0,Matches
Fran Beltrán,es ESP,"MF,FW",Celta Vigo,22-010,1999,8.3,14,10,6,5,3,3,13,23.1,10,169,64,37.9,43,91,35,9,0,0,9,7,21,9,0,Matches
Sergio Benito,es ESP,FW,Valladolid,21-327,1999,0.0,0,0,0,0,0,0,0,,0,0,0,,0,0,0,0,0,0,0,0,0,0,0,Matches
Karim Benzema,fr FRA,FW,Real Madrid,33-056,1987,19.7,7,4,1,2,4,1,4,25.0,3,131,23,17.6,13,49,69,9,5,0,4,6,13,13,0,Matches
Yuri Berchiche,es ESP,DF,Athletic Club,31-003,1990,14.2,24,15,17,4,3,9,24,37.5,15,161,53,32.9,76,54,31,15,0,0,15,13,37,21,0,Matches
Álex Berenguer,es ESP,"FW,MF",Athletic Club,25-224,1995,12.4,24,12,10,11,3,3,21,14.3,18,250,64,25.6,62,102,86,30,1,0,29,6,30,12,0,Matches
Pedro Bigas,es ESP,DF,Eibar,30-151,1990,15.6,14,12,7,6,1,6,12,50.0,6,97,42,43.3,47,46,4,14,5,1,9,16,30,99,0,Matches
Alejandro Blanco,es ESP,MF,Valencia,22-059,1998,2.9,5,0,2,2,1,1,6,16.7,5,61,12,19.7,38,18,5,7,0,0,7,2,7,3,0,Matches
Rubén Blanco,es ESP,GK,Celta Vigo,25-203,1995,16.0,0,0,0,0,0,0,0,,0,3,0,0.0,3,0,0,0,0,0,0,0,0,1,0,Matches
Yann Bodiger,fr FRA,MF,Cádiz,26-004,1995,2.8,3,2,1,2,0,1,5,20.0,4,71,11,15.5,22,38,11,7,3,0,4,6,9,4,0,Matches
Yassine Bounou,ma MAR,GK,Sevilla,29-314,1991,18.0,0,0,0,0,0,0,1,0.0,1,0,0,,0,0,0,0,0,0,0,0,0,1,0,Matches
Lucas Boyé,ar ARG,FW,Elche,24-351,1996,14.8,20,12,5,13,2,5,23,21.7,18,280,56,20.0,27,153,100,24,2,0,22,8,28,12,0,Matches
Martin Braithwaite,dk DEN,FW,Barcelona,29-253,1991,10.1,5,4,1,2,2,2,6,33.3,4,93,32,34.4,12,37,44,7,0,0,7,4,9,5,0,Matches
Darko Brašanac,rs SRB,"MF,FW",Osasuna,29-001,1992,2.2,3,3,0,2,1,2,4,50.0,2,46,11,23.9,4,25,17,3,1,0,2,2,5,3,0,Matches
Alvaro Bravo Jiménez,es ESP,MF,Granada,23-009,1998,0.2,1,1,0,1,0,1,1,100.0,0,2,1,50.0,0,1,1,0,0,0,0,0,1,0,0,Matches
Claudio Bravo,cl CHI,GK,Betis,37-306,1983,9.0,0,0,0,0,0,0,1,0.0,1,2,0,0.0,2,0,0,0,0,0,0,0,0,0,0,Matches
Yan Brice Eteki,cm CMR,MF,Granada,23-171,1997,6.3,12,9,7,5,0,1,5,20.0,4,126,29,23.0,49,63,14,8,2,0,6,5,17,15,0,Matches
Bryan,es ESP,FW,Sevilla,20-002,2001,0.1,1,1,0,1,0,0,0,,0,3,2,66.7,0,2,1,0,0,0,0,0,1,0,0,Matches
Bryan,es ESP,"MF,FW",Eibar,20-002,2001,13.1,22,12,9,7,6,2,11,18.2,9,242,65,26.9,56,79,107,19,0,0,19,8,30,5,0,Matches
Ante Budimir,hr CRO,FW,Osasuna,29-206,1991,8.2,12,8,1,7,4,2,6,33.3,4,198,62,31.3,18,80,100,9,1,0,8,1,13,7,0,Matches
Esteban Burgos,ar ARG,DF,Eibar,29-035,1992,10.4,7,7,4,3,0,2,5,40.0,3,44,21,47.7,20,21,3,12,5,0,7,7,14,70,1,Matches
Sergio Busquets,es ESP,MF,Barcelona,32-212,1988,14.4,35,20,8,21,6,14,34,41.2,20,248,81,32.7,61,134,53,24,1,0,23,14,49,16,1,Matches
Erick Cabaco,uy URU,DF,Getafe,25-300,1995,11.0,21,16,14,6,1,8,12,66.7,4,110,43,39.1,49,55,6,14,6,0,8,10,31,73,0,Matches
Cala,es ESP,DF,Cádiz,31-079,1989,17.1,26,21,21,5,0,10,25,40.0,15,145,57,39.3,98,42,5,18,3,0,15,19,45,88,0,Matches
Jonathan Calleri,ar ARG,FW,Osasuna,27-143,1993,11.2,11,5,2,4,5,3,13,23.1,10,169,40,23.7,12,70,87,15,5,0,10,4,15,10,0,Matches
Dani Calvo,es ESP,DF,Elche,26-318,1994,4.8,9,5,8,1,0,4,8,50.0,4,42,14,33.3,25,17,0,8,5,0,3,5,14,27,0,Matches
José Campaña,es ESP,MF,Levante,27-258,1993,8.3,12,8,4,4,4,4,11,36.4,7,114,31,27.2,33,54,27,10,0,0,10,8,20,5,0,Matches
Sergio Canales,es ESP,"MF,FW",Betis,29-363,1991,13.8,12,8,4,7,1,3,13,23.1,10,137,47,34.3,35,68,34,12,0,0,12,6,18,3,0,Matches
Ander Capa,es ESP,DF,Athletic Club,29-005,1992,18.5,30,17,15,12,3,10,29,34.5,19,214,71,33.2,93,76,45,42,7,0,35,18,48,44,0,Matches
Étienne Capoue,fr FRA,MF,Villarreal,32-217,1988,3.5,2,1,1,1,0,1,5,20.0,4,49,11,22.4,20,23,6,8,1,0,7,1,3,11,0,Matches
Isaac Carcelen,es ESP,DF,Cádiz,27-296,1993,16.0,38,19,19,14,5,18,37,48.6,19,226,71,31.4,117,81,28,56,8,0,48,23,61,53,0,Matches
Dani Cárdenas,es ESP,GK,Levante,23-322,1997,1.0,0,0,0,0,0,0,0,,0,0,0,,0,0,0,0,0,0,0,0,0,0,0,Matches
Marc Cardona,es ESP,"FW,MF",Osasuna,25-220,1995,0.6,0,0,0,0,0,0,1,0.0,1,9,2,22.2,1,4,4,1,0,0,1,0,0,0,0,Matches
Diego Carlos,br BRA,DF,Sevilla,27-335,1993,18.0,13,11,12,1,0,6,12,50.0,6,93,35,37.6,50,38,5,27,15,1,12,10,23,72,1,Matches
Juan Carlos,es ESP,"MF,FW",Huesca,29-335,1991,3.1,5,3,3,2,0,0,10,0.0,10,95,22,23.2,17,51,27,7,0,0,7,3,8,2,0,Matches
Yannick Carrasco,be BEL,"DF,MF",Atlético Madrid,27-162,1993,10.4,17,12,8,5,4,10,21,47.6,11,147,45,30.6,57,44,46,24,0,0,24,12,29,8,1,Matches
Sergio Carreira,es ESP,DF,Celta Vigo,20-123,2000,2.9,5,2,2,3,0,3,4,75.0,1,39,15,38.5,17,19,3,7,0,0,7,1,6,6,0,Matches
Guido Carrillo,ar ARG,FW,Elche,29-264,1991,3.4,1,2,0,1,0,0,0,,0,43,9,20.9,3,24,16,1,0,0,1,2,3,2,0,Matches
Dani Carvajal,es ESP,DF,Real Madrid,29-033,1992,9.2,29,18,14,11,4,14,21,66.7,7,133,50,37.6,56,48,29,30,1,0,29,14,43,14,1,Matches
William Carvalho,pt POR,MF,Betis,28-312,1992,10.8,21,15,8,11,2,2,13,15.4,11,120,39,32.5,31,70,19,8,2,0,6,8,29,16,1,Matches
Casemiro,br BRA,MF,Real Madrid,28-356,1992,17.5,53,34,29,20,4,15,38,39.5,23,273,106,38.8,113,127,33,41,12,0,29,35,88,48,0,Matches
Sofian Chakla,ma MAR,DF,Getafe,27-164,1993,3.0,2,2,2,0,0,2,2,100.0,0,17,5,29.4,8,9,0,0,0,0,0,2,4,31,0,Matches
Sofian Chakla,ma MAR,DF,Villarreal,27-164,1993,0.1,0,0,0,0,0,0,0,,0,0,0,,0,0,0,0,0,0,0,0,0,2,0,Matches
Chema,es ESP,"DF,MF",Getafe,28-347,1992,3.1,5,2,4,1,0,2,5,40.0,3,21,4,19.0,10,11,0,3,1,0,2,2,7,15,0,Matches
Denis Cheryshev,ru RUS,MF,Valencia,30-049,1990,9.0,17,12,5,7,5,5,18,27.8,13,148,34,23.0,40,62,46,15,1,0,14,5,22,12,0,Matches
Samuel Chukwueze,ng NGA,"MF,FW",Villarreal,21-267,1999,7.9,12,5,2,7,3,4,15,26.7,11,97,17,17.5,20,38,39,5,0,0,5,3,15,2,0,Matches
Víctor Chust,es ESP,DF,Real Madrid,20-345,2000,0.1,0,0,0,0,0,0,0,,0,1,0,0.0,0,1,0,0,0,0,0,0,0,0,0,Matches
Cifu,es ESP,DF,Elche,30-131,1990,3.5,8,6,5,3,0,4,7,57.1,3,44,12,27.3,32,12,0,2,0,0,2,2,10,9,1,Matches
Alberto Cifuentes,es ESP,GK,Cádiz,41-260,1979,2.0,0,0,0,0,0,0,0,,0,0,0,,0,0,0,0,0,0,0,0,0,0,0,Matches
Carlos Clerc,es ESP,DF,Levante,28-358,1992,19.1,46,33,25,17,4,16,28,57.1,12,255,88,34.5,104,113,38,36,2,0,34,23,69,54,0,Matches
Coke,es ESP,DF,Levante,33-293,1987,3.6,11,8,6,4,1,5,12,41.7,7,52,13,25.0,31,11,10,11,0,0,11,4,15,21,0,Matches
Francis Coquelin,fr FRA,MF,Villarreal,29-276,1991,5.5,15,7,2,11,2,4,8,50.0,4,74,22,29.7,21,44,9,7,2,0,5,11,26,5,0,Matches
Iñigo Córdoba,es ESP,MF,Alavés,23-337,1997,0.3,2,1,0,0,2,2,6,33.3,4,18,5,27.8,1,10,7,3,0,0,3,0,2,0,0,Matches
Iñigo Córdoba,es ESP,"FW,MF",Athletic Club,23-337,1997,1.1,0,0,0,0,0,0,4,0.0,4,23,7,30.4,6,7,10,3,0,0,3,1,1,1,0,Matches
Ángel Correa,ar ARG,"FW,MF",Atlético Madrid,25-341,1995,12.4,13,13,4,6,3,3,20,15.0,17,227,66,29.1,47,102,78,22,1,0,21,7,20,5,0,Matches
Rober Correa,es ESP,DF,Eibar,28-146,1992,7.5,13,9,9,4,0,8,12,66.7,4,81,27,33.3,35,31,15,14,0,0,14,10,23,39,0,Matches
Thierry Correia,pt POR,DF,Valencia,21-341,1999,11.2,32,18,24,6,2,12,23,52.2,11,172,50,29.1,86,56,30,22,3,0,19,13,45,46,1,Matches
Diego Costa,es ESP,FW,Atlético Madrid,32-129,1988,2.3,1,0,1,0,0,1,3,33.3,2,30,6,20.0,3,18,9,1,0,0,1,0,1,2,0,Matches
Jaume Costa,es ESP,"DF,MF",Villarreal,32-332,1988,2.1,2,0,1,1,0,1,1,100.0,0,20,7,35.0,3,12,5,5,0,0,5,4,6,4,0,Matches
Thibaut Courtois,be BEL,GK,Real Madrid,28-278,1992,22.0,0,0,0,0,0,0,0,,0,3,1,33.3,3,0,0,1,0,0,1,0,0,0,4,Matches
Philippe Coutinho,br BRA,"MF,FW",Barcelona,28-246,1992,7.3,7,6,2,4,1,2,5,40.0,3,65,20,30.8,14,29,22,4,0,0,4,4,11,1,0,Matches
Juan Cruz Armada,es ESP,DF,Osasuna,28-200,1992,14.8,24,14,13,10,1,14,23,60.9,9,146,39,26.7,59,61,26,30,2,1,28,5,29,32,1,Matches
Sergio Cubero Ezcurra,es ESP,MF,Eibar,21-161,1999,0.0,0,0,0,0,0,0,0,,0,1,1,100.0,0,1,0,0,0,0,0,0,0,0,0,Matches
Cucho,co COL,"FW,MF",Getafe,21-299,1999,12.8,17,9,1,13,3,1,16,6.3,15,239,61,25.5,23,129,87,15,1,0,14,4,21,6,0,Matches
Marc Cucurella,es ESP,MF,Getafe,22-206,1998,21.8,49,38,17,28,4,12,32,37.5,20,451,160,35.5,110,236,105,45,4,0,41,35,84,16,0,Matches
Patrick Cutrone,it ITA,FW,Valencia,23-041,1998,0.3,0,0,0,0,0,0,0,,0,6,2,33.3,1,1,4,0,0,0,0,0,0,0,0,Matches
Ousmane Dembélé,fr FRA,FW,Barcelona,23-274,1997,10.0,8,4,2,6,0,2,7,28.6,5,138,32,23.2,17,60,61,14,0,0,14,8,16,2,0,Matches
Sergiño Dest,us USA,DF,Barcelona,20-102,2000,11.3,20,12,17,2,1,8,17,47.1,9,154,41,26.6,79,41,34,25,2,0,23,6,26,14,0,Matches
Deyverson,br BRA,FW,Alavés,29-281,1991,8.6,7,6,4,2,1,3,13,23.1,10,153,49,32.0,15,74,64,14,0,0,14,9,16,10,0,Matches
Abdoulay Diaby,ml MLI,MF,Getafe,29-268,1991,0.2,1,1,0,1,0,0,0,,0,2,0,0.0,0,1,1,2,0,0,2,0,1,0,0,Matches
Mouctar Diakhaby,fr FRA,DF,Valencia,24-056,1996,14.0,12,7,7,5,0,6,7,85.7,1,90,26,28.9,51,34,5,34,17,0,17,1,13,72,0,Matches
Víctor Díaz,es ESP,DF,Granada,32-246,1988,1.2,3,2,2,0,1,2,5,40.0,3,13,5,38.5,6,6,1,4,1,0,3,3,6,10,0,Matches
Papakouli Diop,sn SEN,MF,Eibar,34-331,1986,13.8,25,19,7,14,4,7,28,25.0,21,171,58,33.9,37,102,32,14,4,0,10,21,46,27,0,Matches
Djené,tg TOG,DF,Getafe,29-044,1991,18.4,32,19,16,15,1,10,17,58.8,7,138,50,36.2,66,69,3,20,6,1,14,25,57,93,1,Matches
Marko Dmitrović,rs SRB,GK,Eibar,29-020,1992,21.7,1,1,1,0,0,0,2,0.0,2,6,0,0.0,6,0,0,0,0,0,0,0,1,0,1,Matches
Jaume Doménech,es ESP,GK,Valencia,30-100,1990,22.0,0,0,0,0,0,0,2,0.0,2,4,1,25.0,4,0,0,1,0,0,1,0,0,3,0,Matches
John Donald,es ESP,DF,Elche,20-167,2000,0.6,0,0,0,0,0,0,0,,0,2,2,100.0,2,0,0,0,0,0,0,0,0,0,0,Matches
Idrissa Doumbia,ci CIV,MF,Huesca,22-305,1998,3.7,7,6,0,5,2,0,3,0.0,3,47,13,27.7,13,30,4,3,2,0,1,3,10,5,0,Matches
Domingos Duarte,pt POR,DF,Granada,25-340,1995,17.3,24,12,17,6,1,7,13,53.8,6,86,30,34.9,49,35,2,29,15,0,14,16,40,76,1,Matches
Óscar Duarte,cr CRC,DF,Levante,31-255,1989,10.9,7,3,6,1,0,3,10,30.0,7,81,26,32.1,43,33,5,14,12,0,2,15,22,76,0,Matches
Rubén Duarte,es ESP,DF,Alavés,25-118,1995,19.1,44,25,23,16,5,17,33,51.5,16,250,90,36.0,106,108,36,57,5,0,52,29,73,80,0,Matches
Aritz Elustondo,es ESP,DF,Real Sociedad,26-322,1994,11.7,13,6,10,3,0,6,10,60.0,4,74,28,37.8,38,32,4,12,4,0,8,1,14,50,0,Matches
Rodrigo Ely,br BRA,DF,Alavés,27-102,1993,5.2,7,3,5,2,0,3,4,75.0,1,28,14,50.0,12,15,1,5,1,0,4,2,9,33,1,Matches
Emerson,br BRA,DF,Betis,22-030,1999,17.2,54,33,35,15,4,24,43,55.8,19,252,79,31.3,127,87,38,30,2,0,28,42,96,61,0,Matches
Youssef En-Nesyri,ma MAR,FW,Sevilla,23-257,1997,14.8,19,15,3,9,7,5,15,33.3,10,187,51,27.3,21,80,86,10,0,0,10,4,23,8,0,Matches
Sergi Enrich,es ESP,FW,Eibar,30-353,1990,5.9,10,7,3,4,3,2,9,22.2,7,107,38,35.5,14,49,44,7,0,0,7,2,12,4,0,Matches
Dani Escriche,es ESP,"FW,MF",Huesca,22-326,1998,2.9,6,4,2,0,4,2,7,28.6,5,44,9,20.5,8,23,13,3,0,0,3,2,8,0,0,Matches
Sergio Escudero,es ESP,DF,Sevilla,31-164,1989,3.2,7,6,3,3,1,5,6,83.3,1,37,11,29.7,10,17,10,3,1,0,2,2,9,4,0,Matches
Alfonso Espino,uy URU,DF,Cádiz,29-039,1992,17.1,53,31,37,16,0,26,54,48.1,28,302,74,24.5,172,102,28,44,3,1,41,22,75,38,0,Matches
Esquerdo,es ESP,MF,Valencia,22-042,1999,2.6,7,6,4,2,1,1,4,25.0,3,46,21,45.7,23,18,5,9,3,0,6,5,12,6,0,Matches
Pervis Estupiñán,ec ECU,DF,Villarreal,23-023,1998,7.7,25,16,11,10,4,9,14,64.3,5,109,51,46.8,50,45,14,11,1,0,10,16,41,10,2,Matches
Xabier Etxeita,es ESP,DF,Getafe,33-105,1987,9.8,12,6,7,5,0,5,14,35.7,9,77,29,37.7,46,25,6,11,3,0,8,9,21,77,1,Matches
Edu Expósito,es ESP,MF,Eibar,24-196,1996,18.7,31,19,10,18,3,13,40,32.5,27,289,97,33.6,69,161,59,30,4,0,26,19,50,15,0,Matches
Fali,es ESP,"DF,MF",Cádiz,27-185,1993,16.1,32,17,17,12,3,7,19,36.8,12,171,46,26.9,80,77,14,21,9,1,12,14,46,69,0,Matches
Ansu Fati,es ESP,FW,Barcelona,18-105,2002,4.8,8,3,2,3,3,2,5,40.0,3,80,18,22.5,18,29,33,8,0,0,8,1,9,1,0,Matches
Nabil Fekir,fr FRA,"MF,FW",Betis,27-210,1993,18.3,32,26,9,11,12,5,20,25.0,15,344,101,29.4,37,202,105,22,1,0,21,6,38,1,0,Matches
Felipe,br BRA,DF,Atlético Madrid,31-273,1989,11.5,16,13,12,4,0,5,10,50.0,5,75,24,32.0,39,28,8,16,6,0,10,20,36,77,0,Matches
João Félix,pt POR,FW,Atlético Madrid,21-095,1999,11.8,6,4,2,3,1,2,6,33.3,4,113,36,31.9,7,63,43,3,0,0,3,3,9,1,0,Matches
Aitor Fernández,es ESP,GK,Levante,29-286,1991,19.0,0,0,0,0,0,0,0,,0,3,1,33.3,3,0,0,0,0,0,0,0,0,2,0,Matches
Álex Fernández,es ESP,MF,Cádiz,28-121,1992,17.3,18,10,3,12,3,6,25,24.0,19,260,55,21.2,90,133,37,20,1,0,19,16,34,13,0,Matches
Álvaro Fernández,es ESP,GK,Huesca,22-306,1998,11.0,0,0,0,0,0,0,1,0.0,1,2,2,100.0,1,1,0,0,0,0,0,0,0,0,0,Matches
Andrés Fernández,es ESP,GK,Huesca,34-058,1986,11.0,0,0,0,0,0,0,0,,0,0,0,,0,0,0,0,0,0,0,0,0,0,2,Matches
Augusto Fernández,ar ARG,MF,Cádiz,34-309,1986,2.7,8,3,1,7,0,5,11,45.5,6,75,19,25.3,31,35,9,4,1,0,3,9,17,3,0,Matches
Carlos Fernández,es ESP,FW,Real Sociedad,24-267,1996,0.3,1,1,0,1,0,0,2,0.0,2,6,3,50.0,0,5,1,0,0,0,0,0,1,0,0,Matches
Carlos Fernández,es ESP,FW,Sevilla,24-267,1996,1.6,1,0,1,0,0,0,2,0.0,2,17,1,5.9,2,4,11,3,1,0,2,1,2,0,0,Matches
Joaquín Fernández,es ESP,DF,Valladolid,24-258,1996,13.0,14,8,8,6,0,1,8,12.5,7,91,28,30.8,52,35,4,22,10,0,12,18,32,95,1,Matches
Fernando,br BRA,MF,Sevilla,33-203,1987,17.0,38,29,18,17,3,18,37,48.6,19,201,68,33.8,80,99,22,31,6,0,25,19,57,52,0,Matches
David Ferreiro,es ESP,"FW,MF",Huesca,32-318,1988,14.5,18,8,9,6,3,6,27,22.2,21,245,53,21.6,63,120,62,24,0,0,24,6,24,6,0,Matches
Facundo Ferreyra,ar ARG,FW,Celta Vigo,29-336,1991,0.3,0,1,0,0,0,0,0,,0,5,2,40.0,1,4,0,0,0,0,0,0,0,1,0,Matches
Fidel,es ESP,"MF,DF",Elche,31-109,1989,13.4,26,16,16,7,3,14,44,31.8,30,192,50,26.0,93,80,19,24,3,0,21,6,32,12,0,Matches
Junior Firpo,es ESP,DF,Barcelona,24-175,1996,1.7,1,1,0,1,0,0,1,0.0,1,18,7,38.9,9,5,4,5,3,0,2,2,3,3,0,Matches
Kingsley Fobi,gh GHA,DF,Granada,22-146,1998,0.5,0,0,0,0,0,0,0,,0,1,0,0.0,1,0,0,1,0,0,1,0,0,1,0,Matches
Ramón Folch,es ESP,MF,Elche,31-132,1989,0.0,0,0,0,0,0,0,0,,0,0,0,,0,0,0,0,0,0,0,0,0,0,0,Matches
José Fontán,es ESP,DF,Celta Vigo,21-002,2000,3.8,7,4,4,3,0,2,6,33.3,4,61,14,23.0,25,34,2,7,1,0,6,4,11,22,0,Matches
Dimitri Foulquier,fr FRA,DF,Granada,27-327,1993,16.8,25,17,14,8,3,8,17,47.1,9,180,58,32.2,71,80,29,25,3,0,22,14,39,42,1,Matches
Juan Foyth,ar ARG,"MF,DF",Villarreal,23-032,1998,4.0,13,8,7,3,3,2,7,28.6,5,55,20,36.4,16,30,9,9,2,0,7,3,16,2,0,Matches
Jorge de Frutos,es ESP,MF,Levante,23-359,1997,10.0,18,10,5,10,3,5,16,31.3,11,165,49,29.7,40,73,52,18,3,0,15,7,25,12,0,Matches
Ramiro Funes Mori,ar ARG,DF,Villarreal,29-345,1991,1.1,2,2,2,0,0,2,2,100.0,0,14,6,42.9,6,8,0,0,0,0,0,2,4,4,0,Matches
Javi Galán,es ESP,DF,Huesca,26-086,1994,20.3,65,43,30,32,3,27,52,51.9,25,309,112,36.2,129,148,32,44,1,0,43,12,77,38,0,Matches
Enric Gallego,es ESP,FW,Osasuna,34-154,1986,6.7,8,6,4,2,2,0,7,0.0,7,118,33,28.0,13,52,53,6,0,0,6,0,8,7,0,Matches
Kévin Gameiro,fr FRA,FW,Valencia,33-280,1987,5.6,3,3,3,0,0,2,6,33.3,4,79,23,29.1,22,30,27,7,1,0,6,0,3,1,0,Matches
Aleix García,es ESP,MF,Eibar,23-230,1997,0.5,0,0,0,0,0,0,0,,0,6,1,16.7,4,2,0,1,0,0,1,0,0,1,0,Matches
Borja García,es ESP,"MF,FW",Huesca,30-103,1990,12.2,15,10,5,8,2,3,11,27.3,8,109,43,39.4,32,57,20,12,0,0,12,8,23,6,0,Matches
Dani García,es ESP,MF,Athletic Club,30-265,1990,13.5,20,13,8,11,1,7,25,28.0,18,169,55,32.5,48,102,19,17,3,0,14,13,33,31,0,Matches
David García,es ESP,DF,Osasuna,26-365,1994,20.0,19,12,7,12,0,7,14,50.0,7,166,60,36.1,78,84,4,24,9,0,15,22,41,152,0,Matches
Manu García,es ESP,MF,Alavés,34-293,1986,6.4,15,9,5,9,1,2,11,18.2,9,128,38,29.7,48,65,15,13,2,0,11,6,21,17,0,Matches
Raúl García,es ESP,"DF,MF",Valladolid,31-289,1989,5.6,9,3,5,4,0,5,14,35.7,9,66,20,30.3,20,34,12,11,1,0,10,5,14,18,0,Matches
Raúl García,es ESP,"FW,MF",Athletic Club,34-217,1986,12.0,21,10,5,11,5,3,16,18.8,13,230,52,22.6,34,105,91,26,1,0,25,2,23,14,0,Matches
Rubén García,es ESP,"MF,FW",Osasuna,27-214,1993,19.5,29,23,16,10,3,8,22,36.4,14,246,87,35.4,74,109,63,33,3,0,30,10,39,11,0,Matches
Sergi García,es ESP,MF,Alavés,21-305,1999,0.2,1,1,0,1,0,0,1,0.0,1,3,1,33.3,0,1,2,0,0,0,0,0,1,0,0,Matches
Unai García,es ESP,DF,Osasuna,29-010,1992,10.1,18,8,12,5,1,6,11,54.5,5,66,20,30.3,32,31,3,10,3,0,7,9,27,41,0,Matches
Mario Gaspar,es ESP,DF,Villarreal,30-081,1990,13.3,29,7,10,16,3,7,26,26.9,19,171,38,22.2,63,81,27,30,4,0,26,16,45,37,0,Matches
David Gil,es ESP,GK,Cádiz,27-033,1994,1.0,0,0,0,0,0,0,0,,0,0,0,,0,0,0,0,0,0,0,0,0,0,0,Matches
Álvaro Giménez,es ESP,"FW,MF",Cádiz,29-270,1991,4.5,3,2,2,1,0,1,4,25.0,3,59,17,28.8,7,27,25,5,0,0,5,3,6,0,0,Matches
Dani Gómez,es ESP,FW,Levante,22-198,1998,9.7,3,3,1,2,0,0,3,0.0,3,124,23,18.5,12,64,48,3,1,0,2,0,3,2,0,Matches
Maxi Gómez,uy URU,FW,Valencia,24-183,1996,18.7,10,8,2,7,1,3,10,30.0,7,158,33,20.9,11,73,74,12,3,0,9,1,11,21,0,Matches
Moi Gómez,es ESP,"MF,FW",Villarreal,26-235,1994,17.9,21,12,7,8,6,7,27,25.9,20,248,70,28.2,49,117,82,24,1,0,23,11,32,10,0,Matches
Papu Gómez,ar ARG,"MF,FW",Sevilla,32-364,1988,0.4,1,1,1,0,0,1,1,100.0,0,4,2,50.0,2,1,1,0,0,0,0,2,3,0,0,Matches
Sergi Gómez,es ESP,DF,Sevilla,28-322,1992,5.0,3,2,1,2,0,0,1,0.0,1,32,12,37.5,12,20,0,7,3,0,4,2,5,24,0,Matches
Sergio Gómez,es ESP,"FW,MF",Huesca,20-162,2000,4.0,16,8,9,6,1,8,16,50.0,8,72,21,29.2,31,31,10,9,0,0,9,10,26,3,0,Matches
Maxime Gonalons,fr FRA,MF,Granada,31-340,1989,9.4,42,32,15,23,4,12,31,38.7,19,166,55,33.1,59,89,18,11,0,0,11,12,54,12,0,Matches
Alfonso González,es ESP,MF,Celta Vigo,21-285,1999,0.4,0,0,0,0,0,0,2,0.0,2,5,1,20.0,0,2,3,0,0,0,0,0,0,0,0,Matches
Bruno González,es ESP,DF,Valladolid,30-265,1990,18.0,23,11,15,8,0,9,18,50.0,9,153,49,32.0,88,62,3,27,11,0,16,18,41,113,3,Matches
Diego González,es ESP,DF,Elche,26-016,1995,9.2,12,9,6,4,2,2,6,33.3,4,83,26,31.3,51,30,2,20,9,1,11,9,21,44,1,Matches
Sergio González,es ESP,MF,Cádiz,23-275,1997,1.0,0,0,0,0,0,0,2,0.0,2,18,4,22.2,3,15,0,0,0,0,0,2,2,2,0,Matches
Urko González,es ESP,MF,Real Sociedad,19-330,2001,0.0,0,0,0,0,0,0,0,,0,3,0,0.0,0,2,1,0,0,0,0,0,0,1,0,Matches
Andoni Gorosabel,es ESP,DF,Real Sociedad,24-193,1996,14.9,41,21,20,18,3,18,50,36.0,32,209,63,30.1,87,80,42,23,1,0,22,4,45,28,0,Matches
Antoine Griezmann,fr FRA,"FW,MF",Barcelona,29-329,1991,16.0,19,13,6,9,4,1,18,5.6,17,200,59,29.5,29,101,70,18,2,0,16,8,27,11,0,Matches
Andrés Guardado,mx MEX,"MF,FW",Betis,34-138,1986,6.0,11,8,2,5,4,4,13,30.8,9,72,20,27.8,19,38,15,4,0,0,4,12,23,7,1,Matches
Sergi Guardiola,es ESP,FW,Valladolid,29-260,1991,10.7,4,3,1,1,2,1,16,6.3,15,253,62,24.5,12,128,113,5,1,0,4,4,8,8,0,Matches
Nemanja Gudelj,rs SRB,"MF,DF",Sevilla,29-089,1991,5.2,9,6,7,2,0,4,8,50.0,4,64,22,34.4,27,28,9,8,3,0,5,4,13,14,1,Matches
Gonçalo Guedes,pt POR,"MF,FW",Valencia,24-076,1996,13.0,15,10,7,5,3,6,24,25.0,18,173,49,28.3,58,75,40,23,0,0,23,8,23,3,0,Matches
Ander Guevara,es ESP,MF,Real Sociedad,23-221,1997,12.3,24,18,11,11,2,8,18,44.4,10,173,50,28.9,50,99,24,21,4,0,17,7,31,23,1,Matches
John Guidetti,se SWE,FW,Alavés,28-304,1992,0.7,0,0,0,0,0,0,0,,0,11,0,0.0,0,5,6,0,0,0,0,0,0,0,0,Matches
Hugo Guillamón,es ESP,DF,Valencia,21-013,2000,11.5,12,5,7,5,0,3,9,33.3,6,83,19,22.9,48,34,1,20,11,0,9,4,16,69,3,Matches
Jon Guridi,es ESP,MF,Real Sociedad,25-351,1995,5.1,14,7,6,5,3,4,11,36.4,7,98,27,27.6,18,62,18,5,0,0,5,5,19,5,0,Matches
Raúl Guti,es ESP,MF,Elche,24-045,1996,17.1,20,16,11,9,0,4,10,40.0,6,189,57,30.2,79,90,20,22,1,0,21,19,39,19,0,Matches
Marcos Mauro López Gutiérrez,ar ARG,DF,Cádiz,30-035,1991,10.5,16,13,11,5,0,3,11,27.3,8,77,30,39.0,47,30,0,13,7,0,6,9,25,40,0,Matches
Munir El Haddadi,es ESP,FW,Sevilla,25-165,1995,6.0,7,6,4,2,1,1,12,8.3,11,110,28,25.5,24,52,34,5,0,0,5,2,9,2,0,Matches
Eden Hazard,be BEL,FW,Real Madrid,30-037,1991,4.2,1,0,0,1,0,1,3,33.3,2,22,3,13.6,6,11,5,1,0,0,1,4,5,0,0,Matches
Mario Hermoso,es ESP,DF,Atlético Madrid,25-240,1995,14.8,29,19,23,5,1,17,29,58.6,12,112,35,31.3,65,41,6,27,4,0,23,15,44,38,0,Matches
Aridane Hernández,gq EQG,DF,Osasuna,31-327,1989,10.5,14,10,8,6,0,4,6,66.7,2,51,14,27.5,28,21,2,16,6,0,10,15,29,81,0,Matches
Héctor Herrera,mx MEX,MF,Atlético Madrid,30-300,1990,4.1,8,6,4,3,1,4,9,44.4,5,59,18,30.5,25,30,4,7,1,0,6,6,14,12,0,Matches
Sergio Herrera,es ESP,GK,Osasuna,27-253,1993,19.9,0,0,0,0,0,0,2,0.0,2,3,0,0.0,3,0,0,0,0,0,0,0,0,1,0,Matches
Yangel Herrera,ve VEN,MF,Granada,23-037,1998,15.4,37,27,13,19,5,7,34,20.6,27,314,85,27.1,86,170,58,41,7,0,34,20,57,31,0,Matches
Pablo Hervías,es ESP,"DF,FW",Valladolid,27-342,1993,11.0,24,17,8,13,3,13,25,52.0,12,112,34,30.4,41,58,13,9,0,0,9,9,33,12,0,Matches
Jordan Holsgrove,sco SCO,MF,Celta Vigo,21-156,1999,0.8,0,0,0,0,0,0,0,,0,20,5,25.0,2,8,10,1,0,0,1,0,0,0,0,Matches
Vicente Iborra,es ESP,MF,Villarreal,33-028,1988,10.3,18,13,9,7,2,5,19,26.3,14,126,39,31.0,50,61,15,19,8,0,11,5,23,28,0,Matches
Oussama Idrissi,ma MAR,"FW,MF",Sevilla,24-353,1996,0.3,2,1,0,1,1,0,1,0.0,1,7,3,42.9,2,3,2,1,0,0,1,1,3,0,0,Matches
Borja Iglesias,es ESP,FW,Betis,28-027,1993,6.2,1,0,0,0,1,0,2,0.0,2,71,15,21.1,4,35,32,6,1,0,5,2,3,3,0,Matches
Juan Iglesias,es ESP,DF,Getafe,22-225,1998,1.0,2,1,2,0,0,0,2,0.0,2,18,5,27.8,14,3,1,6,1,0,5,1,3,3,0,Matches
Asier Illarramendi,es ESP,MF,Real Sociedad,30-342,1990,1.2,2,1,0,2,0,1,2,50.0,1,13,6,46.2,1,5,7,1,0,0,1,0,2,0,0,Matches
Pablo Insua,es ESP,DF,Huesca,27-157,1993,8.0,13,5,8,5,0,6,15,40.0,9,102,35,34.3,67,34,1,10,6,0,4,4,17,46,0,Matches
Takashi Inui,jp JPN,"MF,FW",Eibar,32-256,1988,15.6,14,9,5,4,5,5,13,38.5,8,242,77,31.8,55,73,114,23,0,0,23,9,23,3,0,Matches
Alexander Isak,se SWE,FW,Real Sociedad,21-145,1999,12.9,8,5,0,2,6,2,5,40.0,3,136,43,31.6,6,38,92,5,1,0,4,0,8,6,0,Matches
Isco,es ESP,MF,Real Madrid,28-298,1992,4.4,6,6,2,3,1,1,7,14.3,6,58,24,41.4,8,32,18,3,0,0,3,2,8,2,0,Matches
Jairo Izquierdo,es ESP,"DF,MF",Cádiz,27-114,1993,8.9,15,5,10,4,1,6,21,28.6,15,114,31,27.2,47,45,22,15,1,0,14,9,24,8,0,Matches
Saidy Janko,ch SUI,DF,Valladolid,25-114,1995,2.3,2,2,2,0,0,1,2,50.0,1,24,8,33.3,15,7,2,2,0,0,2,3,5,7,0,Matches
Adnan Januzaj,be BEL,"FW,MF",Real Sociedad,26-008,1995,4.7,4,2,0,3,1,0,4,0.0,4,49,10,20.4,4,27,18,4,0,0,4,0,4,0,0,Matches
Jason,es ESP,"MF,DF",Valencia,26-222,1994,4.7,10,6,4,4,2,3,16,18.8,13,93,22,23.7,27,50,16,9,2,0,7,6,16,5,1,Matches
Luis Javier Suárez,co COL,"FW,MF",Granada,23-073,1997,13.0,19,13,5,7,7,1,9,11.1,8,183,51,27.9,19,83,81,12,1,0,11,7,26,12,0,Matches
Ángel Jiménez,es ESP,GK,Granada,18-236,2002,1.0,0,0,0,0,0,0,0,,0,0,0,,0,0,0,0,0,0,0,0,0,0,0,Matches
Joaquín,es ESP,"FW,MF",Betis,39-207,1981,9.0,5,3,0,4,1,2,6,33.3,4,79,20,25.3,19,38,22,12,0,0,12,9,14,2,0,Matches
Frenkie de Jong,nl NED,"MF,DF",Barcelona,23-277,1997,19.8,24,17,12,10,2,5,20,25.0,15,185,55,29.7,52,99,34,19,2,0,17,17,41,24,1,Matches
Luuk de Jong,nl NED,FW,Sevilla,30-170,1990,7.6,8,5,4,2,2,1,5,20.0,4,117,37,31.6,7,48,62,5,1,0,4,0,8,8,0,Matches
Jony,es ESP,"MF,FW",Osasuna,29-219,1991,6.6,4,4,0,2,2,3,11,27.3,8,71,19,26.8,7,36,28,5,0,0,5,8,12,0,0,Matches
Joan Jordán,es ESP,MF,Sevilla,26-222,1994,15.6,25,12,5,14,6,7,44,15.9,37,271,71,26.2,58,168,45,19,1,0,18,11,36,20,1,Matches
Josan,es ESP,"MF,DF",Elche,31-072,1989,15.5,29,21,20,9,0,7,24,29.2,17,174,47,27.0,78,71,25,27,1,0,26,14,43,19,1,Matches
Willian José,br BRA,FW,Real Sociedad,29-082,1991,7.7,4,4,0,4,0,2,4,50.0,2,100,35,35.0,3,37,60,5,1,0,4,1,5,5,0,Matches
Joselu,es ESP,FW,Alavés,30-323,1990,18.9,22,17,6,13,3,5,10,50.0,5,306,82,26.8,27,134,145,21,4,0,17,11,33,33,0,Matches
Josema,es ESP,DF,Elche,24-252,1996,15.9,27,16,21,6,0,3,12,25.0,9,148,55,37.2,102,39,7,34,7,0,27,24,51,68,0,Matches
Jota,es ESP,MF,Alavés,29-242,1991,8.8,16,9,5,8,3,2,13,15.4,11,173,47,27.2,50,85,38,12,0,0,12,6,22,9,0,Matches
Jota,pt POR,FW,Valladolid,21-320,1999,4.0,,3,,,,,,,,,,,,,,,,,,4,,,,Matches
Luka Jović,rs SRB,"FW,MF",Real Madrid,23-052,1997,1.7,0,0,0,0,0,0,0,,0,15,2,13.3,2,2,11,0,0,0,0,0,0,0,0,Matches
Juan,ar ARG,MF,Granada,23-020,1998,0.3,0,0,0,0,0,0,0,,0,2,0,0.0,0,2,0,0,0,0,0,0,0,1,0,Matches
Juanmi,es ESP,"FW,MF",Betis,27-269,1993,3.0,7,5,2,3,2,4,11,36.4,7,56,15,26.8,15,28,13,2,0,0,2,0,7,1,0,Matches
Vinicius Júnior,br BRA,FW,Real Madrid,20-216,2000,11.1,20,15,10,8,2,4,25,16.0,21,216,61,28.2,57,84,75,16,1,0,15,3,23,3,0,Matches
Jens Jønsson,dk DEN,MF,Cádiz,28-034,1993,18.1,42,30,22,17,3,8,22,36.4,14,288,90,31.3,102,152,34,36,7,0,29,24,66,20,0,Matches
Damian Kądzior,pl POL,"FW,MF",Eibar,28-242,1992,2.2,1,1,0,1,0,1,6,16.7,5,34,8,23.5,4,16,14,1,0,0,1,0,1,0,0,Matches
Lee Kangin,kr KOR,"FW,MF",Valencia,19-360,2001,7.3,9,7,3,5,1,3,16,18.8,13,150,35,23.3,21,80,49,6,0,0,6,1,10,1,0,Matches
Stephane Keller,cm CMR,DF,Alavés,19-177,2001,0.2,1,1,0,1,0,0,0,,0,2,1,50.0,1,1,0,1,0,0,1,0,1,0,0,Matches
Kenedy,br BRA,"FW,MF",Granada,25-005,1996,10.4,17,10,9,4,4,2,11,18.2,9,170,44,25.9,54,52,64,18,1,0,17,10,27,13,1,Matches
Kike,es ESP,FW,Eibar,31-080,1989,19.0,19,15,6,8,5,2,12,16.7,10,297,94,31.6,22,110,165,18,2,0,16,4,23,18,0,Matches
Giorgi Kochorashvili,ge GEO,MF,Levante,21-229,1999,0.0,0,0,0,0,0,0,0,,0,1,0,0.0,1,0,0,0,0,0,0,0,0,0,0,Matches
Kenan Kodro,ba BIH,"FW,MF",Athletic Club,27-178,1993,0.5,0,0,0,0,0,0,1,0.0,1,9,1,11.1,1,4,4,0,0,0,0,0,0,0,0,Matches
Kenan Kodro,ba BIH,"FW,MF",Valladolid,27-178,1993,0.6,0,0,0,0,0,0,1,0.0,1,11,3,27.3,0,3,8,0,0,0,0,0,0,0,0,Matches
Koba Koindredi,fr FRA,MF,Valencia,19-109,2001,0.2,2,2,1,1,0,0,1,0.0,1,4,3,75.0,1,3,0,0,0,0,0,0,2,1,0,Matches
Koke,es ESP,MF,Atlético Madrid,29-036,1992,16.9,41,29,15,21,5,18,58,31.0,40,290,85,29.3,101,140,49,21,2,0,19,18,59,20,0,Matches
Geoffrey Kondogbia,cf CTA,MF,Valencia,27-364,1993,4.9,15,10,7,7,1,5,15,33.3,10,118,37,31.4,49,64,5,4,1,0,3,4,19,13,0,Matches
Geoffrey Kondogbia,cf CTA,"MF,FW",Atlético Madrid,27-364,1993,2.8,13,10,2,10,1,6,13,46.2,7,60,18,30.0,16,39,5,9,5,0,4,3,16,6,0,Matches
Youssouf Koné,ml MLI,"DF,FW",Elche,25-223,1995,0.8,2,0,1,0,1,0,1,0.0,1,9,2,22.2,8,0,1,0,0,0,0,1,3,0,0,Matches
Jules Koundé,fr FRA,DF,Sevilla,22-093,1998,18.0,18,13,9,8,1,7,16,43.8,9,124,55,44.4,56,54,14,28,13,1,15,18,36,75,0,Matches
Toni Kroos,de GER,MF,Real Madrid,31-040,1990,16.3,28,15,12,15,1,6,37,16.2,31,301,74,24.6,77,173,51,23,2,0,21,17,45,9,2,Matches
Takefusa Kubo,jp JPN,"MF,FW",Villarreal,19-254,2001,3.3,5,3,2,1,2,2,4,50.0,2,49,17,34.7,13,20,16,1,0,0,1,2,7,1,0,Matches
Takefusa Kubo,jp JPN,"MF,FW",Getafe,19-254,2001,3.8,2,2,1,1,0,1,7,14.3,6,69,23,33.3,8,37,24,7,0,0,7,6,8,4,0,Matches
Kuki,es ESP,MF,Valladolid,22-284,1998,0.3,1,1,0,0,1,0,0,,0,10,2,20.0,0,9,1,1,0,0,1,0,1,0,0,Matches
Víctor Laguardia,es ESP,DF,Alavés,31-100,1989,16.0,16,12,12,3,1,9,24,37.5,15,118,49,41.5,70,42,6,25,8,0,17,15,31,73,0,Matches
Diego Lainez,mx MEX,"FW,MF",Betis,20-249,2000,4.9,4,2,3,1,0,1,2,50.0,1,53,15,28.3,10,25,18,12,0,0,12,6,10,3,0,Matches
Toni Lato,es ESP,DF,Valencia,23-084,1997,4.5,5,4,2,1,2,4,6,66.7,2,68,23,33.8,35,20,13,14,0,0,14,5,10,10,0,Matches
Robin Le Normand,fr FRA,DF,Real Sociedad,24-094,1996,16.5,20,10,17,3,0,6,10,60.0,4,118,30,25.4,66,48,4,23,9,0,14,17,37,81,1,Matches
Jeremías Ledesma,ar ARG,GK,Cádiz,28-000,1993,19.0,0,0,0,0,0,0,0,,0,1,0,0.0,1,0,0,0,0,0,0,0,0,2,3,Matches
Florian Lejeune,fr FRA,DF,Alavés,29-269,1991,18.5,30,16,25,5,0,13,21,61.9,8,161,54,33.5,106,51,4,30,9,1,21,25,55,119,0,Matches
Iñigo Lekue,es ESP,"DF,FW",Athletic Club,27-285,1993,0.9,2,1,2,0,0,1,3,33.3,2,16,4,25.0,7,3,6,2,1,0,1,1,3,5,0,Matches
Thomas Lemar,fr FRA,"MF,FW",Atlético Madrid,25-093,1995,9.9,21,11,5,14,2,8,22,36.4,14,194,56,28.9,42,110,42,19,2,0,17,9,30,7,0,Matches
Clément Lenglet,fr FRA,DF,Barcelona,25-241,1995,13.9,24,13,19,5,0,11,17,64.7,6,149,58,38.9,83,59,7,18,4,0,14,12,36,41,0,Matches
Lautado de León,uy URU,"MF,FW",Celta Vigo,20-004,2001,0.2,0,0,0,0,0,0,0,,0,3,1,33.3,0,1,2,0,0,0,0,0,0,1,0,Matches
Pedro León,es ESP,"MF,FW",Eibar,34-081,1986,5.5,5,3,2,2,1,3,12,25.0,9,73,25,34.2,17,39,17,9,0,0,9,2,7,3,0,Matches
Sergio León,es ESP,FW,Levante,32-038,1989,5.3,6,4,0,4,2,0,6,0.0,6,78,20,25.6,6,39,33,4,0,0,4,2,8,1,0,Matches
Diego Llorente,es ESP,DF,Real Sociedad,27-181,1993,1.0,1,0,1,0,0,0,1,0.0,1,7,2,28.6,5,1,1,1,1,1,0,0,1,11,0,Matches
Marcos Llorente,es ESP,"MF,DF",Atlético Madrid,26-014,1995,16.1,41,22,13,18,10,14,25,56.0,11,338,100,29.6,74,161,103,38,3,0,35,17,58,13,0,Matches
Renan Lodi,br BRA,DF,Atlético Madrid,22-311,1998,7.1,20,11,8,8,4,7,14,50.0,7,106,34,32.1,32,53,21,13,0,0,13,14,34,12,0,Matches
Pedro López Muñoz,es ESP,DF,Huesca,37-104,1983,7.2,19,13,11,5,3,10,16,62.5,6,81,24,29.6,44,30,7,18,3,0,15,7,26,17,1,Matches
Adrián López,es ESP,FW,Osasuna,33-036,1988,3.9,4,3,0,2,2,0,2,0.0,2,32,9,28.1,2,20,10,2,0,0,2,0,4,3,0,Matches
Javi López,es ESP,"DF,MF",Alavés,19-043,2002,2.1,5,4,3,2,0,0,0,,0,44,12,27.3,17,16,11,4,0,0,4,2,7,4,0,Matches
Roberto López,es ESP,MF,Real Sociedad,20-295,2000,4.5,4,2,2,1,1,1,7,14.3,6,64,15,23.4,16,37,11,3,0,0,3,1,5,4,0,Matches
Unai López,es ESP,MF,Athletic Club,25-106,1995,7.6,14,9,6,7,1,3,11,27.3,8,123,41,33.3,38,71,14,11,0,0,11,4,18,7,0,Matches
Anthony Lozano,hn HON,FW,Cádiz,27-294,1993,11.0,9,9,0,6,3,1,5,20.0,4,125,28,22.4,8,69,48,5,0,0,5,1,10,4,0,Matches
Jeison Lucumí,co COL,FW,Elche,25-311,1995,0.5,1,1,0,1,0,1,1,100.0,0,7,2,28.6,1,4,2,1,0,0,1,0,1,1,0,Matches
José Luis Gayà,es ESP,DF,Valencia,25-264,1995,18.5,40,23,25,12,3,20,41,48.8,21,212,57,26.9,116,75,21,22,1,0,21,12,52,51,0,Matches
José Luis Morales,es ESP,"FW,MF",Levante,33-205,1987,15.5,10,6,3,7,0,4,18,22.2,14,212,63,29.7,26,77,109,17,0,0,17,4,14,10,0,Matches
Luisinho,pt POR,DF,Huesca,35-284,1985,2.0,4,0,3,1,0,1,4,25.0,3,20,7,35.0,13,6,1,4,0,0,4,1,5,10,0,Matches
Luismi,es ESP,"MF,DF",Elche,28-284,1992,1.5,4,3,3,1,0,0,0,,0,17,5,29.4,9,8,0,1,0,0,1,3,7,4,0,Matches
Darwin Machís,ve VEN,"FW,MF",Granada,28-006,1993,14.4,14,7,5,7,2,4,17,23.5,13,132,38,28.8,36,60,36,18,2,0,16,26,40,10,0,Matches
Pablo Maffeo,es ESP,DF,Huesca,23-216,1997,11.5,16,13,12,4,0,5,12,41.7,7,134,50,37.3,61,53,20,21,3,0,18,17,33,24,0,Matches
Abdallahi Mahmoud,mr MTN,MF,Alavés,20-285,2000,0.5,2,1,0,2,0,1,1,100.0,0,11,2,18.2,4,4,3,0,0,0,0,1,3,0,0,Matches
Nemanja Maksimović,rs SRB,MF,Getafe,26-018,1995,17.2,31,22,18,9,4,8,34,23.5,26,321,95,29.6,89,177,55,34,4,0,30,26,57,32,0,Matches
Filip Malbašić,rs SRB,"FW,MF",Cádiz,28-087,1992,5.1,11,7,4,4,3,4,12,33.3,8,114,29,25.4,15,53,46,9,0,0,9,2,13,2,0,Matches
Hugo Mallo,es ESP,DF,Celta Vigo,29-236,1991,20.0,45,23,23,22,0,14,30,46.7,16,265,75,28.3,109,118,38,52,6,0,46,17,62,68,0,Matches
Mickael Malsa,mq MTQ,MF,Levante,25-124,1995,14.7,40,26,19,21,0,13,32,40.6,19,249,76,30.5,93,139,17,23,6,1,17,26,66,29,0,Matches
Aïssa Mandi,dz ALG,DF,Betis,29-114,1991,14.6,9,9,6,3,0,3,5,60.0,2,92,31,33.7,53,34,5,16,8,2,8,15,24,64,0,Matches
Eliaquim Mangala,fr FRA,DF,Valencia,30-000,1991,3.5,1,1,1,0,0,0,0,,0,35,7,20.0,28,5,2,7,5,0,2,4,5,22,0,Matches
Maranhão,br BRA,FW,Valladolid,24-116,1996,9.1,6,3,2,2,2,0,7,0.0,7,158,41,25.9,16,64,78,12,1,0,11,0,6,9,0,Matches
Marcelo,br BRA,DF,Real Madrid,32-277,1988,7.0,13,12,6,2,5,6,13,46.2,7,79,33,41.8,26,24,29,13,2,0,11,5,18,8,0,Matches
Iván Marcone,ar ARG,MF,Elche,30-255,1990,16.1,37,31,23,11,3,16,42,38.1,26,196,75,38.3,105,80,11,21,5,0,16,14,51,19,0,Matches
Óscar de Marcos,es ESP,"MF,FW",Athletic Club,31-305,1989,7.1,5,3,4,0,1,3,12,25.0,9,75,18,24.0,20,29,26,14,1,1,13,3,8,6,0,Matches
José Mari,es ESP,MF,Cádiz,33-069,1987,5.6,14,11,4,8,2,5,12,41.7,7,119,42,35.3,34,71,14,9,3,0,6,4,18,17,1,Matches
José María Giménez,uy URU,DF,Atlético Madrid,26-024,1995,10.1,13,8,9,4,0,7,13,53.8,6,46,14,30.4,28,14,4,14,4,0,10,11,24,43,0,Matches
Mariano,do DOM,FW,Real Madrid,27-196,1993,2.5,1,1,0,0,1,0,3,0.0,3,40,10,25.0,7,15,18,3,1,0,2,0,1,0,0,Matches
Adrián Marín,es ESP,"DF,MF",Alavés,24-035,1997,1.0,1,1,0,1,0,0,0,,0,24,6,25.0,4,12,8,5,1,0,4,1,2,3,0,Matches
Adrián Marín,es ESP,DF,Granada,24-035,1997,0.5,0,0,0,0,0,0,0,,0,6,1,16.7,1,3,2,5,1,0,4,2,2,2,0,Matches
Roger Martí,es ESP,FW,Levante,30-041,1991,13.9,13,6,3,8,2,4,17,23.5,13,202,37,18.3,25,86,91,12,3,0,9,1,14,1,0,Matches
Aarón Martín,es ESP,DF,Celta Vigo,23-297,1997,4.0,4,4,2,2,0,3,7,42.9,4,29,6,20.7,8,18,3,7,0,0,7,2,6,14,0,Matches
Iñigo Martínez,es ESP,DF,Athletic Club,29-272,1991,19.0,24,11,17,7,0,8,23,34.8,15,149,50,33.6,92,57,0,20,6,1,14,13,37,90,0,Matches
Javi Martínez,es ESP,MF,Osasuna,21-053,1999,2.1,3,3,1,2,0,0,1,0.0,1,45,15,33.3,8,24,13,4,0,0,4,0,3,2,0,Matches
Jordi Masip,es ESP,GK,Valladolid,32-041,1989,16.0,0,0,0,0,0,0,3,0.0,3,3,0,0.0,3,0,0,1,0,0,1,0,0,2,1,Matches
Jaime Mata,es ESP,FW,Getafe,32-112,1988,13.0,8,5,1,2,5,1,5,20.0,4,166,40,24.1,16,69,81,10,3,0,7,7,15,8,0,Matches
Borja Mayoral,es ESP,FW,Real Madrid,23-314,1997,0.3,0,0,0,0,0,0,1,0.0,1,9,1,11.1,1,4,4,0,0,0,0,0,0,0,0,Matches
Gonzalo Melero,es ESP,"MF,FW",Levante,27-042,1994,14.6,15,12,6,6,3,5,23,21.7,18,188,47,25.0,54,83,51,21,5,0,16,14,29,22,1,Matches
Brais Méndez,es ESP,"MF,FW",Celta Vigo,24-037,1997,16.5,26,22,7,18,1,9,41,22.0,32,320,94,29.4,64,174,82,22,2,0,20,19,45,14,0,Matches
Édgar Méndez,es ESP,"MF,DF",Alavés,31-042,1990,13.8,31,13,18,9,4,9,33,27.3,24,270,69,25.6,76,119,75,18,2,0,16,8,39,12,0,Matches
Eñaut Mendía,es ESP,FW,Eibar,21-233,1999,0.7,2,1,1,1,0,2,2,100.0,0,10,2,20.0,3,5,2,1,1,0,0,0,2,0,0,Matches
Ferland Mendy,fr FRA,DF,Real Madrid,25-250,1995,16.5,21,12,13,5,3,8,14,57.1,6,128,49,38.3,47,50,31,29,4,0,25,18,39,20,0,Matches
Mikel Merino,es ESP,MF,Real Sociedad,24-236,1996,19.2,47,27,15,23,9,12,41,29.3,29,358,122,34.1,84,196,78,43,9,0,34,21,68,21,0,Matches
Martín Merquelanz,es ESP,"FW,MF",Real Sociedad,25-246,1995,4.7,2,1,0,0,2,0,2,0.0,2,36,5,13.9,7,16,13,6,1,0,5,5,7,4,0,Matches
Roque Mesa,es ESP,MF,Valladolid,31-251,1989,7.8,19,16,11,6,2,6,16,37.5,10,135,43,31.9,51,72,12,13,3,0,10,4,23,12,0,Matches
Lionel Messi,ar ARG,"FW,MF",Barcelona,33-234,1987,17.6,12,8,2,7,3,3,7,42.9,4,154,53,34.4,8,66,80,8,1,0,7,3,15,0,0,Matches
Omenuke Mfulu,cd COD,MF,Elche,26-330,1994,4.0,12,9,5,7,0,3,7,42.9,4,76,23,30.3,35,38,3,3,1,0,2,2,14,12,0,Matches
Míchel,es ESP,MF,Valladolid,32-199,1988,6.3,10,8,8,2,0,1,12,8.3,11,126,27,21.4,47,60,19,10,1,0,9,10,20,6,0,Matches
Éder Militão,br BRA,"DF,MF",Real Madrid,23-026,1998,2.6,7,2,4,3,0,2,7,28.6,5,28,9,32.1,19,9,0,5,1,0,4,4,11,7,0,Matches
Luis Milla,es ESP,MF,Granada,26-129,1994,13.9,20,16,13,5,2,3,26,11.5,23,277,91,32.9,82,153,42,19,1,0,18,21,41,13,0,Matches
Pere Milla,es ESP,"FW,MF",Elche,28-143,1992,12.7,18,14,7,10,1,7,27,25.9,20,263,72,27.4,62,144,57,17,4,0,13,8,26,12,0,Matches
Alejandro Millán,es ESP,FW,Villarreal,21-098,1999,0.0,0,0,0,0,0,0,1,0.0,1,3,1,33.3,0,0,3,0,0,0,0,0,0,0,0,Matches
Santi Mina,es ESP,FW,Celta Vigo,25-068,1995,14.6,18,10,4,7,7,5,15,33.3,10,268,60,22.4,17,141,110,7,0,0,7,7,25,5,0,Matches
Óscar Mingueza,es ESP,DF,Barcelona,21-276,1999,9.7,26,17,16,8,2,11,16,68.8,5,127,42,33.1,56,57,14,18,4,0,14,14,40,21,3,Matches
Rafa Mir,es ESP,FW,Huesca,23-240,1997,16.3,10,7,3,2,5,4,11,36.4,7,240,65,27.1,23,108,109,16,2,0,14,6,16,11,0,Matches
Jorge Miramón,es ESP,DF,Levante,31-256,1989,13.0,30,19,22,8,0,17,33,51.5,16,148,59,39.9,71,56,21,36,4,0,32,14,44,39,1,Matches
Juan Miranda,es ESP,DF,Betis,21-025,2000,7.8,12,5,7,5,0,5,16,31.3,11,106,32,30.2,47,45,14,23,1,0,22,12,24,25,0,Matches
Luka Modrić,hr CRO,MF,Real Madrid,35-157,1985,18.1,28,18,14,12,2,13,31,41.9,18,215,58,27.0,61,103,51,20,1,0,19,31,59,3,0,Matches
Johan Mojica,co COL,DF,Elche,28-176,1992,4.3,11,7,8,3,0,2,4,50.0,2,68,23,33.8,34,29,5,10,2,0,8,3,14,8,0,Matches
Guillem Molina Gutiérrez,es ESP,DF,Valencia,20-286,2000,0.8,0,0,0,0,0,0,3,0.0,3,13,4,30.8,7,5,1,2,1,0,1,1,1,0,0,Matches
Jorge Molina,es ESP,"FW,MF",Granada,38-297,1982,7.7,6,4,1,1,4,2,4,50.0,2,87,29,33.3,10,37,40,6,1,0,5,0,6,7,0,Matches
Victor Mollejo,es ESP,"MF,DF",Getafe,20-023,2001,0.8,1,1,1,0,0,1,2,50.0,1,8,2,25.0,3,2,3,1,0,0,1,0,1,1,0,Matches
Jon Moncayola,es ESP,MF,Osasuna,22-276,1998,17.5,36,18,17,16,3,15,38,39.5,23,354,87,24.6,123,178,53,20,4,0,16,13,49,28,1,Matches
Nacho Monreal,es ESP,DF,Real Sociedad,34-353,1986,11.1,13,8,6,6,1,5,9,55.6,4,98,42,42.9,44,33,21,17,4,0,13,15,28,29,0,Matches
Ángel Montoro,es ESP,MF,Granada,32-233,1988,9.2,10,6,6,4,0,2,9,22.2,7,108,25,23.1,27,70,11,16,3,0,13,5,15,9,0,Matches
Martín Montoya,es ESP,DF,Betis,29-305,1991,2.6,6,2,3,3,0,2,3,66.7,1,28,5,17.9,6,14,8,3,2,0,1,1,7,6,0,Matches
Emre Mor,tr TUR,"FW,MF",Celta Vigo,23-204,1997,5.6,8,7,0,4,4,1,6,16.7,5,97,29,29.9,10,52,35,8,0,0,8,2,10,0,0,Matches
Jon Morcillo,es ESP,"FW,MF",Athletic Club,22-151,1998,6.2,4,3,1,0,3,0,7,0.0,7,81,27,33.3,18,23,40,12,0,0,12,4,8,2,0,Matches
Álex Moreno,es ESP,DF,Betis,27-250,1993,14.4,29,19,14,11,4,9,28,32.1,19,190,59,31.1,81,80,29,21,4,0,17,17,46,32,0,Matches
Gerard Moreno,es ESP,"FW,MF",Villarreal,28-312,1992,16.2,11,7,4,6,1,6,20,30.0,14,167,45,26.9,24,67,76,18,3,0,15,6,17,17,0,Matches
Tete Morente,es ESP,"MF,FW",Elche,24-071,1996,13.7,18,14,11,6,1,6,23,26.1,17,177,56,31.6,49,89,39,15,1,0,14,7,25,19,0,Matches
Loren Morón,es ESP,FW,Betis,27-045,1993,7.2,5,5,1,3,1,0,5,0.0,5,108,23,21.3,10,45,53,5,0,0,5,3,8,9,0,Matches
Pedro Mosquera,es ESP,MF,Huesca,32-298,1988,17.9,30,18,12,18,0,9,31,29.0,22,300,93,31.0,120,162,18,37,4,0,33,12,42,29,1,Matches
Javi Moyano,es ESP,DF,Valladolid,34-356,1986,1.1,0,0,0,0,0,0,3,0.0,3,8,1,12.5,4,3,1,2,0,0,2,0,0,3,0,Matches
Iker Muniain,es ESP,"MF,FW",Athletic Club,28-056,1992,15.6,24,16,6,15,3,4,16,25.0,12,202,68,33.7,37,94,71,9,0,0,9,12,36,2,0,Matches
Aihen Muñoz,es ESP,DF,Real Sociedad,23-181,1997,11.0,20,11,12,5,3,7,17,41.2,10,127,38,29.9,56,53,18,16,1,0,15,2,22,39,1,Matches
Joaquín Muñoz,es ESP,FW,Huesca,21-340,1999,0.5,0,0,0,0,0,0,0,,0,15,2,13.3,5,6,4,1,0,0,1,0,0,1,0,Matches
Jeison Murillo,co COL,DF,Celta Vigo,28-262,1992,20.5,27,18,22,4,1,10,23,43.5,13,194,76,39.2,121,70,3,28,12,0,16,19,46,77,1,Matches
Yunus Musah,us USA,MF,Valencia,18-076,2002,13.1,18,10,10,5,3,5,17,29.4,12,215,51,23.7,55,87,73,22,0,0,22,4,22,12,0,Matches
Yoshinori Mutō,jp JPN,"FW,MF",Eibar,28-213,1992,10.7,9,8,1,6,2,3,10,30.0,7,149,45,30.2,12,61,76,7,0,0,7,5,14,1,0,Matches
Nacho,es ESP,DF,Real Madrid,31-026,1990,8.5,21,12,9,8,4,8,21,38.1,13,104,38,36.5,44,46,14,12,6,3,6,12,33,19,0,Matches
Nacho,es ESP,DF,Valladolid,31-343,1989,16.0,28,14,19,4,5,12,46,26.1,34,210,63,30.0,116,68,26,34,1,0,33,17,45,35,0,Matches
Nano,es ESP,"FW,MF",Cádiz,26-008,1995,0.1,0,0,0,0,0,0,0,,0,2,1,50.0,0,2,0,0,0,0,0,0,0,0,0,Matches
Roberto Navarro,es ESP,MF,Real Sociedad,18-307,2002,0.4,2,2,1,1,0,1,2,50.0,1,19,7,36.8,5,7,7,1,0,0,1,0,2,0,0,Matches
Ximo Navarro,es ESP,DF,Alavés,31-021,1990,15.4,26,21,15,10,1,8,22,36.4,14,169,64,37.9,89,61,19,30,2,0,28,27,53,45,1,Matches
Jesús Navas,es ESP,DF,Sevilla,35-084,1985,17.2,19,10,12,7,0,11,18,61.1,7,118,33,28.0,46,48,24,27,4,0,23,12,31,45,1,Matches
Raúl Navas,es ESP,DF,Osasuna,32-278,1988,1.9,6,5,6,0,0,3,7,42.9,4,25,13,52.0,16,8,1,5,1,0,4,3,9,12,0,Matches
Álvaro Negredo,es ESP,FW,Cádiz,35-177,1985,14.9,10,6,1,5,4,2,5,40.0,3,102,26,25.5,3,57,42,10,2,0,8,2,12,6,0,Matches
Neto,br BRA,GK,Barcelona,31-209,1989,6.0,0,0,0,0,0,0,1,0.0,1,0,0,,0,0,0,0,0,0,0,0,0,1,1,Matches
Carlos Neva,es ESP,DF,Granada,24-246,1996,18.1,14,7,7,7,0,6,14,42.9,8,125,34,27.2,69,38,18,50,5,0,45,28,42,44,0,Matches
Mamor Niang,sn SEN,"FW,MF",Getafe,19-009,2002,0.2,1,1,0,1,0,0,0,,0,7,4,57.1,0,5,2,0,0,0,0,1,2,0,0,Matches
Manuel Nieto,es ESP,"FW,MF",Cádiz,22-321,1998,0.2,1,1,0,0,1,0,0,,0,4,1,25.0,1,2,1,0,0,0,0,0,1,1,0,Matches
Saúl Ñíguez,es ESP,"MF,DF",Atlético Madrid,26-084,1994,10.7,22,18,12,8,2,11,27,40.7,16,167,58,34.7,58,72,37,18,1,0,17,9,31,18,0,Matches
Nino,es ESP,"MF,FW",Elche,40-248,1980,2.1,0,0,0,0,0,0,3,0.0,3,10,2,20.0,3,1,6,0,0,0,0,0,0,0,0,Matches
Fernando Niño,es ESP,FW,Villarreal,20-112,2000,5.2,3,1,0,3,0,0,5,0.0,5,89,27,30.3,15,34,40,5,1,0,4,0,3,2,0,Matches
Nolito,es ESP,"MF,FW",Celta Vigo,34-121,1986,17.6,35,24,16,16,3,16,43,37.2,27,251,80,31.9,67,123,61,31,1,0,30,14,49,14,0,Matches
Unai Núñez,es ESP,DF,Athletic Club,24-014,1997,10.1,13,10,9,4,0,4,6,66.7,2,66,27,40.9,45,18,3,11,4,0,7,4,17,50,0,Matches
Kelechi Nwakali,ng NGA,"MF,FW",Huesca,22-253,1998,1.6,6,6,3,2,1,0,3,0.0,3,22,8,36.4,16,5,1,1,0,0,1,0,6,1,0,Matches
Allan Nyom,cm CMR,"MF,DF",Getafe,32-279,1988,15.2,28,18,14,11,3,17,23,73.9,6,186,64,34.4,66,80,40,27,2,0,25,11,39,46,0,Matches
Jan Oblak,si SVN,GK,Atlético Madrid,28-037,1993,20.0,0,0,0,0,0,0,0,,0,0,0,,0,0,0,0,0,0,0,0,0,1,1,Matches
Lucas Ocampos,ar ARG,FW,Sevilla,26-217,1994,18.3,33,21,13,12,8,13,31,41.9,18,281,102,36.3,56,130,95,24,0,0,24,13,46,14,0,Matches
Álvaro Odriozola,es ESP,DF,Real Madrid,25-061,1995,2.5,6,2,1,5,0,1,2,50.0,1,36,6,16.7,12,14,10,3,1,0,2,2,8,2,0,Matches
Shinji Okazaki,jp JPN,"FW,MF",Huesca,34-303,1986,10.6,7,6,5,1,1,0,4,0.0,4,181,57,31.5,10,88,83,7,2,0,5,4,11,4,0,Matches
Lucas Olaza,uy URU,DF,Celta Vigo,26-207,1994,17.9,34,22,16,17,1,9,23,39.1,14,184,62,33.7,89,79,16,39,1,1,38,17,51,42,0,Matches
Lucas Olaza,uy URU,DF,Valladolid,26-207,1994,1.0,1,0,1,0,0,1,1,100.0,0,2,0,0.0,1,1,0,2,2,0,0,1,2,2,0,Matches
Paulo Oliveira,pt POR,DF,Eibar,29-036,1992,15.2,25,14,18,7,0,9,22,40.9,13,103,38,36.9,61,36,6,24,7,1,17,15,40,120,0,Matches
Mathías Olivera,uy URU,DF,Getafe,23-105,1997,15.3,33,18,16,12,5,15,27,55.6,12,215,65,30.2,81,89,45,30,3,1,27,8,41,42,1,Matches
Javier Ontiveros,es ESP,"FW,MF",Huesca,23-157,1997,9.9,26,18,8,15,3,11,31,35.5,20,179,47,26.3,54,89,36,10,0,0,10,12,38,8,0,Matches
Fabián Orellana,cl CHI,"MF,FW",Valladolid,35-017,1986,13.8,20,9,9,7,4,6,28,21.4,22,202,43,21.3,49,104,49,15,0,0,15,4,24,7,0,Matches
Mikel Oyarzabal,es ESP,"FW,MF",Real Sociedad,23-298,1997,12.9,15,11,7,5,3,6,20,30.0,14,185,64,34.6,29,92,64,20,0,0,20,8,23,3,0,Matches
Fernando Pacheco,es ESP,GK,Alavés,28-271,1992,22.0,0,0,0,0,0,0,2,0.0,2,3,0,0.0,3,0,0,0,0,0,0,0,0,0,3,Matches
Ante Palaversa,hr CRO,"MF,FW",Getafe,20-313,2000,0.1,1,1,0,1,0,0,0,,0,5,2,40.0,0,5,0,1,0,0,1,0,1,0,0,Matches
Daniel Parejo,es ESP,MF,Villarreal,31-303,1989,19.8,48,35,20,21,7,8,38,21.1,30,408,128,31.4,105,213,90,39,3,0,36,13,61,10,0,Matches
Marvin Olawale Akinlabi Park,es ESP,"DF,FW",Real Madrid,20-225,2000,1.0,4,1,1,2,1,0,0,,0,21,9,42.9,6,11,4,1,0,0,1,1,5,4,0,Matches
Thomas Partey,gh GHA,MF,Atlético Madrid,27-245,1993,2.2,10,7,6,3,1,3,5,60.0,2,50,15,30.0,18,23,9,4,1,0,3,2,12,1,0,Matches
John Patrick,es ESP,"MF,DF",Getafe,17-142,2003,0.7,1,1,0,1,0,0,0,,0,24,4,16.7,4,17,3,1,0,0,1,1,2,0,0,Matches
Gabriel Paulista,br BRA,DF,Valencia,30-079,1990,15.2,7,4,4,3,0,3,12,25.0,9,61,22,36.1,36,20,5,29,17,0,12,27,34,81,2,Matches
Alfonso Pedraza,es ESP,DF,Villarreal,24-310,1996,14.7,25,14,14,6,5,7,22,31.8,15,171,51,29.8,65,65,41,43,6,0,37,12,37,30,0,Matches
Pedri,es ESP,MF,Barcelona,18-080,2002,14.7,25,19,8,10,7,10,26,38.5,16,308,94,30.5,77,130,101,36,1,0,35,10,35,2,0,Matches
Rubén Peña,es ESP,"DF,FW",Villarreal,29-210,1991,7.7,14,10,5,9,0,6,18,33.3,12,111,24,21.6,35,50,26,17,1,0,16,7,21,10,0,Matches
Alberto Perea,es ESP,MF,Cádiz,30-056,1990,10.4,15,10,5,4,6,7,32,21.9,25,165,46,27.9,54,67,44,14,1,0,13,18,33,10,0,Matches
Iñigo Pérez,es ESP,"MF,DF",Osasuna,33-026,1988,13.2,13,10,3,8,2,5,13,38.5,8,150,41,27.3,41,86,23,17,0,0,17,8,21,7,0,Matches
Kike Pérez,es ESP,MF,Valladolid,23-365,1997,9.5,28,14,8,16,4,11,26,42.3,15,234,69,29.5,60,129,45,15,2,0,13,6,34,11,0,Matches
Lucas Pérez,es ESP,FW,Alavés,32-156,1988,11.5,5,4,4,0,1,0,5,0.0,5,151,35,23.2,16,65,70,4,1,0,3,4,9,3,0,Matches
Luis Pérez,es ESP,DF,Valladolid,26-009,1995,10.2,31,13,18,12,1,15,26,57.7,11,154,47,30.5,83,61,10,32,5,0,27,10,41,38,0,Matches
Nehuén Pérez,ar ARG,DF,Granada,20-234,2000,3.3,3,3,2,1,0,1,1,100.0,0,18,6,33.3,8,9,1,4,2,0,2,3,6,13,0,Matches
Tomás Pina Isla,es ESP,MF,Alavés,33-122,1987,15.8,25,16,7,16,2,6,25,24.0,19,252,72,28.6,78,134,40,25,5,0,20,18,43,26,0,Matches
Yeremi Pino,es ESP,"FW,MF",Villarreal,18-116,2002,4.4,7,5,1,5,1,0,13,0.0,13,96,32,33.3,17,50,29,13,0,0,13,5,12,3,0,Matches
Gerard Piqué,es ESP,DF,Barcelona,34-011,1987,7.7,13,9,9,4,0,5,7,71.4,2,51,24,47.1,23,27,1,7,0,0,7,7,20,26,0,Matches
Miralem Pjanić,ba BIH,MF,Barcelona,30-317,1990,5.7,9,5,5,3,1,2,9,22.2,7,74,20,27.0,28,32,14,6,1,0,5,6,15,2,0,Matches
Óscar Plano,es ESP,"MF,FW",Valladolid,30-002,1991,15.5,29,21,11,11,7,5,23,21.7,18,242,66,27.3,67,115,60,35,3,0,32,14,43,13,0,Matches
Dani Plomer,es ESP,FW,Granada,22-075,1998,0.5,0,0,0,0,0,0,1,0.0,1,5,1,20.0,2,2,1,2,0,0,2,0,0,0,0,Matches
Jorge Pombo,es ESP,"FW,MF",Cádiz,26-357,1994,4.6,5,4,2,2,1,0,5,0.0,5,69,20,29.0,15,42,12,4,0,0,4,0,5,4,0,Matches
Pere Pons,es ESP,MF,Alavés,27-359,1993,6.4,17,10,5,10,2,2,8,25.0,6,121,37,30.6,29,67,25,8,0,0,8,4,21,12,0,Matches
Francisco Portillo,es ESP,MF,Getafe,30-245,1990,4.0,3,3,1,2,0,2,12,16.7,10,46,8,17.4,14,23,9,6,0,0,6,3,6,2,0,Matches
Portu,es ESP,"FW,MF",Real Sociedad,28-268,1992,14.8,13,11,4,6,3,1,17,5.9,16,212,55,25.9,33,87,92,16,1,0,15,4,17,2,0,Matches
Sergio Postigo,es ESP,DF,Levante,32-101,1988,12.4,16,9,12,3,1,5,13,38.5,8,88,21,23.9,58,26,4,17,7,0,10,21,37,83,0,Matches
Alejandro Pozo Pozo,es ESP,"DF,MF",Eibar,21-357,1999,14.5,32,19,18,10,4,11,34,32.4,23,190,56,29.5,76,73,41,27,3,0,24,18,50,24,0,Matches
Antonio Puertas,es ESP,"FW,MF",Granada,28-358,1992,12.4,11,4,6,4,1,3,12,25.0,9,162,36,22.2,51,65,46,26,3,0,23,6,17,11,0,Matches
Riqui Puig,es ESP,MF,Barcelona,21-184,1999,0.9,1,1,0,1,0,1,1,100.0,0,17,1,5.9,3,10,4,0,0,0,0,0,1,0,0,Matches
Jorge Pulido,es ESP,DF,Huesca,29-311,1991,17.2,20,14,16,4,0,9,24,37.5,15,151,59,39.1,89,49,13,30,14,0,16,17,37,64,0,Matches
Quini,es ESP,DF,Granada,31-142,1989,2.2,14,8,11,3,0,4,6,66.7,2,42,12,28.6,26,13,3,8,6,0,2,4,18,13,0,Matches
Quique,es ESP,FW,Eibar,30-273,1990,1.0,0,0,0,0,0,0,0,,0,14,3,21.4,0,4,10,3,0,0,3,0,0,0,0,Matches
Uroš Račić,rs SRB,MF,Valencia,22-333,1998,12.2,20,16,10,7,3,8,28,28.6,20,164,53,32.3,56,83,25,26,6,0,20,9,29,34,0,Matches
Nemanja Radoja,rs SRB,MF,Levante,28-007,1993,9.9,13,8,8,5,0,4,15,26.7,11,126,34,27.0,44,67,15,10,3,0,7,12,25,17,1,Matches
Ivan Rakitić,hr CRO,MF,Sevilla,32-340,1988,14.7,20,17,7,11,2,5,18,27.8,13,198,67,33.8,56,95,47,24,3,0,21,10,30,21,0,Matches
Sandro Ramírez,es ESP,"FW,MF",Huesca,25-219,1995,5.4,11,6,2,7,2,3,5,60.0,2,112,31,27.7,15,58,39,5,1,0,4,5,16,1,0,Matches
Sergio Ramos,es ESP,DF,Real Madrid,34-320,1986,13.5,19,11,10,7,2,6,14,42.9,8,94,38,40.4,47,35,12,18,5,1,13,16,35,44,1,Matches
Recio,es ESP,MF,Eibar,30-033,1991,4.1,10,7,1,9,0,3,8,37.5,5,86,29,33.7,18,47,21,4,1,0,3,4,14,2,0,Matches
Karim Rekik,nl NED,DF,Sevilla,26-073,1994,1.8,2,1,1,1,0,0,1,0.0,1,27,13,48.1,12,9,6,4,0,0,4,2,4,7,0,Matches
Álex Remiro,es ESP,GK,Real Sociedad,25-326,1995,22.0,0,0,0,0,0,0,1,0.0,1,3,0,0.0,3,0,0,0,0,0,0,0,0,1,0,Matches
Oriol Rey,es ESP,MF,Valladolid,22-354,1998,0.2,0,0,0,0,0,0,0,,0,4,3,75.0,2,2,0,1,0,0,1,0,0,0,0,Matches
Mikel Rico,es ESP,MF,Huesca,36-101,1984,14.2,14,8,8,5,1,5,21,23.8,16,170,44,25.9,56,79,35,15,2,0,13,9,23,10,0,Matches
Emiliano Rigoni,ar ARG,"MF,FW",Elche,28-009,1993,9.9,9,7,5,3,1,3,13,23.1,10,90,22,24.4,31,32,27,10,1,0,9,4,13,4,0,Matches
Luis Rioja,es ESP,"MF,DF",Alavés,27-120,1993,15.1,13,9,8,4,1,5,33,15.2,28,188,43,22.9,51,89,48,17,0,0,17,15,28,23,0,Matches
Rober,es ESP,DF,Levante,25-363,1995,3.5,6,4,5,1,0,3,5,60.0,2,26,7,26.9,14,9,3,7,4,0,3,8,14,17,0,Matches
Roberto,es ESP,GK,Valladolid,35-003,1986,6.0,0,0,0,0,0,0,1,0.0,1,0,0,,0,0,0,0,0,0,0,0,0,0,0,Matches
Sergi Roberto,es ESP,DF,Barcelona,29-006,1992,7.2,11,6,5,3,3,6,10,60.0,4,50,16,32.0,18,20,12,17,6,0,11,4,15,11,0,Matches
Joel Robles,es ESP,GK,Betis,30-241,1990,13.0,0,0,0,0,0,0,0,,0,3,0,0.0,3,0,0,0,0,0,0,0,0,1,0,Matches
Rubén Rochina,es ESP,MF,Levante,29-327,1991,8.8,24,17,9,11,4,5,21,23.8,16,171,57,33.3,47,81,43,15,0,0,15,8,32,7,0,Matches
Rodrigo,es ESP,"FW,MF",Betis,20-273,2000,4.1,3,1,1,2,0,1,3,33.3,2,41,9,22.0,8,20,13,4,0,0,4,1,4,2,0,Matches
Kévin Rodrigues,pt POR,"DF,MF",Eibar,26-345,1994,8.5,16,9,9,6,1,7,18,38.9,11,128,36,28.1,37,58,33,19,0,0,19,13,29,18,0,Matches
Óscar Rodríguez Arnaiz,es ESP,"MF,FW",Sevilla,22-230,1998,2.9,10,8,2,6,2,3,9,33.3,6,39,20,51.3,5,25,9,4,0,0,4,3,13,0,0,Matches
Ángel Rodríguez,es ESP,FW,Getafe,33-293,1987,10.9,2,2,0,1,1,1,10,10.0,9,152,28,18.4,7,80,65,5,2,0,3,1,3,5,0,Matches
Guido Rodríguez,ar ARG,MF,Betis,26-307,1994,16.4,50,35,23,23,4,12,35,34.3,23,336,113,33.6,103,204,29,35,4,0,31,20,70,24,1,Matches
Miguel Rodríguez,es ESP,"FW,MF",Celta Vigo,17-290,2003,0.3,3,2,0,3,0,0,0,,0,8,3,37.5,0,6,2,1,0,0,1,0,3,0,0,Matches
Víctor Rodríguez,es ESP,MF,Elche,31-205,1989,3.4,4,4,2,2,0,1,7,14.3,6,62,17,27.4,23,30,9,7,1,0,6,8,12,7,0,Matches
Rodrygo,br BRA,FW,Real Madrid,20-035,2001,4.7,4,2,2,1,1,0,7,0.0,7,88,19,21.6,23,36,29,6,0,0,6,4,8,1,0,Matches
Facundo Roncaglia,ar ARG,DF,Osasuna,34-003,1987,12.5,21,15,12,8,1,7,13,53.8,6,136,45,33.1,75,48,13,16,5,0,11,12,33,34,0,Matches
Rubén,es ESP,"GK,MF",Osasuna,36-236,1984,2.1,0,0,0,0,0,0,0,,0,3,0,0.0,3,0,0,0,0,0,0,0,0,0,0,Matches
Waldo Rubio,es ESP,FW,Valladolid,25-180,1995,4.0,6,5,4,0,2,2,11,18.2,9,97,23,23.7,37,38,22,7,0,0,7,1,7,4,0,Matches
Aitor Ruibal,es ESP,"FW,MF",Betis,24-328,1996,8.9,16,12,7,3,6,5,17,29.4,12,123,34,27.6,29,51,43,11,0,0,11,11,27,6,0,Matches
Ismael Ruiz,es ESP,MF,Granada,19-365,2001,0.7,2,2,1,1,0,0,0,,0,12,2,16.7,5,5,2,1,0,0,1,0,2,2,0,Matches
Víctor Ruiz,es ESP,DF,Betis,32-019,1989,12.1,9,6,9,0,0,2,5,40.0,3,75,26,34.7,39,30,6,15,8,0,7,26,35,63,0,Matches
Modibo Sagnan,ml MLI,DF,Real Sociedad,21-305,1999,5.5,10,3,6,3,1,3,7,42.9,4,54,22,40.7,24,28,2,8,2,0,6,5,15,25,0,Matches
Borja Sainz,es ESP,"MF,FW",Alavés,20-012,2001,4.0,5,4,1,1,3,2,12,16.7,10,114,32,28.1,28,52,34,10,1,0,9,5,10,0,0,Matches
Salvi,es ESP,"MF,FW",Cádiz,29-320,1991,13.2,13,9,9,4,0,4,12,33.3,8,192,53,27.6,53,89,50,13,1,0,12,10,23,14,0,Matches
Fede San Emeterio,es ESP,MF,Valladolid,23-334,1997,12.7,24,14,14,10,0,4,19,21.1,15,224,63,28.1,81,127,16,27,8,0,19,11,35,27,0,Matches
Antonio Sanabria,py PAR,FW,Betis,24-346,1996,10.4,7,6,0,5,2,1,4,25.0,3,137,30,21.9,2,57,78,6,0,0,6,2,9,8,1,Matches
Oihan Sancet,es ESP,"MF,FW",Athletic Club,20-294,2000,3.7,5,5,3,1,1,3,7,42.9,4,65,16,24.6,12,32,21,1,0,0,1,0,5,0,0,Matches
Juan Sánchez Miño,ar ARG,"DF,MF",Elche,31-043,1990,5.5,11,5,7,4,0,7,13,53.8,6,63,12,19.0,27,34,2,13,1,0,12,4,15,10,0,Matches
Germán Sánchez,es ESP,DF,Granada,34-105,1986,15.3,12,5,7,5,0,5,13,38.5,8,78,27,34.6,45,30,3,26,18,0,8,13,25,121,2,Matches
Javi Sánchez,es ESP,DF,Valladolid,23-336,1997,6.4,13,7,8,4,1,6,6,100.0,0,41,7,17.1,27,12,2,15,8,0,7,7,20,33,0,Matches
José Sánchez,es ESP,DF,Granada,20-348,2000,1.8,4,4,2,2,0,1,1,100.0,0,16,7,43.8,8,5,3,4,2,0,2,1,5,8,1,Matches
Manuel Sánchez,es ESP,DF,Atlético Madrid,20-173,2000,0.5,0,0,0,0,0,0,1,0.0,1,5,0,0.0,3,2,0,5,2,0,3,0,0,0,0,Matches
Manuel Sánchez,es ESP,"DF,MF",Osasuna,20-173,2000,2.0,8,3,5,2,1,5,6,83.3,1,33,8,24.2,19,8,6,2,0,0,2,1,9,6,0,Matches
Oier Sanjurjo,es ESP,MF,Osasuna,34-264,1986,17.2,34,21,6,22,6,8,43,18.6,35,323,98,30.3,59,215,49,25,5,0,20,16,50,41,1,Matches
Ivan Šaponjić,rs SRB,FW,Cádiz,23-195,1997,0.6,0,0,0,0,0,0,0,,0,11,2,18.2,2,4,5,0,0,0,0,1,1,0,0,Matches
Stefan Savić,me MNE,DF,Atlético Madrid,30-036,1991,18.0,22,11,13,9,0,6,14,42.9,8,105,49,46.7,62,42,1,23,11,0,12,16,38,84,0,Matches
Jaime Seoane,es ESP,MF,Huesca,24-022,1997,10.3,33,22,16,15,2,14,35,40.0,21,261,75,28.7,98,129,34,21,6,0,15,9,42,10,0,Matches
Edgar Sevikyan,ru RUS,MF,Levante,19-189,2001,0.1,0,0,0,0,0,0,0,,0,1,0,0.0,1,0,0,0,0,0,0,0,0,0,0,Matches
Sidnei,br BRA,DF,Betis,31-174,1989,5.6,10,3,6,4,0,2,8,25.0,6,44,12,27.3,27,16,1,8,3,0,5,7,17,26,0,Matches
David Silva,es ESP,MF,Real Sociedad,35-036,1986,8.8,10,7,1,7,2,1,9,11.1,8,127,41,32.3,16,71,40,9,0,0,9,6,16,4,0,Matches
Gastón Silva,uy URU,DF,Huesca,26-345,1994,4.4,19,12,14,5,0,7,13,53.8,6,69,22,31.9,40,24,5,12,5,0,7,4,23,12,0,Matches
Rui Silva,pt POR,GK,Granada,27-006,1994,21.0,0,0,0,0,0,0,2,0.0,2,2,0,0.0,2,0,0,0,0,0,0,0,0,0,0,Matches
Unai Simón,es ESP,GK,Athletic Club,23-247,1997,21.0,0,0,0,0,0,0,1,0.0,1,4,1,25.0,3,1,0,0,0,0,0,0,0,2,2,Matches
Dimitris Siovas,gr GRE,DF,Huesca,32-150,1988,21.0,26,18,22,4,0,10,19,52.6,9,139,55,39.6,75,55,9,40,14,0,26,23,49,112,0,Matches
Rafa Soares,pt POR,DF,Eibar,25-280,1995,6.9,21,13,10,8,3,9,16,56.3,7,80,25,31.3,32,30,18,19,2,0,17,8,29,16,0,Matches
Rubén Sobrino,es ESP,"MF,FW",Valencia,28-257,1992,0.5,4,3,2,1,1,1,1,100.0,0,15,5,33.3,3,8,4,1,0,0,1,1,5,0,0,Matches
Rubén Sobrino,es ESP,"FW,MF",Cádiz,28-257,1992,0.5,0,0,0,0,0,0,1,0.0,1,4,0,0.0,1,3,0,0,0,0,0,0,0,1,0,Matches
Augusto Solari,ar ARG,MF,Celta Vigo,29-041,1992,0.9,1,1,1,0,0,0,5,0.0,5,18,4,22.2,6,7,5,3,0,0,3,2,3,1,0,Matches
Roberto Soldado,es ESP,FW,Granada,35-262,1985,10.6,6,6,1,3,2,2,9,22.2,7,134,39,29.1,9,54,71,5,0,0,5,4,10,8,1,Matches
Carlos Soler,es ESP,MF,Valencia,24-042,1997,17.1,19,8,6,10,3,13,33,39.4,20,202,55,27.2,65,100,37,35,9,0,26,8,27,30,0,Matches
Son,es ESP,"DF,MF",Levante,26-320,1994,6.4,9,5,2,6,1,4,9,44.4,5,59,18,30.5,20,24,15,12,1,0,11,10,19,13,0,Matches
David Soria,es ESP,GK,Getafe,27-315,1993,13.0,0,0,0,0,0,0,0,,0,0,0,,0,0,0,0,0,0,0,0,0,0,0,Matches
Alberto Soro,es ESP,"FW,MF",Granada,21-341,1999,2.0,3,3,0,3,0,0,2,0.0,2,44,12,27.3,13,21,10,3,0,0,3,2,5,0,0,Matches
Damián Suárez,uy URU,DF,Getafe,32-292,1988,17.7,34,21,18,13,3,14,43,32.6,29,303,81,26.7,118,136,49,41,2,0,39,21,55,48,0,Matches
Denis Suárez,es ESP,MF,Celta Vigo,27-038,1994,17.8,33,22,12,15,6,12,48,25.0,36,319,87,27.3,102,173,44,11,0,0,11,11,44,9,0,Matches
Luis Suárez,uy URU,FW,Atlético Madrid,34-020,1987,14.1,6,2,0,2,4,1,7,14.3,6,88,21,23.9,3,39,46,7,0,0,7,3,9,8,0,Matches
Suso,es ESP,FW,Sevilla,27-086,1993,12.4,9,6,3,4,2,4,14,28.6,10,96,39,40.6,20,43,33,4,0,0,4,6,15,2,0,Matches
Tachi,es ESP,DF,Alavés,23-156,1997,4.2,8,6,6,2,0,2,8,25.0,6,25,8,32.0,15,9,1,5,1,0,4,2,10,22,0,Matches
Renato Tapia,pe PER,MF,Celta Vigo,25-200,1995,20.7,63,42,31,27,5,20,64,31.3,44,399,114,28.6,154,205,40,44,10,0,34,24,87,59,1,Matches
Tomás Tavares,pt POR,"MF,DF",Alavés,19-343,2001,0.7,1,1,1,0,0,1,2,50.0,1,11,1,9.1,9,0,2,0,0,0,0,1,2,2,0,Matches
Álvaro Tejero,es ESP,DF,Eibar,24-208,1996,1.2,5,3,0,3,2,2,3,66.7,1,15,5,33.3,4,9,2,2,0,0,2,0,5,6,0,Matches
Cristian Tello,es ESP,"FW,MF",Betis,29-186,1991,8.8,8,6,2,6,0,3,20,15.0,17,113,32,28.3,15,60,38,15,0,0,15,6,14,3,0,Matches
Marc-André ter Stegen,de GER,GK,Barcelona,28-289,1992,15.0,0,0,0,0,0,0,1,0.0,1,1,0,0.0,1,0,0,0,0,0,0,0,0,1,0,Matches
David Timor,es ESP,"MF,DF",Getafe,31-119,1989,8.5,9,5,1,6,2,5,11,45.5,6,79,24,30.4,21,43,15,5,2,0,3,7,16,20,0,Matches
Toño,es ESP,DF,Levante,31-098,1989,2.7,1,1,1,0,0,1,2,50.0,1,26,6,23.1,15,8,3,0,0,0,0,1,2,4,0,Matches
Lucas Torreira,uy URU,"MF,FW",Atlético Madrid,25-002,1996,3.9,3,3,1,1,1,0,3,0.0,3,35,9,25.7,10,19,6,7,3,0,4,3,6,6,0,Matches
Óliver Torres,es ESP,"MF,FW",Sevilla,26-095,1994,9.5,17,13,5,8,4,7,23,30.4,16,172,62,36.0,28,101,43,17,2,0,15,10,27,3,0,Matches
Pau Torres,es ESP,DF,Villarreal,24-028,1997,22.0,13,8,5,8,0,5,9,55.6,4,97,40,41.2,59,33,5,33,15,1,18,16,29,93,2,Matches
Roberto Torres,es ESP,MF,Osasuna,31-343,1989,12.7,10,5,4,4,2,4,19,21.1,15,125,32,25.6,30,60,35,12,0,0,12,8,18,16,0,Matches
Lucas Torró,es ESP,MF,Osasuna,26-209,1994,5.5,11,7,0,10,1,4,12,33.3,8,75,28,37.3,22,37,16,10,6,0,4,5,16,22,0,Matches
Manu Trigueros,es ESP,MF,Villarreal,29-119,1991,17.4,40,22,17,18,5,13,46,28.3,33,350,79,22.6,110,172,68,21,2,0,19,4,44,11,0,Matches
Francisco Trincão,pt POR,"FW,MF",Barcelona,21-046,1999,4.0,3,1,0,1,2,1,3,33.3,2,54,15,27.8,10,20,24,1,0,0,1,1,4,1,0,Matches
Kieran Trippier,eng ENG,DF,Atlético Madrid,30-147,1990,14.0,36,21,16,13,7,15,33,45.5,18,177,56,31.6,78,67,32,30,3,0,27,17,53,35,1,Matches
Samuel Umtiti,fr FRA,DF,Barcelona,27-091,1993,3.4,5,3,3,2,0,2,2,100.0,0,26,9,34.6,12,13,1,8,4,0,4,8,13,9,0,Matches
Enes Ünal,tr TUR,FW,Getafe,23-279,1997,5.0,4,3,1,2,1,0,1,0.0,1,92,25,27.2,13,45,34,4,0,0,4,1,5,3,0,Matches
Tomáš Vaclík,cz CZE,GK,Sevilla,31-321,1989,3.0,0,0,0,0,0,0,1,0.0,1,0,0,,0,0,0,0,0,0,0,0,0,0,0,Matches
Eugeni Valderrama,es ESP,"FW,MF",Huesca,26-209,1994,1.3,2,1,1,0,1,0,3,0.0,3,18,6,33.3,6,7,5,2,0,0,2,3,5,3,1,Matches
Jesús Vallejo,es ESP,DF,Granada,24-039,1997,11.2,12,4,9,3,0,5,16,31.3,11,105,28,26.7,58,44,3,26,9,1,17,4,16,65,0,Matches
Manu Vallejo,es ESP,FW,Valencia,23-365,1997,8.0,15,7,4,7,4,3,14,21.4,11,191,42,22.0,30,96,65,7,1,0,6,4,19,2,0,Matches
Federico Valverde,uy URU,MF,Real Madrid,22-206,1998,8.2,14,8,5,4,5,3,15,20.0,12,123,30,24.4,25,61,37,10,2,0,8,9,23,4,0,Matches
Raphaël Varane,fr FRA,DF,Real Madrid,27-294,1993,21.0,18,7,12,5,1,9,16,56.3,7,118,34,28.8,67,45,6,28,15,0,13,25,43,91,0,Matches
Franco Vázquez,ar ARG,"FW,MF",Sevilla,31-357,1989,0.8,3,2,0,2,1,1,4,25.0,3,16,7,43.8,6,8,2,3,1,0,2,0,3,2,0,Matches
Lucas Vázquez,es ESP,"FW,DF",Real Madrid,29-227,1991,13.4,45,32,21,17,7,10,27,37.0,17,267,89,33.3,88,113,66,26,2,0,24,11,56,10,0,Matches
Koke Vegas,es ESP,GK,Levante,25-139,1995,1.0,0,0,0,0,0,0,0,,0,0,0,,0,0,0,0,0,0,0,0,0,0,0,Matches
Gabriel Veiga,es ESP,"MF,DF",Celta Vigo,18-262,2002,1.3,3,1,1,2,0,1,4,25.0,3,35,11,31.4,10,20,5,3,0,0,3,0,3,0,0,Matches
Unai Vencedor Paris,es ESP,MF,Athletic Club,20-090,2000,9.7,20,15,9,9,2,6,20,30.0,14,161,44,27.3,55,88,18,19,1,0,18,8,28,9,0,Matches
Gonzalo Verdú,es ESP,DF,Elche,32-115,1988,20.0,27,18,23,4,0,9,21,42.9,12,152,64,42.1,113,33,6,36,21,1,15,23,50,85,1,Matches
Mikel Vesga,es ESP,MF,Athletic Club,27-268,1993,10.2,21,15,6,11,4,6,20,30.0,14,213,49,23.0,66,116,31,17,3,0,14,17,38,24,0,Matches
Rúben Vezo,pt POR,DF,Levante,26-294,1994,14.4,24,14,16,6,2,4,8,50.0,4,101,30,29.7,59,31,11,25,6,1,19,12,36,70,1,Matches
Iñigo Vicente,es ESP,FW,Athletic Club,23-038,1998,0.4,1,1,1,0,0,1,1,100.0,0,5,3,60.0,4,0,1,0,0,0,0,0,1,0,0,Matches
Fede Vico,es ESP,"MF,FW",Granada,26-224,1994,2.1,8,6,5,3,0,1,2,50.0,1,44,11,25.0,13,20,11,5,2,0,3,3,11,0,0,Matches
Aleix Vidal,es ESP,DF,Sevilla,31-176,1989,4.4,11,9,4,6,1,4,7,57.1,3,58,23,39.7,21,31,6,9,1,0,8,7,18,13,0,Matches
Nacho Vidal,es ESP,"DF,MF",Osasuna,26-020,1995,13.2,36,16,19,14,3,11,19,57.9,8,160,43,26.9,80,48,32,38,8,0,30,16,52,61,0,Matches
Toni Villa,es ESP,"MF,FW",Valladolid,26-037,1995,8.1,21,15,6,10,5,7,25,28.0,18,187,64,34.2,37,92,58,8,0,0,8,4,25,2,0,Matches
Asier Villalibre,es ESP,FW,Athletic Club,23-136,1997,7.9,3,3,0,3,0,0,1,0.0,1,82,27,32.9,2,34,46,1,1,0,0,2,5,4,0,Matches
Iván Villar,es ESP,GK,Celta Vigo,23-219,1997,7.0,0,0,0,0,0,0,0,,0,0,0,,0,0,0,0,0,0,0,0,0,0,0,Matches
Vitolo,es ESP,"MF,DF",Atlético Madrid,31-103,1989,2.5,3,3,1,0,2,1,7,14.3,6,34,8,23.5,6,14,14,4,0,0,4,0,3,1,0,Matches
Šime Vrsaljko,hr CRO,DF,Atlético Madrid,29-034,1992,3.6,14,12,9,5,0,5,7,71.4,2,46,16,34.8,25,17,4,8,0,0,8,6,20,10,0,Matches
Nikola Vukčević,me MNE,MF,Levante,29-062,1991,5.8,11,5,3,7,1,2,10,20.0,8,78,20,25.6,24,48,6,7,4,0,3,4,15,20,0,Matches
Daniel Wass,dk DEN,"DF,MF",Valencia,31-258,1989,20.1,37,25,14,21,2,10,36,27.8,26,191,50,26.2,77,89,25,45,11,1,34,16,53,59,0,Matches
Shon Weissman,il ISR,FW,Valladolid,24-365,1996,12.4,3,3,1,1,1,1,13,7.7,12,192,50,26.0,15,69,108,15,2,0,13,1,4,2,0,Matches
Iñaki Williams,es ESP,"FW,MF",Athletic Club,26-243,1994,18.0,12,6,0,6,6,1,11,9.1,10,193,58,30.1,11,64,118,12,0,0,12,3,15,13,0,Matches
Jawad El Yamiq,ma MAR,DF,Valladolid,28-350,1992,6.3,11,7,9,2,0,1,1,100.0,0,40,14,35.0,28,12,0,10,6,1,4,13,24,71,0,Matches
Rubén Yáñez,es ESP,GK,Getafe,27-124,1993,9.0,0,0,0,0,0,0,0,,0,0,0,,0,0,0,0,0,0,0,0,0,0,0,Matches
Yoel,es ESP,GK,Eibar,32-169,1988,0.3,0,0,0,0,0,0,0,,0,0,0,,0,0,0,0,0,0,0,0,0,0,0,Matches
Okay Yokuşlu,tr TUR,MF,Celta Vigo,26-341,1994,5.1,13,10,5,6,2,2,8,25.0,6,74,25,33.8,25,42,7,8,3,0,5,10,23,13,0,Matches
Joseba Zaldúa,es ESP,DF,Real Sociedad,28-234,1992,4.5,8,5,4,4,0,2,12,16.7,10,56,12,21.4,15,31,10,3,0,0,3,3,11,18,0,Matches
Oier Zarraga,es ESP,MF,Athletic Club,22-040,1999,1.0,0,0,0,0,0,0,1,0.0,1,16,2,12.5,4,7,5,1,0,0,1,0,0,0,0,Matches
Igor Zubeldia,es ESP,DF,Real Sociedad,23-320,1997,12.6,18,11,9,9,0,5,9,55.6,4,97,27,27.8,52,38,7,21,9,0,12,9,27,50,0,Matches
Martín Zubimendi,es ESP,MF,Real Sociedad,22-011,1999,10.5,17,12,10,5,2,3,13,23.1,10,149,48,32.2,45,89,15,14,2,0,12,8,25,30,0,Matches
Martin Ødegaard,no NOR,"MF,FW",Real Madrid,22-058,1998,2.6,1,0,0,1,0,1,2,50.0,1,32,5,15.6,4,21,7,1,0,0,1,1,2,0,0,Matches
