player,nationality,position,squad,age,birth_year,minutes_90s,passes,passes_live,passes_dead,passes_free_kicks,through_balls,passes_pressure,passes_switches,crosses,corner_kicks,corner_kicks_in,corner_kicks_out,corner_kicks_straight,passes_ground,passes_low,passes_high,passes_left_foot,passes_right_foot,passes_head,throw_ins,passes_other_body,passes_completed,passes_offsides,passes_oob,passes_intercepted,passes_blocked,matches
Gennaro Acampora,it ITA,"MF,FW",Spezia,26-321,1994,3.2,129,127,2,1,0,21,5,6,1,0,0,0,108,5,16,113,13,2,0,1,105,2,6,2,3,Matches
Francesco Acerbi,it ITA,DF,Lazio,33-003,1988,17.3,1053,996,57,30,0,110,40,13,0,0,0,0,747,110,196,794,179,45,11,3,921,2,19,9,10,Matches
Andrea Adorante,it ITA,FW,Parma,21-008,2000,0.1,0,0,0,0,0,0,0,0,0,0,0,0,0,0,0,0,0,0,0,0,0,0,0,0,0,Matches
Lucien Agoume,fr FRA,MF,Spezia,19-004,2002,7.8,418,406,12,11,1,59,19,0,0,0,0,0,309,38,71,68,322,18,1,2,371,3,5,8,1,Matches
Kevin Agudelo,co COL,FW,Spezia,22-091,1998,8.4,195,190,5,0,0,60,6,3,2,0,0,0,133,35,27,160,19,2,1,1,140,1,6,4,14,Matches
Jean-Daniel Akpa-Akpro,ci CIV,MF,Lazio,28-125,1992,7.4,230,226,4,2,2,33,4,1,0,0,0,0,171,34,25,42,176,7,0,2,185,1,7,6,11,Matches
Luis Alberto,es ESP,MF,Lazio,28-138,1992,15.6,978,830,148,41,8,163,40,16,72,38,17,9,694,107,177,45,903,9,13,5,746,6,14,21,23,Matches
Bruno Alves,pt POR,DF,Parma,39-078,1981,15.0,800,770,30,24,0,46,51,6,0,0,0,0,558,79,163,120,614,36,3,2,693,3,12,3,2,Matches
Sofyan Amrabat,ma MAR,MF,Fiorentina,24-176,1996,19.6,1151,1100,51,34,0,132,59,5,0,0,0,0,904,92,155,75,1030,30,3,4,1033,3,12,16,23,Matches
Djavan Anderson,nl NED,DF,Lazio,25-298,1995,0.8,33,26,7,0,0,5,0,1,0,0,0,0,20,10,3,2,22,1,7,0,24,0,0,2,1,Matches
Nícolas Andrade,br BRA,GK,Udinese,32-307,1988,2.0,40,28,12,3,0,3,0,0,0,0,0,0,25,1,14,9,25,0,0,5,33,0,0,0,0,Matches
Philip Ankhrah,gh GHA,MF,Hellas Verona,18-139,2002,0.1,0,0,0,0,0,0,0,0,0,0,0,0,0,0,0,0,0,0,0,0,0,0,0,0,0,Matches
Cristian Ansaldi,ar ARG,DF,Torino,34-146,1986,6.9,335,262,73,14,0,38,22,39,9,2,5,1,160,59,116,122,159,2,50,2,232,1,12,8,8,Matches
Tolgay Arslan,de GER,MF,Udinese,30-181,1990,11.6,538,517,21,19,0,63,16,0,1,1,0,0,407,61,70,53,454,20,1,1,451,3,5,12,9,Matches
Kristoffer Askildsen,no NOR,MF,Sampdoria,20-035,2001,0.5,6,6,0,0,0,1,0,0,0,0,0,0,4,1,1,3,2,1,0,0,2,0,1,0,1,Matches
Emil Audero,it ITA,GK,Sampdoria,24-026,1997,21.0,677,457,220,64,2,64,9,0,0,0,0,0,287,40,350,57,483,0,0,107,464,2,10,1,1,Matches
Tommaso Augello,it ITA,DF,Sampdoria,26-167,1994,19.3,1116,915,201,20,0,115,17,68,0,0,0,0,607,245,264,841,54,30,181,2,845,1,13,22,51,Matches
Kaan Ayhan,tr TUR,DF,Sassuolo,26-095,1994,7.7,457,428,29,4,0,25,6,3,0,0,0,0,382,46,29,43,373,10,25,1,425,1,6,3,6,Matches
Milan Badelj,hr CRO,MF,Genoa,31-354,1989,14.4,781,739,42,33,1,91,36,5,1,1,0,0,509,115,157,139,600,35,0,1,617,4,17,21,14,Matches
Tiemoué Bakayoko,fr FRA,MF,Napoli,26-180,1994,12.9,766,747,19,19,0,120,11,0,0,0,0,0,622,85,59,140,581,20,0,3,698,0,6,8,12,Matches
Keita Baldé,sn SEN,FW,Sampdoria,25-342,1995,5.5,147,141,6,0,1,41,2,5,2,2,0,0,110,23,14,31,106,3,0,4,105,0,3,8,7,Matches
Botond Balogh,hu HUN,DF,Parma,18-252,2002,1.6,70,65,5,2,0,10,3,0,0,0,0,0,43,6,21,7,55,5,3,0,51,0,1,1,4,Matches
Mattia Bani,it ITA,DF,Genoa,27-065,1993,10.2,518,497,21,18,0,46,15,0,0,0,0,0,352,50,116,43,415,29,3,3,438,1,7,3,7,Matches
Mattia Bani,it ITA,DF,Parma,27-065,1993,0.5,34,30,4,3,0,2,1,1,0,0,0,0,20,5,9,0,28,4,1,0,25,0,2,1,0,Matches
Antonín Barák,cz CZE,"MF,FW",Hellas Verona,26-072,1994,16.2,647,626,21,12,1,127,14,11,1,0,0,1,436,108,103,494,82,41,7,5,509,5,9,6,31,Matches
Federico Barba,it ITA,DF,Benevento,27-165,1993,15.2,797,637,160,38,0,77,18,13,0,0,0,0,476,135,186,544,90,39,115,2,627,2,21,14,24,Matches
Nicolò Barella,it ITA,MF,Inter,24-006,1997,18.0,1086,1063,23,12,2,186,22,27,2,2,0,0,792,143,151,143,891,21,9,2,888,1,14,22,36,Matches
Antonio Barreca,it ITA,DF,Fiorentina,25-332,1995,0.9,48,33,15,1,0,2,0,4,3,0,2,1,20,11,17,35,0,1,11,0,31,0,0,0,4,Matches
Musa Barrow,gm GAM,"FW,MF",Bologna,22-091,1998,19.1,728,642,86,24,1,101,55,47,43,31,8,2,437,108,183,81,584,33,12,4,517,5,13,25,24,Matches
Paolo Bartolomei,it ITA,MF,Spezia,31-176,1989,3.6,127,121,6,1,0,14,8,9,4,0,4,0,83,20,24,10,111,4,1,0,92,0,3,0,5,Matches
Daniele Baselli,it ITA,MF,Torino,28-338,1992,0.8,43,43,0,0,0,7,0,1,0,0,0,0,28,10,5,3,33,5,0,0,33,0,1,1,2,Matches
Alessandro Bastoni,it ITA,DF,Inter,21-306,1999,17.6,1317,1256,61,33,1,115,29,7,0,0,0,0,1016,121,180,1108,139,33,14,5,1181,4,9,20,15,Matches
Simone Bastoni,it ITA,DF,Spezia,24-100,1996,9.8,626,518,108,14,2,56,11,22,11,0,10,1,371,127,128,435,92,8,83,1,494,3,15,4,29,Matches
Bastos,ao ANG,DF,Lazio,29-323,1991,0.7,42,40,2,2,0,3,0,0,0,0,0,0,35,5,2,17,24,1,0,0,39,0,1,0,0,Matches
Rodrigo Becão,br BRA,DF,Udinese,25-025,1996,18.5,795,759,36,32,0,83,16,2,0,0,0,0,632,67,96,70,663,30,4,3,696,2,9,8,9,Matches
Valon Behrami,ch SUI,MF,Genoa,35-300,1985,5.3,127,123,4,3,1,23,0,1,0,0,0,0,82,23,22,11,95,13,1,1,94,1,1,4,0,Matches
Andrea Belotti,it ITA,FW,Torino,27-055,1993,19.8,442,404,38,2,10,109,20,13,1,1,0,0,296,84,62,85,308,16,2,6,314,2,4,13,25,Matches
Ahmad Benali,ly LBY,MF,Crotone,29-006,1992,6.5,444,416,28,20,0,59,13,7,4,3,1,0,352,49,43,91,333,11,4,1,383,0,3,8,12,Matches
Ismaël Bennacer,dz ALG,MF,Milan,23-074,1997,7.4,494,472,22,15,1,61,16,3,7,2,3,0,382,30,82,419,47,16,0,2,429,3,2,9,10,Matches
Rodrigo Bentancur,uy URU,MF,Juventus,23-253,1997,13.6,1026,982,44,30,5,105,33,5,10,3,5,0,823,92,111,203,776,33,3,1,924,3,9,13,11,Matches
Domenico Berardi,it ITA,"FW,MF",Sassuolo,26-196,1994,14.4,692,642,50,20,2,106,31,29,25,10,12,3,478,68,146,590,77,15,5,1,522,2,19,10,36,Matches
Álex Berenguer,es ESP,MF,Torino,25-224,1995,1.5,47,44,3,1,0,11,3,2,2,0,2,0,25,10,12,4,39,3,0,1,32,1,2,5,1,Matches
Bartosz Bereszyński,pl POL,DF,Sampdoria,28-216,1992,14.5,714,569,145,23,0,81,10,14,0,0,0,0,418,155,141,44,504,32,122,0,569,2,14,10,29,Matches
Federico Bernardeschi,it ITA,"MF,DF",Juventus,26-363,1994,4.8,224,195,29,7,0,20,5,15,13,1,9,2,149,32,43,195,9,8,9,1,169,1,5,6,8,Matches
Daniel Bessa,it ITA,MF,Hellas Verona,28-030,1993,0.7,33,31,2,0,0,4,1,2,2,0,2,0,24,4,5,5,27,0,0,1,28,0,0,0,0,Matches
Cristiano Biraghi,it ITA,DF,Fiorentina,28-165,1992,18.9,1171,883,288,56,3,74,53,110,61,10,40,7,589,231,351,830,136,30,171,1,814,6,20,16,51,Matches
Davide Biraschi,it ITA,DF,Genoa,26-226,1994,4.5,280,239,41,7,0,29,4,4,0,0,0,0,176,38,66,7,228,9,34,0,214,3,6,1,11,Matches
Jeremie Boga,ci CIV,"FW,MF",Sassuolo,24-041,1997,10.8,387,381,6,2,0,83,2,10,0,0,0,0,321,45,21,31,339,6,4,4,339,1,2,8,13,Matches
Giacomo Bonaventura,it ITA,MF,Fiorentina,31-175,1989,13.8,572,541,31,14,1,93,22,15,14,1,11,1,416,64,92,116,427,13,2,7,470,2,5,9,13,Matches
Federico Bonazzoli,it ITA,FW,Torino,23-268,1997,3.5,67,59,8,0,0,14,2,1,0,0,0,0,52,7,8,47,15,5,0,0,58,0,1,1,1,Matches
Federico Bonazzoli,it ITA,FW,Sampdoria,23-268,1997,1.5,28,26,2,0,0,7,1,0,0,0,0,0,20,5,3,23,5,0,0,0,20,0,3,2,0,Matches
Kevin Bonifazi,it ITA,DF,Udinese,24-270,1996,11.6,555,527,28,26,0,48,4,1,0,0,0,0,436,43,76,182,343,16,2,4,499,0,7,4,3,Matches
Leonardo Bonucci,it ITA,DF,Juventus,33-288,1987,17.2,1169,1126,43,41,1,65,37,2,0,0,0,0,864,113,192,201,921,29,0,6,1053,4,8,11,9,Matches
Mehdi Bourabia,ma MAR,MF,Sassuolo,29-190,1991,5.2,331,318,13,9,0,38,5,2,2,0,2,0,258,27,46,50,258,13,1,1,281,1,1,3,7,Matches
Gleison Bremer,br BRA,DF,Torino,23-332,1997,17.0,938,903,35,33,0,93,28,0,0,0,0,0,728,67,143,171,724,28,2,2,813,2,11,6,18,Matches
Marcelo Brozović,hr CRO,MF,Inter,28-089,1992,14.9,1218,1132,86,42,2,124,63,18,43,10,17,3,874,168,176,168,997,34,1,4,1058,2,7,18,21,Matches
Gastón Brugman,uy URU,MF,Parma,28-159,1992,8.6,504,446,58,31,1,60,26,11,22,6,3,2,322,78,104,62,420,16,0,1,412,1,9,10,10,Matches
Juan Brunetta,ar ARG,"FW,MF",Parma,23-277,1997,2.3,84,71,13,2,0,8,10,7,9,0,6,3,58,4,22,9,69,4,1,0,65,0,2,4,2,Matches
Gianluigi Buffon,it ITA,GK,Juventus,43-016,1978,4.0,136,100,36,3,0,15,0,0,0,0,0,0,103,8,25,11,106,0,0,19,120,0,2,0,0,Matches
Alessandro Buongiorno,it ITA,DF,Torino,21-252,1999,3.8,211,197,14,11,0,10,5,0,0,0,0,0,166,21,24,167,33,5,3,0,185,0,7,3,2,Matches
Maxime Busi,be BEL,DF,Parma,21-122,1999,6.2,384,329,55,4,0,18,5,6,0,0,0,0,239,67,78,42,283,5,51,1,321,2,3,11,6,Matches
Martín Cáceres,uy URU,DF,Fiorentina,33-312,1987,13.1,658,585,73,26,0,40,26,18,1,0,0,0,428,92,138,148,425,27,46,5,537,1,11,7,19,Matches
Felipe Caicedo,ec ECU,FW,Lazio,32-161,1988,8.3,201,196,5,1,0,60,2,0,0,0,0,0,122,47,32,130,34,7,2,11,144,0,4,3,6,Matches
Arturo Calabresi,it ITA,"DF,FW",Bologna,24-333,1996,0.2,6,4,2,0,0,0,0,0,0,0,0,0,1,0,5,1,3,0,2,0,4,0,0,0,0,Matches
Davide Calabria,it ITA,DF,Milan,24-069,1996,20.5,1216,1043,173,26,3,78,20,37,1,0,1,0,730,200,286,92,917,51,146,1,952,11,19,24,27,Matches
Riccardo Calafiori,it ITA,DF,Roma,18-270,2002,0.2,9,6,3,1,0,1,0,0,0,0,0,0,7,2,0,7,0,0,2,0,8,0,0,1,0,Matches
Mattia Caldara,it ITA,DF,Atalanta,26-284,1994,0.8,37,35,2,1,0,6,5,0,0,0,0,0,24,7,6,4,30,2,1,0,35,0,0,0,2,Matches
Luca Caldirola,it ITA,DF,Benevento,30-012,1991,9.1,389,367,22,19,0,23,10,1,0,0,0,0,297,26,66,310,56,17,2,1,328,0,6,6,1,Matches
Hakan Çalhanoğlu,tr TUR,"MF,FW",Milan,27-005,1994,15.7,923,777,146,48,4,94,67,42,90,49,29,4,627,83,213,67,827,16,4,5,710,2,14,17,24,Matches
Fabrizio Caligara,it ITA,MF,Cagliari,20-307,2000,2.0,68,61,7,4,0,13,1,4,1,1,0,0,45,8,15,45,13,4,2,1,53,0,1,1,1,Matches
José Callejón,es ESP,FW,Fiorentina,34-002,1987,5.7,175,164,11,3,2,27,6,15,0,0,0,0,116,29,30,18,139,6,7,2,127,1,2,3,12,Matches
Antonio Candreva,it ITA,MF,Sampdoria,33-351,1987,14.0,754,657,97,25,2,90,48,64,47,13,17,8,375,122,257,134,578,11,25,5,491,6,10,21,39,Matches
Gianluca Caprari,it ITA,"MF,FW",Benevento,27-198,1993,14.8,499,424,75,16,1,98,17,21,46,15,19,5,346,52,101,64,421,9,2,2,358,1,6,8,23,Matches
Francesco Caputo,it ITA,FW,Sassuolo,33-191,1987,12.8,258,227,31,0,1,51,1,1,0,0,0,0,197,36,25,53,187,6,0,4,196,0,7,8,11,Matches
Andrea Carboni,it ITA,DF,Cagliari,20-009,2001,4.1,167,144,23,11,0,15,7,2,0,0,0,0,104,14,49,120,27,6,12,1,130,0,4,8,3,Matches
Giuseppe Caso,it ITA,MF,Genoa,22-066,1998,0.1,3,3,0,0,0,2,0,0,0,0,0,0,2,1,0,0,3,0,0,0,1,0,0,0,2,Matches
Samu Castillejo,es ESP,FW,Milan,26-026,1995,7.6,267,251,16,5,1,35,6,19,3,0,0,0,202,30,35,216,36,5,8,1,208,1,3,9,11,Matches
Gaetano Castrovilli,it ITA,MF,Fiorentina,23-362,1997,16.1,559,535,24,12,2,94,30,19,5,0,1,4,407,71,81,90,445,6,7,4,436,6,11,7,23,Matches
Danilo Cataldi,it ITA,MF,Lazio,26-191,1994,3.2,252,229,23,11,0,33,10,5,10,5,3,1,172,30,50,49,191,6,2,2,207,1,3,2,4,Matches
Federico Ceccherini,it ITA,DF,Hellas Verona,28-278,1992,11.1,510,479,31,24,0,72,14,3,0,0,0,0,303,74,133,154,271,41,7,2,408,5,12,5,5,Matches
Federico Ceccherini,it ITA,DF,Fiorentina,28-278,1992,3.0,111,105,6,6,0,11,6,0,0,0,0,0,82,13,16,23,77,8,0,0,97,0,1,1,0,Matches
Luca Ceppitelli,it ITA,DF,Cagliari,31-186,1989,6.4,350,333,17,12,0,21,7,0,0,0,0,0,248,32,70,59,265,13,4,3,307,0,4,3,4,Matches
Alberto Cerri,it ITA,FW,Cagliari,24-303,1996,1.5,53,49,4,0,0,16,0,2,0,0,0,0,26,20,7,6,31,7,0,2,36,0,1,0,5,Matches
Julian Chabot,de GER,DF,Spezia,23-001,1998,14.0,784,733,51,46,0,67,43,2,0,0,0,0,595,70,119,630,82,45,5,1,686,1,18,10,5,Matches
Giorgio Chiellini,it ITA,DF,Juventus,36-183,1984,6.0,409,385,24,17,0,18,7,1,0,0,0,0,313,46,50,290,97,8,4,3,371,4,2,3,1,Matches
Federico Chiesa,it ITA,"MF,DF",Juventus,23-111,1997,11.6,369,358,11,2,3,40,9,33,0,0,0,0,257,58,54,76,271,11,9,0,287,0,2,11,15,Matches
Federico Chiesa,it ITA,DF,Fiorentina,23-111,1997,2.7,118,96,22,4,0,11,7,9,0,0,0,0,59,29,30,16,78,4,18,1,91,0,1,1,6,Matches
Vlad Chiricheș,ro ROU,DF,Sassuolo,31-091,1989,11.6,852,836,16,15,0,69,9,1,0,0,0,0,729,61,62,70,734,19,1,3,787,0,2,6,5,Matches
Luca Cigarini,it ITA,MF,Crotone,34-238,1986,5.0,357,317,40,28,0,45,7,1,11,5,2,0,238,45,74,50,295,6,1,1,300,3,3,3,5,Matches
Antonio Cioffi,it ITA,FW,Napoli,18-056,2002,0.1,11,11,0,0,0,1,0,0,0,0,0,0,10,0,1,0,11,0,0,0,10,0,0,0,1,Matches
Ebrima Colley,gm GAM,"FW,MF",Hellas Verona,21-012,2000,6.7,205,202,3,0,1,54,2,7,0,0,0,0,152,35,18,23,165,13,0,2,147,1,5,5,15,Matches
Omar Colley,gm GAM,DF,Sampdoria,28-112,1992,14.8,610,588,22,21,0,63,18,4,0,0,0,0,370,73,167,411,136,38,1,2,484,2,11,10,6,Matches
Lorenzo Colombo,it ITA,FW,Milan,18-342,2002,1.0,14,14,0,0,0,7,0,1,0,0,0,0,9,1,4,7,4,2,0,0,8,0,1,0,3,Matches
Andrea Consigli,it ITA,GK,Sassuolo,34-017,1987,20.0,738,539,199,55,1,41,10,0,0,0,0,0,433,35,270,38,598,1,0,83,588,3,10,5,2,Matches
Andrea Conti,it ITA,DF,Parma,26-348,1994,3.0,164,131,33,3,1,8,2,4,0,0,0,0,90,40,34,9,115,8,30,0,139,0,2,2,5,Matches
Andrea Conti,it ITA,DF,Milan,26-348,1994,0.3,25,22,3,1,1,1,0,1,0,0,0,0,20,2,3,1,21,1,2,0,21,0,0,1,0,Matches
Alex Cordaz,it ITA,GK,Crotone,38-043,1983,21.0,848,628,220,61,0,97,13,0,0,0,0,0,511,39,298,94,624,1,0,105,662,0,11,4,3,Matches
Andreas Cornelius,dk DEN,FW,Parma,27-334,1993,12.8,319,301,18,0,1,115,7,5,0,0,0,0,162,85,72,169,48,30,1,17,219,3,4,4,17,Matches
Joaquín Correa,ar ARG,FW,Lazio,26-184,1994,11.0,402,374,28,1,0,87,12,5,10,7,1,2,307,60,35,37,347,6,3,7,330,5,0,7,14,Matches
Angelo da Costa Júnior,br BRA,GK,Bologna,37-093,1983,6.0,287,226,61,19,0,11,3,0,0,0,0,0,208,7,72,5,253,1,0,23,249,0,2,2,0,Matches
Douglas Costa,br BRA,"MF,FW",Juventus,30-152,1990,0.5,27,23,4,0,0,6,0,1,4,3,0,1,19,2,6,26,1,0,0,0,20,0,1,1,1,Matches
Mamadou Coulibaly,sn SEN,MF,Udinese,22-010,1999,2.0,82,82,0,0,1,12,2,1,0,0,0,0,53,13,16,19,55,8,0,0,63,0,2,1,6,Matches
Alessio Cragno,it ITA,GK,Cagliari,26-230,1994,21.0,594,366,228,52,0,37,12,0,0,0,0,0,296,28,270,73,405,0,0,92,447,0,17,2,3,Matches
Domenico Criscito,it ITA,DF,Genoa,34-045,1986,10.0,462,410,52,25,0,31,17,9,2,0,1,1,291,53,118,336,67,25,25,2,372,4,8,10,5,Matches
Bryan Cristante,it ITA,"DF,MF",Roma,25-347,1995,10.5,665,629,36,35,1,75,18,4,1,0,1,0,474,69,122,63,574,14,0,0,556,1,8,15,8,Matches
Giovanni Crociata,it ITA,"DF,MF",Crotone,23-186,1997,0.3,16,15,1,0,0,0,0,2,0,0,0,0,12,1,3,2,13,0,1,0,11,0,1,1,0,Matches
Juan Cuadrado,co COL,DF,Juventus,32-263,1988,12.9,956,832,124,23,2,71,48,31,30,10,13,3,645,166,145,86,776,14,71,3,815,5,8,18,11,Matches
Giuseppe Cuomo,it ITA,DF,Crotone,23-011,1998,5.4,334,313,21,12,0,36,4,0,0,0,0,0,236,35,63,114,191,13,9,0,274,1,10,9,6,Matches
Patrick Cutrone,it ITA,"FW,MF",Fiorentina,23-041,1998,2.2,56,53,3,0,0,13,1,2,0,0,0,0,37,13,6,9,41,1,0,1,44,0,4,0,2,Matches
Wylan Cyprien,fr FRA,MF,Parma,26-016,1995,4.3,274,252,22,9,0,40,13,3,13,2,9,1,207,28,39,34,231,7,0,1,229,1,3,5,3,Matches
Lennart-Marten Czyborra,de GER,DF,Genoa,21-286,1999,9.0,385,305,80,3,0,29,2,12,0,0,0,0,207,91,87,232,61,13,77,1,288,1,2,10,12,Matches
Danilo D'Ambrosio,it ITA,DF,Inter,32-157,1988,4.4,273,250,23,11,0,24,5,3,0,0,0,0,213,36,24,58,189,5,12,3,242,2,0,8,3,Matches
Bryan Dabo,bf BFA,MF,Benevento,28-361,1992,7.5,312,303,9,7,0,70,7,6,1,0,1,0,197,50,65,61,194,24,0,2,232,1,6,6,10,Matches
Diogo Dalot,pt POR,DF,Milan,21-332,1999,4.5,231,191,40,5,0,28,6,4,2,0,0,0,148,35,48,30,157,5,33,0,186,2,3,8,4,Matches
Mikkel Damsgaard,dk DEN,"MF,FW",Sampdoria,20-225,2000,12.1,466,439,27,1,0,95,13,20,14,9,2,0,317,76,73,60,362,17,8,6,329,1,7,16,20,Matches
Danilo,br BRA,DF,Juventus,29-213,1991,18.5,1495,1377,118,25,2,117,20,12,1,1,0,0,1133,190,172,185,1167,30,92,8,1336,5,18,22,18,Matches
Andrea Danzi,it ITA,"MF,DF",Hellas Verona,21-354,1999,1.2,39,39,0,0,0,6,0,0,0,0,0,0,20,8,11,11,25,1,0,1,25,2,0,0,5,Matches
Matteo Darmian,it ITA,DF,Parma,31-073,1989,2.3,100,80,20,2,0,8,1,0,0,0,0,0,59,20,21,14,65,2,18,0,78,1,2,3,5,Matches
Matteo Darmian,it ITA,DF,Inter,31-073,1989,6.4,291,231,60,3,0,38,3,18,0,0,0,0,166,75,50,47,170,7,57,0,229,4,4,7,12,Matches
Paweł Dawidowicz,pl POL,DF,Hellas Verona,25-269,1995,13.0,519,489,30,21,0,55,6,5,0,0,0,0,362,50,107,164,286,36,9,2,434,1,8,8,9,Matches
Sebastien De Maio,fr FRA,DF,Udinese,33-345,1987,6.9,306,290,16,15,0,29,2,1,0,0,0,0,215,33,58,31,234,25,1,1,266,0,6,0,2,Matches
Rodrigo De Paul,ar ARG,MF,Udinese,26-265,1994,19.8,1140,993,147,77,5,160,68,64,62,18,31,3,731,132,277,23,1090,10,8,5,834,11,19,31,45,Matches
Mattia De Sciglio,it ITA,DF,Juventus,28-116,1992,0.3,12,12,0,0,0,3,0,1,0,0,0,0,8,3,1,3,8,1,0,0,9,0,0,0,1,Matches
Lorenzo De Silvestri,it ITA,DF,Bologna,32-266,1988,14.2,782,642,140,21,0,74,12,23,0,0,0,0,422,147,213,66,541,44,119,1,602,1,13,17,23,Matches
Grégoire Defrel,mq MTQ,"FW,MF",Sassuolo,29-241,1991,7.2,214,203,11,3,0,39,2,5,0,0,0,0,169,22,23,179,22,7,0,1,181,0,3,0,6,Matches
Alessandro Deiola,it ITA,MF,Cagliari,25-196,1995,0.7,15,15,0,0,0,2,0,1,0,0,0,0,13,2,0,1,14,0,0,0,13,0,0,0,0,Matches
Alessandro Deiola,it ITA,MF,Spezia,25-196,1995,4.0,166,156,10,4,0,29,15,3,5,0,4,0,108,21,37,16,139,7,1,0,128,0,3,1,6,Matches
Lorenzo Del Pinto,it ITA,MF,Benevento,30-241,1990,0.1,7,6,1,1,0,0,0,0,0,0,0,0,5,2,0,0,6,1,0,0,4,0,0,1,0,Matches
Cristian Dell'Orco,it ITA,DF,Spezia,27-003,1994,2.7,134,111,23,8,0,12,6,0,0,0,0,0,77,28,29,86,16,11,15,1,103,0,2,2,4,Matches
Merih Demiral,tr TUR,DF,Juventus,22-345,1998,6.2,419,404,15,11,0,25,6,0,0,0,0,0,362,21,36,52,329,23,4,0,394,0,3,2,2,Matches
Diego Demme,de GER,MF,Napoli,29-084,1991,8.3,665,650,15,14,2,68,13,5,0,0,0,0,550,54,61,60,591,8,1,2,599,3,5,8,10,Matches
Stefano Denswil,nl NED,DF,Bologna,27-282,1993,1.3,79,70,9,5,0,7,4,0,0,0,0,0,60,8,11,60,12,2,4,0,64,0,2,1,6,Matches
Fabio Depaoli,it ITA,DF,Benevento,23-295,1997,3.0,115,87,28,0,0,18,0,4,2,1,1,0,49,26,40,2,81,4,26,1,80,0,2,2,8,Matches
Fabio Depaoli,it ITA,DF,Atalanta,23-295,1997,2.1,103,89,14,0,0,8,0,1,0,0,0,0,77,19,7,2,83,2,14,1,86,1,1,2,4,Matches
Fabio Depaoli,it ITA,MF,Sampdoria,23-295,1997,0.9,15,15,0,0,0,4,0,1,0,0,0,0,12,2,1,2,13,0,0,0,9,0,0,1,2,Matches
Kastriot Dermaku,al ALB,DF,Parma,29-029,1992,1.1,39,37,2,2,0,4,1,0,0,0,0,0,34,1,4,6,32,1,0,0,35,0,0,0,1,Matches
Kiril Despodov,bg BUL,FW,Cagliari,24-094,1996,0.1,0,0,0,0,0,0,0,0,0,0,0,0,0,0,0,0,0,0,0,0,0,0,0,0,0,Matches
Mattia Destro,it ITA,FW,Genoa,29-330,1991,9.2,137,126,11,0,1,34,4,0,0,0,0,0,90,23,24,7,102,6,1,8,99,0,2,5,5,Matches
Gerard Deulofeu,es ESP,FW,Udinese,26-337,1994,5.6,214,188,26,2,2,36,7,12,16,6,4,0,168,18,28,19,187,2,5,1,147,0,2,9,17,Matches
Jacopo Dezi,it ITA,"FW,MF",Parma,29-003,1992,0.9,43,35,8,0,0,3,1,3,4,0,0,0,28,6,9,7,35,1,0,0,32,0,1,0,1,Matches
Samuel Di Carmine,it ITA,FW,Hellas Verona,32-146,1988,5.6,157,146,11,0,0,67,0,5,0,0,0,0,68,57,32,16,94,16,0,4,97,0,2,5,9,Matches
Samuel Di Carmine,it ITA,FW,Crotone,32-146,1988,1.5,31,26,5,0,0,11,1,1,0,0,0,0,20,5,6,3,21,3,0,1,26,0,0,0,0,Matches
Giovanni Di Lorenzo,it ITA,DF,Napoli,27-193,1993,19.0,1416,1213,203,35,0,123,23,32,0,0,0,0,985,279,152,156,1060,17,168,2,1250,1,6,26,33,Matches
Giuseppe Di Serio,it ITA,"MF,FW",Benevento,19-208,2001,1.9,43,41,2,1,0,16,0,1,1,0,1,0,27,10,6,8,24,4,0,1,31,0,1,0,2,Matches
Amad Diallo,ci CIV,MF,Atalanta,18-217,2002,0.2,10,10,0,0,0,0,0,0,0,0,0,0,9,1,0,5,5,0,0,0,9,0,0,0,0,Matches
Amadou Diawara,gn GUI,MF,Roma,23-211,1997,1.8,131,129,2,1,0,18,1,0,0,0,0,0,101,14,16,10,112,6,1,2,119,1,0,0,0,Matches
Brahim Díaz,es ESP,"MF,FW",Milan,21-194,1999,7.7,279,260,19,4,1,34,5,4,11,1,2,2,229,27,23,110,157,6,1,2,239,0,2,5,8,Matches
Daan Dierckx,be BEL,DF,Parma,17-355,2003,1.0,13,13,0,0,0,2,0,0,0,0,0,0,10,1,2,4,8,1,0,0,11,0,0,0,0,Matches
Mitchell Dijks,nl NED,DF,Bologna,28-004,1993,9.0,453,360,93,11,0,22,2,23,0,0,0,0,277,79,97,301,56,11,82,0,341,0,8,20,16,Matches
Federico Dimarco,it ITA,DF,Hellas Verona,23-095,1997,17.9,1098,849,249,66,1,104,46,70,61,27,29,2,527,220,351,882,60,24,122,2,754,4,21,34,48,Matches
Koffi Djidji,ci CIV,DF,Crotone,28-075,1992,4.5,230,210,20,11,0,20,6,0,0,0,0,0,169,18,43,9,200,8,9,0,193,0,2,5,2,Matches
Berat Djimsiti,al ALB,DF,Atalanta,27-360,1993,15.3,915,874,41,22,1,103,16,3,0,0,0,0,682,104,129,192,622,48,19,2,795,1,9,11,20,Matches
Nicolás Domínguez,ar ARG,MF,Bologna,22-230,1998,9.4,469,451,18,14,3,54,4,7,0,0,0,0,344,71,54,80,340,28,3,1,410,2,5,7,2,Matches
Gianluigi Donnarumma,it ITA,GK,Milan,21-354,1999,20.0,660,509,151,40,0,42,13,0,0,0,0,0,361,22,277,78,482,0,0,76,492,4,13,1,1,Matches
Bartłomiej Drągowski,pl POL,GK,Fiorentina,23-178,1997,21.0,628,423,205,59,0,32,14,0,0,0,0,0,316,37,275,46,452,0,0,110,450,3,12,0,0,Matches
Denis Drăguș,ro ROU,"FW,MF",Crotone,21-222,1999,1.9,64,63,1,0,0,7,2,3,0,0,0,0,48,11,5,4,58,0,0,0,48,0,1,4,5,Matches
Radu Drăgușin,ro ROU,DF,Juventus,19-010,2002,0.0,1,1,0,0,0,0,0,0,0,0,0,0,1,0,0,0,1,0,0,0,1,0,0,0,0,Matches
Léo Duarte,br BRA,DF,Milan,24-211,1996,0.2,13,12,1,1,0,0,0,0,0,0,0,0,13,0,0,1,12,0,0,0,13,0,0,0,0,Matches
Alfred Duncan,gh GHA,MF,Fiorentina,27-340,1993,1.8,85,80,5,4,0,10,6,1,0,0,0,0,51,16,18,75,3,5,0,0,65,1,1,2,2,Matches
Alfred Duncan,gh GHA,MF,Cagliari,27-340,1993,1.5,74,73,1,0,0,9,3,3,0,0,0,0,58,7,9,69,2,2,1,0,55,0,2,4,4,Matches
Paulo Dybala,ar ARG,FW,Juventus,27-090,1993,7.2,417,349,68,14,0,37,24,15,40,5,20,3,294,51,72,358,41,8,3,6,338,2,3,7,13,Matches
Edin Džeko,ba BIH,FW,Roma,34-333,1986,13.3,337,311,26,0,3,114,8,7,0,0,0,0,201,83,53,62,208,14,2,13,230,3,5,9,27,Matches
Steeve-Mike Ebongue,fr FRA,MF,Genoa,19-359,2001,0.4,19,19,0,0,0,3,0,0,0,0,0,0,17,2,0,0,19,0,0,0,15,0,0,0,2,Matches
Simone Edera,it ITA,"DF,MF",Torino,24-035,1997,0.6,22,17,5,4,0,3,1,2,1,0,1,0,17,1,4,18,4,0,0,0,16,0,0,1,2,Matches
Albin Ekdal,se SWE,MF,Sampdoria,31-200,1989,16.3,661,620,41,39,2,113,13,3,0,0,0,0,448,97,116,62,531,43,1,6,541,0,10,10,19,Matches
Elif Elmas,mk MKD,"MF,FW",Napoli,21-142,1999,5.3,239,231,8,3,0,34,2,4,2,1,0,0,203,19,17,38,194,4,2,1,216,0,0,5,2,Matches
Manu Emmanuel Gyabuaa,it ITA,MF,Atalanta,19-145,2001,0.0,1,1,0,0,0,0,0,0,0,0,0,0,1,0,0,0,1,0,0,0,1,0,0,0,0,Matches
Alan Empereur,br BRA,DF,Hellas Verona,26-340,1994,2.4,121,118,3,2,0,7,2,0,0,0,0,0,86,13,22,82,28,7,1,0,95,0,2,2,3,Matches
Christian Eriksen,dk DEN,"MF,DF",Inter,28-365,1992,4.3,343,305,38,10,0,48,18,10,27,13,3,6,237,36,70,70,257,10,0,2,274,1,4,3,5,Matches
Martin Erlic,hr CRO,DF,Spezia,23-020,1998,9.6,483,448,35,32,0,39,27,1,0,0,0,0,341,45,97,57,375,38,3,4,399,0,16,4,3,Matches
Gonzalo Escalante,ar ARG,MF,Lazio,27-323,1993,5.6,295,289,6,6,0,46,8,0,0,0,0,0,216,32,47,23,242,21,0,0,258,0,5,3,3,Matches
Nahuel Estévez,ar ARG,MF,Spezia,25-091,1995,10.6,523,483,40,14,1,76,20,24,22,0,12,3,340,57,126,41,449,17,4,2,391,5,14,5,22,Matches
Valentin Eysseric,fr FRA,"FW,MF",Fiorentina,28-325,1992,2.3,107,100,7,3,0,21,6,3,3,0,2,0,72,13,22,19,82,1,1,0,81,0,2,3,6,Matches
Iago Falque,es ESP,"MF,FW",Benevento,31-040,1990,2.7,129,121,8,3,0,25,4,6,4,1,0,2,85,13,31,111,16,0,1,0,97,0,4,1,3,Matches
Andri Fannar Baldursson,is ISL,MF,Bologna,19-034,2002,1.3,35,35,0,0,0,4,1,0,0,0,0,0,26,5,4,9,25,1,0,0,28,0,0,2,0,Matches
Paolo Faragò,it ITA,"DF,MF",Cagliari,28-001,1993,4.1,225,185,40,3,1,26,3,7,1,1,0,0,125,51,49,56,122,7,36,1,187,0,5,4,5,Matches
Davide Faraoni,it ITA,DF,Hellas Verona,29-111,1991,17.6,824,677,147,13,0,87,14,32,0,0,0,0,372,187,265,79,561,31,134,2,581,7,24,27,26,Matches
Mohamed Fares,dz ALG,DF,Lazio,24-364,1996,4.7,243,215,28,4,0,19,5,19,0,0,0,0,155,48,40,187,23,6,24,2,188,0,4,1,14,Matches
Diego Farias,br BRA,FW,Spezia,30-279,1990,10.1,404,396,8,2,2,68,11,8,3,0,1,0,324,53,27,29,358,10,3,3,337,1,2,15,13,Matches
Andrea Favilli,it ITA,FW,Hellas Verona,23-272,1997,3.0,60,56,4,0,0,19,1,0,0,0,0,0,40,14,6,38,13,4,0,3,43,0,1,1,3,Matches
Luiz Felipe,br BRA,DF,Lazio,23-328,1997,8.3,414,397,17,12,0,22,7,1,0,0,0,0,343,31,40,51,338,16,5,0,375,0,3,5,4,Matches
Alex Ferrari,it ITA,DF,Sampdoria,26-227,1994,4.1,178,147,31,4,0,22,2,3,0,0,0,0,101,26,51,20,119,5,27,2,144,1,1,5,6,Matches
Salvador Ferrer,es ESP,DF,Spezia,23-023,1998,7.0,,,,,,,,21,,,,,,,,,,,,,,,,,,Matches
Fernando Forestieri,it ITA,"FW,MF",Udinese,31-029,1990,3.1,112,106,6,2,1,20,3,8,0,0,0,0,80,12,20,5,97,5,1,1,88,0,2,1,4,Matches
Daam Foulon,be BEL,DF,Benevento,21-327,1999,7.8,343,263,80,14,0,33,4,17,1,0,1,0,198,58,87,223,36,14,65,0,253,0,10,4,17,Matches
Gianluca Frabotta,it ITA,DF,Juventus,21-234,1999,6.8,442,384,58,8,1,44,6,30,1,0,0,0,296,88,58,339,35,9,49,0,371,1,10,8,13,Matches
Remo Freuler,ch SUI,MF,Atalanta,28-304,1992,14.7,997,955,42,31,1,111,18,8,2,0,0,0,790,88,119,158,779,30,9,4,875,3,10,18,16,Matches
Matteo Gabbia,it ITA,DF,Milan,21-115,1999,5.0,294,285,9,8,0,24,9,0,0,0,0,0,234,23,37,43,220,17,1,1,270,0,2,1,1,Matches
Manolo Gabbiadini,it ITA,"FW,MF",Sampdoria,29-079,1991,1.2,21,21,0,0,0,7,1,2,0,0,0,0,12,5,4,14,4,2,0,0,13,2,0,0,2,Matches
Roberto Gagliardini,it ITA,MF,Inter,26-312,1994,9.3,404,394,10,10,0,57,15,7,0,0,0,0,320,41,43,40,344,9,0,2,348,1,3,9,7,Matches
Riccardo Gagliolo,se SWE,DF,Parma,30-291,1990,13.6,836,730,106,27,0,63,17,21,0,0,0,0,523,118,195,515,205,29,79,3,676,3,11,17,9,Matches
Andrey Galabinov,bg BUL,FW,Spezia,32-078,1988,3.7,80,66,14,1,0,17,3,1,0,0,0,0,40,23,17,13,53,6,0,4,60,1,2,1,1,Matches
Gervinho,ci CIV,"FW,MF",Parma,33-262,1987,15.4,383,369,14,1,0,74,2,16,0,0,0,0,336,29,18,120,258,1,0,4,311,2,3,8,21,Matches
Paolo Ghiglione,it ITA,"DF,MF",Genoa,24-011,1997,10.9,431,364,67,4,1,42,16,34,1,0,1,0,209,93,129,45,298,17,62,1,296,0,5,6,26,Matches
Faouzi Ghoulam,dz ALG,"DF,FW",Napoli,30-012,1991,1.6,143,119,24,11,0,11,3,10,8,3,3,0,103,19,21,129,7,2,5,0,114,1,3,4,4,Matches
Kamil Glik,pl POL,DF,Benevento,33-010,1988,22.0,832,783,49,42,0,71,31,0,0,0,0,0,645,61,126,158,606,44,0,3,740,2,8,8,2,Matches
Diego Godín,uy URU,DF,Cagliari,34-363,1986,11.9,649,612,37,31,0,42,11,1,0,0,0,0,468,46,135,118,492,24,1,5,563,5,9,2,3,Matches
Amer Gojak,ba BIH,"MF,FW",Torino,24-000,1997,3.8,173,150,23,9,0,28,15,6,12,4,8,0,112,16,45,31,128,11,1,0,126,1,2,3,6,Matches
Edoardo Goldaniga,it ITA,DF,Genoa,27-103,1993,11.7,499,455,44,11,1,45,13,10,0,0,0,0,284,66,149,41,382,33,33,3,364,3,10,5,13,Matches
Vladimir Golemić,si SVN,DF,Crotone,29-230,1991,12.4,707,656,51,39,0,77,16,3,0,0,0,0,506,77,124,111,531,38,12,2,611,1,12,8,4,Matches
Pierluigi Gollini,it ITA,GK,Atalanta,25-332,1995,13.7,372,290,82,18,0,37,12,0,0,0,0,0,201,20,151,19,298,0,0,46,286,1,5,4,2,Matches
Tomislav Gomelt,hr CRO,MF,Crotone,26-037,1995,0.2,17,16,1,1,0,1,2,0,0,0,0,0,15,0,2,16,1,0,0,0,16,0,0,0,1,Matches
Papu Gómez,ar ARG,"FW,MF",Atalanta,32-364,1988,7.4,432,396,36,13,1,69,21,6,15,6,6,2,309,34,89,64,350,7,5,5,356,3,7,7,7,Matches
Robin Gosens,de GER,DF,Atalanta,26-223,1994,14.6,839,731,108,9,2,107,18,39,1,0,1,0,554,150,135,628,74,23,98,1,667,2,12,26,34,Matches
Alberto Grassi,it ITA,"DF,MF",Parma,25-343,1995,7.6,272,243,29,10,0,27,3,5,0,0,0,0,170,57,45,37,199,12,19,1,220,2,3,5,5,Matches
Koray Günter,de GER,DF,Hellas Verona,26-181,1994,8.3,484,468,16,15,0,49,10,0,0,0,0,0,334,65,85,51,366,43,1,3,411,0,10,4,2,Matches
Emanuel Gyasi,gh GHA,FW,Spezia,27-033,1994,18.0,538,534,4,1,1,114,6,22,0,0,0,0,451,47,40,100,414,6,3,5,447,2,6,14,17,Matches
Achraf Hakimi,ma MAR,DF,Inter,22-101,1998,15.7,853,732,121,10,0,74,24,66,2,0,1,0,592,177,84,111,616,14,109,0,699,0,8,19,41,Matches
Samir Handanović,si SVN,GK,Inter,36-214,1984,21.0,623,501,122,27,0,64,5,0,0,0,0,0,440,31,152,60,469,1,0,86,531,2,8,2,1,Matches
Lukáš Haraslín,sk SVK,"FW,MF",Sassuolo,24-263,1996,2.7,100,83,17,3,0,10,7,5,13,3,7,2,69,10,21,14,82,0,1,1,69,0,5,3,3,Matches
Hans Hateboer,nl NED,DF,Atalanta,27-035,1994,15.3,795,698,97,8,0,84,8,19,0,0,0,0,569,119,107,142,519,26,89,2,691,1,10,11,15,Matches
Eduardo Henrique,br BRA,MF,Crotone,25-272,1995,7.1,270,264,6,4,1,49,4,1,0,0,0,0,205,34,31,14,237,12,2,0,219,0,6,9,7,Matches
Theo Hernández,fr FRA,DF,Milan,23-130,1997,18.0,993,838,155,20,2,113,18,26,4,0,4,0,642,178,173,742,71,27,131,1,801,3,8,27,29,Matches
Hernani,br BRA,MF,Parma,26-323,1994,13.8,599,553,46,23,1,91,35,20,13,5,5,0,407,76,116,64,488,23,9,2,475,3,9,12,20,Matches
Përparim Hetemaj,fi FIN,MF,Benevento,34-063,1986,12.3,411,398,13,6,1,61,11,20,1,0,1,0,272,50,89,67,306,26,5,2,311,1,11,13,10,Matches
Aaron Hickey,sco SCO,DF,Bologna,18-248,2002,8.1,398,319,79,11,0,50,5,6,2,1,0,0,264,64,70,211,109,8,66,2,333,2,5,7,12,Matches
Wesley Hoedt,nl NED,DF,Lazio,26-344,1994,7.0,479,469,10,9,0,27,31,0,1,1,0,0,373,31,75,346,113,14,0,1,434,2,8,4,5,Matches
Elseid Hysaj,al ALB,DF,Napoli,26-359,1994,8.7,668,576,92,18,0,66,4,8,1,0,0,0,472,91,105,199,376,17,73,0,568,2,8,16,13,Matches
Simone Iacoponi,it ITA,DF,Parma,33-289,1987,12.3,649,570,79,29,0,40,30,7,0,0,0,0,430,83,136,52,532,13,48,1,556,1,7,7,17,Matches
Roger Ibanez,br BRA,DF,Roma,22-082,1998,19.4,1200,1145,55,47,2,81,37,2,0,0,0,0,921,133,146,201,907,54,5,6,1040,2,12,18,24,Matches
Zlatan Ibrahimović,se SWE,FW,Milan,39-133,1981,9.8,335,311,24,1,1,95,4,9,1,0,0,0,189,96,50,34,227,23,1,7,230,3,3,7,16,Matches
Igor,br BRA,DF,Fiorentina,23-006,1998,10.0,660,633,27,20,3,46,16,1,0,0,0,0,552,41,67,574,54,14,7,1,594,0,6,5,7,Matches
Ivan Ilić,rs SRB,MF,Hellas Verona,19-333,2001,11.3,598,551,47,25,1,80,11,8,19,4,7,7,436,62,100,500,48,29,0,3,494,4,14,9,11,Matches
Josip Iličić,si SVN,"FW,MF",Atalanta,33-015,1988,10.7,594,537,57,22,4,86,33,41,29,11,14,1,398,89,107,470,111,2,4,7,417,2,12,13,33,Matches
Ciro Immobile,it ITA,FW,Lazio,30-359,1990,17.0,499,482,17,3,3,98,9,15,5,4,0,0,354,91,54,50,407,13,4,11,369,2,6,24,18,Matches
Riccardo Improta,it ITA,"MF,DF",Benevento,27-056,1993,13.7,494,449,45,6,2,84,12,29,2,1,1,0,281,90,123,119,280,33,37,0,361,1,10,8,26,Matches
Roberto Inglese,it ITA,FW,Parma,29-093,1991,6.1,112,100,12,0,1,28,3,3,0,0,0,0,61,25,26,16,72,12,0,4,72,0,2,4,7,Matches
Lorenzo Insigne,it ITA,FW,Napoli,29-254,1991,14.7,867,797,70,22,3,113,35,27,24,10,0,6,604,114,149,40,790,12,24,1,694,6,12,24,18,Matches
Roberto Insigne,it ITA,"MF,FW",Benevento,26-278,1994,12.5,384,348,36,7,3,68,11,18,22,5,12,0,262,48,74,325,34,16,3,1,295,1,3,8,14,Matches
Artur Ioniță,md MDA,MF,Benevento,30-180,1990,19.1,516,500,16,10,0,119,8,9,0,0,0,0,338,85,93,118,299,58,3,4,404,2,7,7,22,Matches
Ardian Ismajli,al ALB,DF,Spezia,24-136,1996,2.5,142,138,4,3,0,17,2,0,0,0,0,0,105,14,23,18,112,8,1,1,122,1,2,3,2,Matches
Armando Izzo,it ITA,DF,Torino,28-348,1992,8.1,469,429,40,30,0,47,22,7,0,0,0,0,298,51,120,126,302,22,10,2,390,2,9,6,4,Matches
Mato Jajalo,ba BIH,MF,Udinese,32-264,1988,0.4,29,27,2,2,0,5,0,0,0,0,0,0,23,2,4,6,23,0,0,0,23,0,0,2,1,Matches
Jakub Jankto,cz CZE,MF,Sampdoria,25-025,1996,14.2,472,440,32,8,1,55,16,36,12,3,5,2,279,81,112,385,58,16,12,0,303,8,5,13,22,Matches
Juan Jesus,br BRA,DF,Roma,29-248,1991,1.0,83,80,3,3,0,5,1,0,0,0,0,0,74,1,8,74,9,0,0,0,78,1,0,0,1,Matches
Hamed Junior Traorè,ci CIV,"FW,MF",Sassuolo,20-363,2000,11.1,455,411,44,8,0,68,20,13,32,14,9,7,358,35,62,68,370,8,1,2,330,3,8,22,18,Matches
Nikola Kalinić,hr CRO,FW,Hellas Verona,33-039,1988,7.8,153,135,18,0,0,48,3,2,0,0,0,0,90,40,23,15,122,2,0,6,110,0,3,2,11,Matches
Pierre Kalulu,fr FRA,DF,Milan,20-253,2000,5.3,294,282,12,6,0,15,0,1,0,0,0,0,242,14,38,32,242,12,0,4,256,2,3,1,1,Matches
Yann Karamoh,fr FRA,"FW,MF",Parma,22-220,1998,9.6,254,251,3,0,1,46,7,12,1,1,0,0,190,32,32,47,198,4,2,1,197,3,3,7,13,Matches
Augustus Kargbo,sl SLE,FW,Crotone,21-173,1999,0.4,9,9,0,0,0,2,0,0,0,0,0,0,6,3,0,1,8,0,0,0,6,0,0,1,0,Matches
Rick Karsdorp,nl NED,DF,Roma,26-002,1995,16.5,730,613,117,6,2,56,11,29,0,0,0,0,464,170,96,33,565,16,111,2,606,1,6,16,26,Matches
Franck Kessié,ci CIV,MF,Milan,24-056,1996,19.1,1005,987,18,18,1,122,35,6,0,0,0,0,833,75,97,190,771,23,0,3,905,4,10,12,14,Matches
Omar Khailoti,it ITA,DF,Bologna,19-161,2001,0.3,21,21,0,0,0,0,0,0,0,0,0,0,19,0,2,17,3,1,0,0,19,0,0,0,1,Matches
Giorgos Kiriakopoulos,gr GRE,DF,Sassuolo,25-008,1996,8.5,467,402,65,8,0,39,4,13,2,0,2,0,317,92,58,330,62,15,55,0,393,1,5,6,13,Matches
Simon Kjær,dk DEN,DF,Milan,31-324,1989,13.1,688,649,39,35,0,48,21,0,0,0,0,0,507,32,149,111,526,33,0,1,588,3,7,8,6,Matches
Ragnar Klavan,ee EST,DF,Cagliari,35-106,1985,4.7,204,196,8,8,0,18,1,0,0,0,0,0,152,21,31,163,29,4,0,4,172,1,3,3,2,Matches
Justin Kluivert,nl NED,"FW,MF",Roma,21-284,1999,0.2,11,10,1,0,0,0,2,2,0,0,0,0,3,5,3,3,6,1,1,0,6,0,0,0,1,Matches
Aleksandr Kokorin,ru RUS,FW,Fiorentina,29-331,1991,0.2,9,9,0,0,0,1,0,0,0,0,0,0,7,0,2,1,8,0,0,0,9,0,0,0,0,Matches
Aleksandar Kolarov,rs SRB,DF,Inter,35-095,1985,4.3,371,335,36,8,0,34,18,8,7,3,3,0,262,44,65,301,29,14,16,0,318,0,3,6,6,Matches
Christian Kouamé,ci CIV,FW,Fiorentina,23-069,1997,6.8,190,178,12,2,1,43,4,5,0,0,0,0,136,36,18,21,141,10,2,3,148,0,2,8,10,Matches
Kalidou Koulibaly,sn SEN,DF,Napoli,29-238,1991,14.5,1123,1059,64,39,1,85,24,5,0,0,0,0,910,83,130,356,732,18,3,6,1018,3,17,12,8,Matches
Rade Krunić,ba BIH,MF,Milan,27-129,1993,4.1,132,130,2,2,0,14,0,1,0,0,0,0,101,15,16,11,108,8,0,1,120,1,1,2,0,Matches
Juraj Kucka,sk SVK,"MF,FW",Parma,33-353,1987,16.1,584,574,10,2,4,136,16,8,1,0,1,0,363,102,119,143,344,44,3,4,412,6,16,25,28,Matches
Dejan Kulusevski,se SWE,"FW,MF",Juventus,20-294,2000,9.6,393,373,20,4,1,75,8,17,14,3,8,0,316,35,42,302,74,11,1,3,316,2,5,7,16,Matches
Marash Kumbulla,al ALB,DF,Roma,21-005,2000,9.2,469,450,19,16,2,43,9,1,0,0,0,0,371,39,59,65,375,14,3,0,409,0,4,3,8,Matches
Jasmin Kurtić,si SVN,MF,Parma,32-034,1989,16.9,769,722,47,19,0,98,34,35,17,3,11,2,530,85,154,109,597,37,9,1,621,4,10,9,22,Matches
Antonino La Gumina,it ITA,FW,Sampdoria,24-344,1996,2.3,48,43,5,0,0,19,0,2,0,0,0,0,30,9,9,7,33,1,0,2,36,0,0,2,1,Matches
Sam Lammers,nl NED,"FW,MF",Atalanta,23-289,1997,2.7,101,99,2,0,0,22,0,0,0,0,0,0,82,11,8,48,41,6,0,1,77,0,3,6,4,Matches
Gianluca Lapadula,pe PER,FW,Benevento,31-006,1990,17.4,310,279,31,0,2,90,1,11,0,0,0,0,195,58,57,186,64,34,1,6,212,0,5,7,19,Matches
Danilo Larangeira,br BRA,DF,Bologna,36-279,1984,21.8,1060,1002,58,54,1,84,34,3,0,0,0,0,670,110,280,65,897,61,3,5,885,8,12,8,10,Matches
Kevin Lasagna,it ITA,FW,Udinese,28-187,1992,12.3,215,197,18,1,0,57,9,10,0,0,0,0,137,53,25,135,43,11,3,10,152,0,5,5,19,Matches
Kevin Lasagna,it ITA,"MF,FW",Hellas Verona,28-187,1992,1.0,14,13,1,0,0,3,0,0,0,0,0,0,3,7,4,8,0,0,0,3,12,0,0,0,0,Matches
Vincent Laurini,fr FRA,DF,Parma,31-248,1989,3.5,171,139,32,2,0,18,2,4,0,0,0,0,97,26,48,20,112,7,30,0,130,0,2,5,7,Matches
Darko Lazović,rs SRB,"DF,MF",Hellas Verona,30-151,1990,12.0,582,492,90,10,0,63,14,42,3,2,1,0,309,124,149,55,421,20,77,2,423,9,12,19,24,Matches
Manuel Lazzari,it ITA,DF,Lazio,27-076,1993,16.9,716,578,138,13,0,73,17,70,0,0,0,0,415,146,155,75,495,17,125,1,562,2,6,12,20,Matches
Rafael Leão,pt POR,"FW,MF",Milan,21-248,1999,12.6,318,302,16,0,2,62,8,25,0,0,0,0,213,54,51,53,218,17,8,1,228,4,1,10,12,Matches
Lucas Leiva,br BRA,MF,Lazio,34-035,1987,11.8,687,656,31,23,0,103,20,4,6,4,0,0,510,84,93,78,542,41,1,2,574,2,8,13,13,Matches
Lukas Lerager,dk DEN,MF,Genoa,27-216,1993,12.9,490,474,16,9,0,62,14,2,0,0,0,0,348,78,64,55,384,35,6,2,405,5,3,11,15,Matches
Mehdi Léris,fr FRA,"MF,DF",Sampdoria,22-266,1998,2.1,129,115,14,3,0,25,5,9,4,1,3,0,87,13,29,17,98,3,7,0,93,3,1,4,3,Matches
Gaetano Letizia,it ITA,DF,Benevento,30-229,1990,13.6,674,554,120,22,0,72,19,40,1,0,1,0,381,130,163,100,440,30,97,0,509,6,18,17,19,Matches
Matthijs de Ligt,nl NED,DF,Juventus,21-185,1999,9.2,722,706,16,15,0,46,15,1,0,0,0,0,624,36,62,138,545,21,0,1,673,1,4,4,4,Matches
Karol Linetty,pl POL,MF,Torino,26-011,1995,18.2,661,637,24,11,0,127,20,5,2,0,0,0,485,94,82,256,364,25,8,2,549,2,7,12,21,Matches
Pol Lirola,es ESP,"DF,FW",Fiorentina,23-184,1997,5.5,290,245,45,4,1,24,7,20,0,0,0,0,178,57,55,16,213,16,41,1,208,1,8,11,11,Matches
Fernando Llorente,es ESP,FW,Udinese,35-353,1985,1.2,35,34,1,0,0,17,0,0,0,0,0,0,17,6,12,3,17,4,0,2,25,0,0,1,1,Matches
Fernando Llorente,es ESP,"FW,MF",Napoli,35-353,1985,0.6,21,21,0,0,0,7,0,1,0,0,0,0,11,6,4,6,7,2,0,3,12,0,0,2,0,Matches
Stanislav Lobotka,sk SVK,MF,Napoli,26-080,1994,1.5,119,118,1,1,0,16,4,0,0,0,0,0,100,13,6,11,104,2,0,0,106,0,1,4,1,Matches
Manuel Locatelli,it ITA,MF,Sassuolo,23-036,1998,18.7,1563,1504,59,49,3,168,44,15,8,2,5,1,1230,118,215,302,1215,21,2,3,1360,3,10,33,20,Matches
Maxime Lopez,fr FRA,MF,Sassuolo,23-071,1997,9.3,641,621,20,9,0,63,10,5,10,2,7,0,558,43,40,61,569,8,1,0,588,1,1,6,13,Matches
Pau López,es ESP,GK,Roma,26-062,1994,10.2,338,276,62,18,0,39,7,0,0,0,0,0,193,15,130,192,84,0,0,53,254,0,7,2,0,Matches
Matteo Lovato,it ITA,DF,Hellas Verona,20-365,2000,10.6,440,414,26,21,0,60,6,2,0,0,0,0,301,55,84,49,335,29,5,1,352,1,11,6,6,Matches
Hirving Lozano,mx MEX,FW,Napoli,25-198,1995,16.3,462,450,12,1,1,91,5,49,2,2,0,0,322,82,58,21,417,9,6,3,336,0,8,7,28,Matches
José Luis Palomino,ar ARG,DF,Atalanta,31-039,1990,15.4,850,805,45,35,1,86,14,7,0,0,0,0,617,97,136,633,128,51,10,0,707,3,6,16,8,Matches
Romelu Lukaku,be BEL,FW,Inter,27-276,1993,16.7,427,398,29,0,3,142,12,17,0,0,0,0,298,77,52,247,142,15,2,9,316,3,9,8,23,Matches
Saša Lukić,rs SRB,MF,Torino,24-184,1996,14.8,520,500,20,11,2,69,8,16,3,1,1,0,403,59,58,98,388,18,4,2,415,1,6,14,19,Matches
Senad Lulić,ba BIH,DF,Lazio,35-026,1986,0.5,17,15,2,0,0,2,0,1,1,0,0,0,13,1,3,6,9,1,1,0,13,0,0,1,1,Matches
Sebastiano Luperto,it ITA,DF,Crotone,24-160,1996,12.7,695,656,39,36,0,57,10,0,0,0,0,0,530,50,115,580,75,27,3,1,578,0,15,12,13,Matches
Lyanco,br BRA,DF,Torino,24-012,1997,16.3,1017,968,49,48,0,104,51,3,0,0,0,0,779,83,155,67,899,26,1,9,894,1,14,10,6,Matches
Charalambos Lykogiannis,gr GRE,DF,Cagliari,27-114,1993,15.9,786,615,171,36,0,51,10,38,11,6,1,3,420,148,218,582,37,23,124,3,564,4,20,20,31,Matches
Lisandro Magallán,ar ARG,DF,Crotone,27-139,1993,13.6,717,663,54,18,0,97,15,0,0,0,0,0,512,91,114,86,546,33,36,4,605,1,5,14,17,Matches
Christian Maggio,it ITA,DF,Benevento,39-002,1982,3.3,144,113,31,5,0,15,0,3,0,0,0,0,82,28,34,13,90,9,26,1,110,0,1,1,6,Matches
Giulio Maggiore,it ITA,MF,Spezia,22-338,1998,11.1,396,381,15,1,2,66,8,9,0,0,0,0,265,64,67,70,286,15,14,4,286,2,5,16,17,Matches
Francesco Magnanelli,it ITA,MF,Sassuolo,36-093,1984,2.1,194,190,4,4,0,18,4,0,0,0,0,0,153,14,27,14,173,5,0,0,158,0,5,9,2,Matches
Giangiacomo Magnani,it ITA,DF,Hellas Verona,25-132,1995,8.8,257,248,9,8,0,35,8,1,0,0,0,0,141,45,71,30,177,31,1,0,188,1,11,5,4,Matches
Jean-Victor Makengo,fr FRA,MF,Udinese,22-246,1998,1.0,38,38,0,0,0,8,2,1,0,0,0,0,27,5,6,25,8,1,0,1,31,0,2,1,2,Matches
Nikola Maksimović,rs SRB,DF,Napoli,29-080,1991,7.6,635,614,21,17,0,40,37,1,0,0,0,0,530,65,40,26,570,20,1,5,606,0,4,3,3,Matches
Kévin Malcuit,ma MAR,"MF,FW",Napoli,29-197,1991,0.4,24,23,1,0,1,3,0,0,0,0,0,0,20,3,1,2,19,1,1,0,21,0,0,1,0,Matches
Kévin Malcuit,ma MAR,DF,Fiorentina,29-197,1991,0.2,16,13,3,0,0,1,0,0,0,0,0,0,9,5,2,0,12,0,3,0,11,0,0,1,1,Matches
Daniel Maldini,it ITA,"FW,MF",Milan,19-125,2001,0.3,17,17,0,0,0,1,0,1,0,0,0,0,11,3,3,1,13,1,0,2,15,0,0,1,0,Matches
Ruslan Malinovskyi,ua UKR,"FW,MF",Atalanta,27-285,1993,10.3,548,488,60,12,1,111,30,16,45,18,19,8,379,47,122,480,46,9,3,0,389,0,10,17,24,Matches
Dennis Man,ro ROU,"FW,DF",Parma,22-171,1998,0.6,24,24,0,0,0,3,0,0,0,0,0,0,21,3,0,19,5,0,0,0,22,0,0,2,0,Matches
Gianluca Mancini,it ITA,DF,Roma,24-302,1996,16.7,984,946,38,33,0,79,12,4,0,0,0,0,800,75,109,97,839,23,5,3,866,1,13,11,15,Matches
Rolando Mandragora,it ITA,"MF,DF",Torino,23-229,1997,1.0,47,38,9,5,0,3,3,2,3,1,1,0,30,9,8,39,6,1,0,0,36,1,0,1,1,Matches
Rolando Mandragora,it ITA,MF,Udinese,23-229,1997,4.4,165,162,3,0,0,31,2,3,1,1,0,0,104,29,32,122,31,6,1,0,131,0,5,3,6,Matches
Mario Mandžukić,hr CRO,FW,Milan,34-268,1986,0.6,25,25,0,0,0,8,0,0,0,0,0,0,14,7,4,2,18,1,0,0,15,0,1,2,1,Matches
Kostas Manolas,gr GRE,DF,Napoli,29-244,1991,16.6,1084,1044,40,31,1,71,34,2,0,0,0,0,888,97,99,146,886,30,2,4,1013,0,15,11,4,Matches
Juan Manuel Ramos,uy URU,DF,Spezia,24-064,1996,2.1,101,81,20,0,0,18,2,2,2,0,2,0,53,23,25,71,7,2,18,0,78,0,1,2,7,Matches
Federico Marchetti,it ITA,GK,Genoa,38-006,1983,1.7,52,35,17,2,0,7,1,0,0,0,0,0,26,1,25,25,20,0,0,7,40,0,1,0,1,Matches
Riccardo Marchizza,it ITA,DF,Spezia,22-324,1998,8.9,506,410,96,9,1,67,12,18,9,0,6,2,309,90,107,356,55,9,78,0,398,0,4,10,22,Matches
Gian Marco Ferrari,it ITA,DF,Sassuolo,28-364,1992,20.0,1530,1466,64,45,1,111,22,2,0,0,0,0,1266,106,158,1316,130,43,6,6,1418,2,6,11,13,Matches
Răzvan Marin,ro ROU,MF,Cagliari,24-266,1996,18.5,979,865,114,56,0,105,29,22,53,16,19,5,736,86,157,105,837,22,5,3,821,6,6,15,17,Matches
Marlon,br BRA,DF,Sassuolo,25-159,1995,7.7,601,585,16,16,0,38,6,0,0,0,0,0,544,25,32,46,535,7,0,3,575,2,4,1,2,Matches
Luca Marrone,it ITA,DF,Crotone,30-322,1990,14.5,893,837,56,56,0,73,10,0,0,0,0,0,700,65,128,173,667,38,0,5,777,0,8,11,6,Matches
Lucas Martínez Quarta,ar ARG,DF,Fiorentina,24-279,1996,5.3,295,281,14,11,0,12,7,2,0,0,0,0,233,21,41,44,237,7,3,0,254,1,4,6,6,Matches
Lautaro Martínez,ar ARG,FW,Inter,23-175,1997,15.8,320,309,11,1,0,86,14,8,0,0,0,0,209,72,39,47,237,16,2,8,233,0,2,9,15,Matches
Adam Marušić,me MNE,DF,Lazio,28-119,1992,17.3,745,619,126,7,1,82,19,33,0,0,0,0,437,170,138,81,480,42,119,8,591,1,6,16,29,Matches
Andrea Masiello,it ITA,DF,Genoa,35-008,1986,14.0,632,604,28,19,0,33,27,3,0,0,0,0,423,67,142,132,453,30,9,2,528,2,11,9,7,Matches
Giuseppe Mastinu,it ITA,FW,Spezia,29-127,1991,0.4,12,12,0,0,0,1,0,0,0,0,0,0,8,2,2,11,0,0,0,1,9,0,0,0,0,Matches
Ryder Matos,br BRA,MF,Udinese,27-352,1993,0.1,7,7,0,0,0,1,1,2,0,0,0,0,4,0,3,0,6,1,0,0,5,0,1,0,0,Matches
Federico Mattiello,it ITA,DF,Spezia,25-214,1995,0.4,42,35,7,0,0,4,1,1,0,0,0,0,18,9,15,17,16,0,7,1,29,0,0,0,2,Matches
Borja Mayoral,es ESP,FW,Roma,23-314,1997,6.1,145,134,11,0,0,26,3,1,0,0,0,0,109,21,15,25,110,3,0,3,117,0,1,5,1,Matches
Antonio Mazzotta,it ITA,DF,Crotone,31-195,1989,0.6,11,9,2,1,0,2,1,1,0,0,0,0,6,1,4,8,2,0,1,0,7,0,0,1,0,Matches
Ibrahima Mbaye,sn SEN,DF,Bologna,26-086,1994,0.8,37,31,6,1,0,8,1,0,0,0,0,0,25,5,7,6,24,0,5,0,33,0,1,0,0,Matches
Weston McKennie,us USA,MF,Juventus,22-169,1998,10.8,442,434,8,4,3,80,5,7,0,0,0,0,334,57,51,86,323,10,4,4,382,1,8,6,9,Matches
Gary Medel,cl CHI,"DF,MF",Bologna,33-194,1987,4.7,258,243,15,12,0,16,8,0,0,0,0,0,192,35,31,35,203,11,3,1,238,0,1,2,2,Matches
Soualiho Meïté,fr FRA,MF,Torino,26-333,1994,10.2,383,381,2,2,0,63,14,3,0,0,0,0,296,34,53,66,296,11,0,4,314,1,5,8,8,Matches
Soualiho Meïté,fr FRA,MF,Milan,26-333,1994,1.7,63,61,2,2,0,7,5,1,0,0,0,0,46,7,10,14,43,4,0,0,58,0,0,1,1,Matches
Filippo Melegoni,it ITA,MF,Genoa,21-361,1999,1.2,75,64,11,1,0,13,4,3,10,5,2,0,51,11,13,3,67,4,0,0,56,2,1,1,0,Matches
Arthur Melo,br BRA,MF,Juventus,24-185,1996,9.3,768,753,15,14,0,81,18,0,1,1,0,0,654,69,45,34,715,14,0,4,727,1,3,5,6,Matches
Alex Meret,it ITA,GK,Napoli,23-328,1997,8.0,235,193,42,7,0,17,1,0,0,0,0,0,186,8,41,144,46,0,0,42,213,1,2,3,0,Matches
Yıldırım Mert Çetin,tr TUR,DF,Hellas Verona,24-043,1997,3.1,132,126,6,4,0,22,2,0,0,0,0,0,79,25,28,18,94,6,2,0,105,1,3,2,3,Matches
Dries Mertens,be BEL,"MF,FW",Napoli,33-283,1987,8.6,328,287,41,6,1,49,11,22,21,4,12,3,200,57,71,23,294,3,0,8,234,1,4,8,16,Matches
Junior Messias,br BRA,"FW,MF",Crotone,29-276,1991,19.8,674,607,67,20,0,141,15,36,22,13,0,1,442,109,123,526,87,28,10,8,478,3,22,18,19,Matches
Valentin Mihaila,ro ROU,"MF,FW",Parma,21-011,2000,1.6,61,58,3,0,0,5,1,2,1,0,0,1,43,9,9,5,48,5,2,1,44,0,1,1,8,Matches
Nikola Milenković,rs SRB,DF,Fiorentina,23-124,1997,18.7,1083,1013,70,37,0,101,31,2,0,0,0,0,801,131,151,85,845,73,33,1,960,3,11,7,12,Matches
Sergej Milinković-Savić,rs SRB,MF,Lazio,25-352,1995,17.0,930,909,21,11,3,164,28,20,0,0,0,0,565,159,206,170,662,33,10,11,724,5,20,21,19,Matches
Vanja Milinković-Savić,rs SRB,GK,Torino,23-359,1997,2.0,64,50,14,7,0,3,0,0,0,0,0,0,44,1,19,4,51,0,0,9,48,0,1,0,0,Matches
Vincenzo Millico,it ITA,"FW,MF",Torino,20-185,2000,0.2,10,9,1,0,0,2,2,0,1,1,0,0,7,1,2,1,9,0,0,0,9,0,1,0,0,Matches
Aleksei Miranchuk,ru RUS,"MF,FW",Atalanta,25-119,1995,3.5,185,177,8,2,0,41,4,6,5,0,5,0,140,19,26,162,12,2,1,1,140,0,3,4,4,Matches
Antonio Mirante,it ITA,GK,Roma,37-220,1983,10.8,349,250,99,34,0,15,4,0,0,0,0,0,201,24,124,19,254,0,0,61,282,0,5,3,1,Matches
Henrikh Mkhitaryan,am ARM,"FW,MF",Roma,32-023,1989,19.5,826,809,17,5,5,128,19,30,2,2,0,0,599,150,77,151,619,27,9,10,637,3,12,30,38,Matches
Johan Mojica,co COL,"DF,FW",Atalanta,28-176,1992,3.3,227,205,22,0,0,21,0,13,0,0,0,0,159,43,25,174,23,6,22,0,182,0,3,3,10,Matches
Nahuel Molina,ar ARG,DF,Udinese,23-073,1997,4.5,212,172,40,4,1,11,9,15,0,0,0,0,126,48,38,14,155,5,36,1,156,0,3,8,13,Matches
Salvatore Molina,it ITA,"MF,DF",Crotone,29-043,1992,12.5,578,535,43,11,1,96,17,23,2,2,0,0,375,87,116,169,350,15,30,4,450,3,16,12,21,Matches
Gabriele Moncini,it ITA,FW,Benevento,24-293,1996,3.4,69,65,4,0,0,26,1,0,0,0,0,0,39,15,15,4,43,13,0,4,43,1,1,3,2,Matches
Lorenzo Montipò,it ITA,GK,Benevento,24-359,1996,22.0,767,505,262,98,0,48,25,0,0,0,0,0,320,31,416,74,568,1,0,103,520,2,21,6,3,Matches
Luca Mora,it ITA,MF,Spezia,32-279,1988,1.3,60,58,2,2,0,12,2,1,0,0,0,0,39,13,8,32,22,3,0,0,41,0,1,0,2,Matches
Álvaro Morata,es ESP,FW,Juventus,28-113,1992,11.8,350,334,16,0,4,71,7,13,0,0,0,0,242,71,37,35,275,15,1,10,267,3,3,11,13,Matches
Mert Müldür,tr TUR,DF,Sassuolo,21-316,1999,11.7,633,540,93,8,1,46,1,19,0,0,0,0,402,139,92,45,477,21,85,0,501,1,8,12,30,Matches
Luis Muriel,co COL,FW,Atalanta,29-303,1991,7.2,316,281,35,6,1,68,16,14,13,9,3,1,199,60,57,54,221,21,4,5,231,1,9,7,15,Matches
Vedat Muriqi,xk KVX,FW,Lazio,26-295,1994,3.4,101,100,1,0,0,33,0,2,0,0,0,0,65,24,12,59,18,5,0,3,71,0,0,1,3,Matches
Nicola Murru,it ITA,DF,Torino,26-059,1994,4.8,288,232,56,5,0,26,4,14,1,0,0,0,150,50,88,203,20,10,50,0,201,4,4,11,12,Matches
Mateo Musacchio,ar ARG,DF,Milan,30-171,1990,0.4,22,21,1,1,0,2,0,0,0,0,0,0,16,2,4,5,15,1,0,1,21,0,0,0,0,Matches
Mateo Musacchio,ar ARG,DF,Lazio,30-171,1990,1.5,79,76,3,2,0,5,2,0,0,0,0,0,67,8,4,7,69,1,1,0,70,0,0,0,2,Matches
Juan Musso,ar ARG,GK,Udinese,26-283,1994,19.0,551,378,173,52,0,30,7,0,0,0,0,0,257,30,264,46,387,0,0,83,385,2,13,10,1,Matches
Joakim Mæhle,dk DEN,DF,Atalanta,23-269,1997,2.8,150,123,27,2,0,21,0,9,0,0,0,0,93,33,24,12,107,2,25,1,121,0,0,7,3,Matches
Mbala N'Zola,fr FRA,FW,Spezia,24-179,1996,12.0,287,258,29,0,2,78,7,2,0,0,0,0,219,42,26,215,49,10,0,3,242,1,3,8,6,Matches
Radja Nainggolan,be BEL,MF,Cagliari,32-285,1988,5.6,254,250,4,2,2,26,22,19,0,0,0,0,166,38,50,29,218,3,2,1,193,0,9,6,15,Matches
Radja Nainggolan,be BEL,MF,Inter,32-285,1988,0.5,38,37,1,1,0,5,1,0,0,0,0,0,27,5,6,1,34,2,0,1,33,0,1,2,1,Matches
Nahitan Nández,uy URU,"MF,FW",Cagliari,25-047,1995,14.2,544,527,17,6,1,93,12,35,3,1,1,0,389,64,91,28,472,14,7,7,413,2,11,11,26,Matches
Ilija Nestorovski,mk MKD,FW,Udinese,30-338,1990,3.4,102,94,8,0,0,32,2,3,0,0,0,0,64,23,15,70,18,6,2,1,79,0,2,3,2,Matches
Nicolas Nkoulou,cm CMR,DF,Torino,30-323,1990,6.9,371,355,16,16,0,24,8,0,0,0,0,0,305,21,45,71,286,8,0,1,342,0,3,0,1,Matches
Bram Nuytinck,nl NED,DF,Udinese,30-285,1990,5.6,240,230,10,10,0,17,8,0,0,0,0,0,165,26,49,147,75,10,0,0,208,1,3,8,2,Matches
Simeon Nwankwo,ng NGA,FW,Crotone,28-282,1992,18.2,389,343,46,1,0,107,5,4,0,0,0,0,276,64,49,75,261,29,1,10,305,0,4,9,20,Matches
Pedro Obiang,gq EQG,MF,Sassuolo,28-323,1992,8.1,390,379,11,8,1,55,3,1,0,0,0,0,324,28,38,56,316,5,3,0,336,1,7,7,6,Matches
Brain Oddei,it ITA,"MF,FW",Sassuolo,18-148,2002,0.2,14,14,0,0,0,3,0,4,0,0,0,0,9,1,4,11,3,0,0,0,10,0,0,0,2,Matches
Stefano Okaka,it ITA,FW,Udinese,31-188,1989,7.6,149,137,12,0,0,36,2,2,0,0,0,0,115,21,13,3,126,8,0,4,124,0,3,1,1,Matches
Christian Oliva,uy URU,MF,Cagliari,24-257,1996,4.3,181,169,12,12,0,17,3,2,0,0,0,0,138,8,35,10,157,9,0,0,153,0,2,3,1,Matches
Jerome Onguene,cm CMR,DF,Genoa,23-053,1997,0.5,14,12,2,1,0,2,0,0,0,0,0,0,8,2,4,0,13,0,1,0,9,0,1,1,1,Matches
Riccardo Orsolini,it ITA,"FW,MF",Bologna,24-020,1997,11.6,448,407,41,11,1,67,32,18,28,17,8,1,272,76,100,367,49,18,2,1,307,1,6,13,29,Matches
Victor Osimhen,ng NGA,FW,Napoli,22-046,1998,5.9,93,89,4,0,0,35,3,8,0,0,0,0,65,8,20,6,72,6,0,2,61,0,2,3,6,Matches
Yordan Osorio,ve VEN,DF,Parma,26-279,1994,10.8,626,595,31,22,0,41,21,1,0,0,0,0,505,42,79,51,540,17,7,1,569,3,2,9,5,Matches
David Ospina,co COL,GK,Napoli,32-166,1988,12.0,405,348,57,21,0,44,9,0,0,0,0,0,260,14,131,54,301,0,0,34,334,0,1,4,0,Matches
Adam Ounas,dz ALG,FW,Crotone,24-094,1996,0.7,37,36,1,1,0,9,2,4,0,0,0,0,25,5,7,27,7,1,0,1,31,0,1,0,1,Matches
Adam Ounas,dz ALG,"MF,FW",Cagliari,24-094,1996,3.4,121,117,4,2,0,12,8,11,1,0,0,0,68,28,25,100,13,5,1,0,83,1,5,2,8,Matches
Thomas Ouwejan,nl NED,DF,Udinese,24-136,1996,3.5,191,151,40,8,0,15,6,27,10,0,9,1,97,33,61,148,17,3,22,0,117,2,7,2,11,Matches
Mattia Pagliuca,it ITA,MF,Bologna,18-294,2002,0.1,2,2,0,0,0,1,0,0,0,0,0,0,1,1,0,0,2,0,0,0,1,0,1,0,0,Matches
Rodrigo Palacio,ar ARG,FW,Bologna,39-008,1982,16.5,578,538,40,2,2,119,9,31,0,0,0,0,384,102,92,84,425,30,4,10,430,3,11,8,37,Matches
Alberto Paleari,it ITA,GK,Genoa,28-168,1992,1.3,44,31,13,3,0,1,1,0,0,0,0,0,21,0,23,1,37,0,0,5,26,0,1,1,0,Matches
Antonio Palumbo,it ITA,MF,Sampdoria,24-191,1996,0.1,1,1,0,0,0,1,0,0,0,0,0,0,1,0,0,0,1,0,0,0,1,0,0,0,0,Matches
Martin Palumbo,no NOR,MF,Udinese,18-345,2002,0.6,11,11,0,0,0,1,0,2,0,0,0,0,6,0,5,6,2,3,0,0,5,0,0,0,2,Matches
Goran Pandev,mk MKD,"FW,MF",Genoa,37-201,1983,8.7,240,232,8,0,0,49,6,5,1,1,0,0,173,37,30,174,50,7,0,1,183,1,2,7,9,Matches
Vittorio Parigini,it ITA,"FW,DF",Genoa,24-325,1996,0.6,26,20,6,0,0,5,0,3,2,1,1,0,9,12,5,8,11,1,4,1,15,0,0,1,3,Matches
Marco Parolo,it ITA,"DF,MF",Lazio,36-019,1985,4.2,190,180,10,5,0,25,5,0,0,0,0,0,111,32,47,47,114,16,5,3,152,2,1,2,5,Matches
Mario Pašalić,hr CRO,MF,Atalanta,26-004,1995,6.3,422,412,10,9,3,41,18,3,0,0,0,0,331,37,54,117,292,8,1,0,381,0,4,3,3,Matches
Christian Pastina,it ITA,DF,Benevento,19-364,2001,0.8,36,34,2,0,0,2,1,1,0,0,0,0,25,2,9,27,5,2,2,0,28,0,1,2,1,Matches
Patric,es ESP,DF,Lazio,27-302,1993,11.5,745,703,42,20,0,39,17,10,0,0,0,0,552,78,115,96,593,30,21,0,644,0,14,7,9,Matches
Leonardo Pavoletti,it ITA,FW,Cagliari,32-079,1988,6.8,170,158,12,0,0,63,2,3,0,0,0,0,81,51,38,21,94,12,0,9,113,0,6,7,6,Matches
Nehuén Paz,ar ARG,DF,Bologna,27-291,1993,4.0,238,229,9,6,0,32,8,0,0,0,0,0,164,25,49,176,22,15,2,2,204,0,4,3,2,Matches
Pedro,es ESP,"FW,MF",Roma,33-200,1987,11.2,422,414,8,5,1,60,11,18,3,1,1,1,314,54,54,131,276,9,0,5,329,2,3,12,14,Matches
João Pedro,br BRA,"MF,FW",Cagliari,28-341,1992,20.7,637,624,13,6,4,154,20,20,1,0,0,0,412,110,115,79,489,28,0,17,461,3,11,20,36,Matches
Gianluca Pegolo,it ITA,GK,Sassuolo,39-325,1981,1.0,21,11,10,2,0,1,0,0,0,0,0,0,19,0,2,5,14,0,0,2,20,0,0,0,0,Matches
Lorenzo Pellegrini,it ITA,"MF,FW",Roma,24-239,1996,16.5,869,757,112,30,4,109,47,20,67,25,27,2,611,92,166,107,726,23,1,3,689,5,8,13,24,Matches
Luca Pellegrini,it ITA,"DF,MF",Genoa,21-343,1999,6.6,320,268,52,6,0,47,4,18,0,0,0,0,174,68,78,216,45,7,46,4,223,2,10,7,13,Matches
Federico Peluso,it ITA,DF,Sassuolo,37-024,1984,1.1,97,87,10,9,0,10,1,0,0,0,0,0,82,6,9,87,5,4,0,0,90,1,0,1,0,Matches
Andreas Pereira,br BRA,"MF,FW",Lazio,25-043,1996,3.1,137,124,13,6,2,25,6,11,5,3,1,0,84,18,35,17,114,2,1,0,95,2,3,2,7,Matches
Pedro Pereira,pt POR,DF,Crotone,23-022,1998,17.0,610,488,122,2,1,92,12,33,0,0,0,0,327,135,148,62,404,12,120,1,464,2,18,19,24,Matches
Gastón Pereiro,uy URU,"MF,FW",Cagliari,25-247,1995,1.6,64,59,5,2,0,11,2,3,1,0,1,0,42,10,12,53,8,0,2,0,46,0,1,3,2,Matches
Bruno Peres,br BRA,DF,Roma,30-349,1990,6.5,328,277,51,6,0,30,5,21,1,0,1,0,224,64,40,47,231,3,44,1,279,0,4,6,5,Matches
Roberto Pereyra,ar ARG,MF,Udinese,30-037,1991,17.7,700,670,30,5,0,103,18,17,15,8,0,0,511,111,78,85,575,19,8,8,586,4,3,17,26,Matches
Carles Pérez,es ESP,"MF,FW",Roma,22-363,1998,3.8,149,147,2,0,0,18,2,4,1,0,1,0,124,16,9,133,12,2,0,0,120,2,1,5,5,Matches
Mattia Perin,it ITA,GK,Genoa,28-095,1992,18.0,663,425,238,77,0,35,26,0,0,0,0,0,245,23,395,120,427,0,0,68,411,3,15,3,2,Matches
Ivan Perišić,hr CRO,"DF,FW",Inter,32-011,1989,11.2,461,394,67,3,1,47,17,50,5,1,2,0,243,101,117,160,202,30,58,3,326,0,8,17,24,Matches
Matteo Pessina,it ITA,MF,Atalanta,23-298,1997,9.7,501,495,6,2,1,93,6,7,0,0,0,0,400,50,51,428,51,8,2,3,428,3,4,14,9,Matches
Andrea Petagna,it ITA,FW,Napoli,25-228,1995,10.1,220,204,16,0,0,53,3,6,0,0,0,0,150,39,31,126,63,13,1,3,177,0,3,6,7,Matches
Jacopo Petriccione,it ITA,MF,Crotone,25-357,1995,4.6,223,209,14,9,1,23,6,2,5,2,1,0,141,24,58,23,190,8,0,0,174,0,3,6,4,Matches
Jens Petter Hauge,no NOR,"FW,MF",Milan,21-124,1999,5.0,165,162,3,0,1,27,2,2,0,0,0,0,130,18,17,18,129,14,2,0,129,0,1,6,13,Matches
Germán Pezzella,ar ARG,DF,Fiorentina,29-231,1991,14.6,702,684,18,17,0,47,14,2,0,0,0,0,545,50,107,143,504,32,1,4,616,4,15,4,5,Matches
Giuseppe Pezzella,it ITA,DF,Parma,23-076,1997,10.5,520,447,73,7,0,42,12,31,5,3,1,0,328,95,97,393,54,6,61,3,412,4,8,9,27,Matches
Cristiano Piccini,it ITA,DF,Atalanta,28-140,1992,0.7,18,12,6,0,0,3,0,0,0,0,0,0,9,5,4,4,8,0,6,0,14,0,0,0,0,Matches
Roberto Piccoli,it ITA,FW,Spezia,20-017,2001,4.4,97,82,15,0,0,26,0,2,0,0,0,0,59,19,19,13,56,13,0,4,64,1,2,2,5,Matches
Andrea Pinamonti,it ITA,FW,Inter,21-270,1999,0.6,25,25,0,0,0,4,0,0,0,0,0,0,23,2,0,6,19,0,0,0,20,0,0,1,1,Matches
Fabio Pisacane,it ITA,DF,Cagliari,35-016,1986,2.5,92,86,6,2,0,6,0,1,0,0,0,0,70,12,10,24,59,2,4,0,76,0,0,4,2,Matches
Marko Pjaca,hr CRO,"FW,MF",Genoa,25-283,1995,8.6,255,248,7,0,0,46,3,6,1,0,1,0,205,24,26,23,211,12,1,3,213,1,2,5,7,Matches
Tommaso Pobega,it ITA,MF,Spezia,21-213,1999,9.0,299,299,0,0,0,48,8,4,0,0,0,0,209,38,52,217,59,16,0,1,225,0,3,7,12,Matches
Andrea Poli,it ITA,MF,Bologna,31-137,1989,2.4,117,114,3,3,0,8,0,1,0,0,0,0,96,12,9,13,101,2,0,0,104,0,0,1,5,Matches
Matteo Politano,it ITA,"FW,MF",Napoli,27-194,1993,8.2,378,339,39,0,1,55,12,17,28,5,7,3,269,42,67,307,47,9,9,3,289,0,7,9,16,Matches
Manolo Portanova,it ITA,FW,Genoa,20-256,2000,0.1,3,3,0,0,0,2,0,0,0,0,0,0,2,1,0,0,3,0,0,0,2,0,0,0,0,Matches
Manolo Portanova,it ITA,"FW,MF",Juventus,20-256,2000,0.8,23,23,0,0,0,4,0,0,0,0,0,0,20,2,1,1,21,0,0,0,21,0,0,0,0,Matches
Ivan Provedel,it ITA,GK,Spezia,26-333,1994,18.0,912,750,162,62,0,71,35,0,0,0,0,0,460,50,402,88,722,0,0,78,675,3,16,17,0,Matches
Erick Pulgar,cl CHI,MF,Fiorentina,27-029,1994,7.0,458,419,39,21,0,52,22,7,14,5,9,0,322,64,72,51,382,17,2,2,383,0,3,8,9,Matches
Ignacio Pussetto,ar ARG,FW,Udinese,25-054,1995,8.4,193,183,10,0,1,53,2,14,0,0,0,0,126,40,27,7,156,10,4,2,128,0,5,4,9,Matches
Fabio Quagliarella,it ITA,FW,Sampdoria,38-013,1983,14.2,259,224,35,0,1,71,9,8,0,0,0,0,148,59,52,31,189,19,2,6,180,2,4,10,15,Matches
Simone Rabbi,it ITA,FW,Bologna,19-106,2001,0.4,10,8,2,0,0,1,0,0,0,0,0,0,7,1,2,0,9,0,1,0,7,0,0,0,1,Matches
Adrien Rabiot,fr FRA,MF,Juventus,25-316,1995,11.7,713,698,15,12,2,87,11,6,0,0,0,0,580,78,55,543,123,31,3,2,642,2,4,8,12,Matches
Ivan Radovanović,rs SRB,"DF,MF",Genoa,32-168,1988,12.5,486,466,20,18,0,45,19,2,2,2,0,0,343,31,112,77,372,28,0,0,391,1,5,2,7,Matches
Ștefan Radu,ro ROU,DF,Lazio,34-114,1986,15.3,888,853,35,17,0,75,14,21,0,0,0,0,615,102,171,735,75,42,17,2,741,4,18,17,15,Matches
Rafael,br BRA,GK,Spezia,38-347,1982,1.3,57,41,16,5,0,6,1,0,0,0,0,0,24,6,27,41,6,0,0,7,39,0,2,0,0,Matches
Gastón Ramírez,uy URU,"FW,MF",Sampdoria,30-073,1990,7.4,336,286,50,17,1,58,15,15,29,13,10,2,194,49,93,279,26,10,1,3,237,2,4,9,11,Matches
Aaron Ramsey,wal WAL,"MF,FW",Juventus,30-049,1990,8.3,527,510,17,5,4,67,10,14,6,1,3,0,402,69,56,103,398,17,3,3,445,5,2,16,12,Matches
Andrea Ranocchia,it ITA,DF,Inter,32-363,1988,3.8,303,295,8,6,0,22,2,0,0,0,0,0,267,19,17,25,255,8,2,1,289,0,3,2,0,Matches
Giacomo Raspadori,it ITA,"FW,MF",Sassuolo,20-361,2000,6.1,155,129,26,5,1,34,12,4,13,3,5,3,108,21,26,49,101,3,0,2,121,1,5,3,5,Matches
Federico Ravaglia,it ITA,GK,Bologna,21-094,1999,1.0,31,23,8,2,0,1,0,0,0,0,0,0,29,1,1,6,24,0,0,1,29,0,1,0,0,Matches
Ante Rebić,hr CRO,FW,Milan,27-145,1993,10.3,241,233,8,0,3,43,5,19,0,0,0,0,152,45,44,73,144,11,1,3,150,2,10,8,20,Matches
Arkadiusz Reca,pl POL,DF,Crotone,25-241,1995,16.7,717,583,134,3,0,111,18,63,1,0,0,0,398,164,155,343,193,37,130,4,492,4,12,32,42,Matches
Vasco Regini,it ITA,DF,Sampdoria,30-157,1990,0.9,31,23,8,2,0,4,0,1,0,0,0,0,17,6,8,22,1,1,6,0,27,0,1,0,0,Matches
Pepe Reina,es ESP,GK,Lazio,38-166,1982,15.0,623,515,108,33,0,66,11,0,0,0,0,0,337,29,257,54,480,0,0,59,489,3,8,3,0,Matches
Franck Ribéry,fr FRA,FW,Fiorentina,37-312,1983,13.6,547,531,16,5,3,100,23,18,0,0,0,0,435,69,43,65,457,8,9,4,474,2,2,9,14,Matches
Federico Ricci,it ITA,FW,Sassuolo,26-262,1994,0.0,4,4,0,0,0,0,0,0,0,0,0,0,4,0,0,3,1,0,0,0,4,0,0,0,0,Matches
Giacomo Ricci,it ITA,DF,Parma,24-164,1996,0.7,26,22,4,0,0,1,1,1,0,0,0,0,14,4,8,20,1,0,4,0,19,0,2,0,1,Matches
Matteo Ricci,it ITA,MF,Spezia,26-262,1994,12.7,874,820,54,51,2,85,33,2,3,1,0,1,607,103,164,84,752,27,0,3,757,4,11,17,11,Matches
Tomás Rincón,ve VEN,MF,Torino,33-031,1988,19.0,891,846,45,41,2,130,43,3,1,1,0,0,666,66,159,103,732,32,0,4,771,3,10,11,9,Matches
Andrea Rispoli,it ITA,DF,Crotone,32-137,1988,4.3,208,166,42,1,0,30,9,12,2,1,0,0,102,50,56,22,138,6,39,0,148,0,1,6,16,Matches
Emmanuel Rivière,fr FRA,"FW,MF",Crotone,30-347,1990,5.7,125,121,4,0,0,46,1,1,0,0,0,0,79,28,18,19,91,6,0,0,98,0,0,2,6,Matches
Ricardo Rodríguez,ch SUI,DF,Torino,28-172,1992,11.4,636,566,70,14,1,79,22,7,0,0,0,0,437,76,123,418,135,16,56,3,540,4,6,11,13,Matches
Marko Rog,hr CRO,MF,Cagliari,25-209,1995,12.9,617,593,24,22,1,75,7,6,1,1,0,0,479,62,76,69,518,22,0,3,540,0,7,13,8,Matches
Rogério,br BRA,DF,Sassuolo,23-031,1998,11.6,693,598,95,17,0,70,9,28,1,1,0,0,487,119,87,554,44,12,77,2,578,0,5,8,21,Matches
Luis Rojas,cl CHI,"FW,MF",Crotone,18-344,2002,0.2,12,11,1,0,0,3,0,0,0,0,0,0,9,2,1,1,10,0,0,0,11,0,0,0,1,Matches
Alessio Romagnoli,it ITA,DF,Milan,26-032,1995,16.0,723,699,24,24,0,38,5,1,0,0,0,0,585,60,78,603,72,29,0,2,653,2,5,7,4,Matches
Cristian Romero,ar ARG,DF,Atalanta,22-292,1998,13.6,572,541,31,31,2,86,11,0,0,0,0,0,430,77,65,59,442,32,0,2,510,1,3,7,8,Matches
Cristiano Ronaldo,pt POR,FW,Juventus,36-008,1985,16.1,628,605,23,6,3,99,15,36,2,0,0,0,477,82,69,91,502,10,10,9,499,4,9,17,25,Matches
Marten de Roon,nl NED,MF,Atalanta,29-321,1991,18.1,1181,1136,45,34,2,116,42,10,1,1,0,0,876,129,176,142,943,52,10,1,1006,6,15,13,16,Matches
Nicolò Rovella,it ITA,MF,Genoa,19-071,2001,6.7,329,314,15,10,0,32,10,3,3,1,2,0,258,19,52,16,305,6,1,0,274,2,6,5,5,Matches
Amir Rrahmani,xk KVX,DF,Napoli,26-355,1994,0.9,78,77,1,1,0,4,4,0,0,0,0,0,70,5,3,8,66,4,0,0,74,0,1,1,0,Matches
Kevin Rüegg,ch SUI,"MF,DF",Hellas Verona,22-192,1998,1.3,37,30,7,0,0,8,1,1,0,0,0,0,20,6,11,0,26,2,7,0,23,0,3,0,3,Matches
Daniele Rugani,it ITA,DF,Cagliari,26-199,1994,1.0,31,30,1,1,0,3,0,0,0,0,0,0,24,2,5,11,17,1,0,1,23,0,1,3,1,Matches
Matteo Ruggeri,it ITA,DF,Atalanta,18-217,2002,2.3,116,105,11,1,0,5,1,7,0,0,0,0,81,19,16,95,8,1,10,0,94,0,1,3,1,Matches
Mário Rui,pt POR,DF,Napoli,29-262,1991,11.7,939,810,129,32,0,74,28,48,20,10,3,1,596,154,189,771,64,21,77,2,767,5,8,23,28,Matches
Fabián Ruiz Peña,es ESP,MF,Napoli,24-316,1996,12.3,943,909,34,27,1,109,42,11,5,3,0,0,713,126,104,835,82,16,2,4,848,4,8,18,10,Matches
Alexis Saelemaekers,be BEL,FW,Milan,21-231,1999,11.0,419,411,8,0,1,52,8,26,4,2,1,1,323,56,40,84,310,14,4,6,317,1,5,11,11,Matches
Jacopo Sala,it ITA,DF,Spezia,29-070,1991,4.2,275,228,47,6,0,16,4,9,1,0,0,0,179,53,43,18,204,11,40,1,235,0,2,3,3,Matches
Eddy Salcedo,it ITA,FW,Hellas Verona,19-135,2001,4.3,142,140,2,0,2,43,0,4,0,0,0,0,81,35,26,8,103,10,1,7,97,0,6,1,8,Matches
Alexis Sánchez,cl CHI,FW,Inter,32-056,1988,7.9,343,320,23,7,3,50,11,8,12,1,6,1,231,51,61,24,305,5,0,4,275,3,1,10,11,Matches
Alex Sandro,br BRA,DF,Juventus,30-018,1991,5.4,413,380,33,3,0,28,7,16,0,0,0,0,292,70,51,321,43,8,30,3,344,2,5,12,15,Matches
Nicola Sansone,it ITA,"FW,MF",Bologna,29-156,1991,5.4,237,206,31,8,1,27,7,7,15,6,5,1,183,21,33,24,201,4,5,1,187,2,4,0,8,Matches
Federico Santander,py PAR,FW,Bologna,29-254,1991,0.4,17,16,1,0,0,6,0,1,0,0,0,0,10,3,4,2,8,4,0,1,12,1,0,0,0,Matches
Davide Santon,it ITA,DF,Roma,30-042,1991,2.8,104,85,19,1,0,6,0,8,0,0,0,0,62,23,19,19,60,6,18,1,83,0,0,0,2,Matches
Samir Santos,br BRA,DF,Udinese,26-070,1994,19.6,1007,909,98,29,1,79,11,15,0,0,0,0,747,89,171,744,133,35,69,3,869,5,9,9,15,Matches
Riccardo Saponara,it ITA,FW,Fiorentina,29-054,1991,0.6,42,41,1,0,0,9,0,0,0,0,0,0,34,5,3,12,27,1,1,0,38,0,0,2,0,Matches
Riccardo Saponara,it ITA,"FW,MF",Spezia,29-054,1991,0.3,12,12,0,0,0,0,3,1,0,0,0,0,7,1,4,4,8,0,0,0,11,0,0,0,0,Matches
Marco Sau,it ITA,"MF,FW",Benevento,33-102,1987,5.8,183,149,34,12,0,36,7,14,17,7,8,1,111,23,49,20,153,5,0,0,126,0,0,7,10,Matches
Gianluca Scamacca,it ITA,FW,Genoa,22-043,1999,8.6,209,199,10,0,1,49,12,9,0,0,0,0,111,53,45,13,154,17,0,7,143,0,3,4,9,Matches
Nicolás Schiappacasse,uy URU,MF,Sassuolo,22-032,1999,0.2,1,1,0,0,0,0,0,0,0,0,0,0,1,0,0,0,1,0,0,0,1,0,0,0,0,Matches
Pasquale Schiattarella,it ITA,MF,Benevento,33-259,1987,16.9,884,818,66,59,3,134,23,3,0,0,0,0,632,88,164,113,718,40,3,4,715,6,7,14,19,Matches
Jerdy Schouten,nl NED,MF,Bologna,24-032,1997,18.2,877,859,18,12,1,109,26,4,2,0,1,1,663,101,113,56,761,37,0,4,763,3,8,16,12,Matches
Matteo Scozzarella,it ITA,MF,Parma,32-253,1988,1.7,109,93,16,6,0,11,8,4,10,4,4,1,79,4,26,5,102,2,0,0,85,1,3,2,0,Matches
Jacopo Segre,it ITA,MF,Torino,23-362,1997,2.1,106,104,2,1,0,12,4,0,0,0,0,0,90,8,8,8,94,1,1,0,94,0,0,1,0,Matches
Léo Sena,br BRA,MF,Spezia,25-044,1995,1.2,37,36,1,1,0,3,3,1,0,0,0,0,25,6,6,3,32,2,0,0,32,0,1,0,0,Matches
Stefano Sensi,it ITA,MF,Inter,25-192,1995,3.3,205,181,24,5,0,22,8,6,12,3,2,0,150,26,29,26,168,5,5,1,169,1,2,2,1,Matches
Luigi Sepe,it ITA,GK,Parma,29-281,1991,21.0,802,570,232,65,0,39,19,0,0,0,0,0,406,45,351,504,152,1,0,112,635,3,11,4,1,Matches
Eldor Shomurodov,uz UZB,FW,Genoa,25-229,1995,9.4,234,230,4,0,1,53,1,6,0,0,0,0,139,58,37,44,143,22,0,5,160,0,8,9,15,Matches
Luca Siligardi,it ITA,FW,Parma,33-018,1988,0.4,22,19,3,1,0,4,0,1,1,0,0,1,13,5,4,18,4,0,0,0,15,0,0,0,3,Matches
Luca Siligardi,it ITA,MF,Crotone,33-018,1988,0.5,22,22,0,0,0,5,0,0,0,0,0,0,15,2,5,18,4,0,0,0,17,0,0,0,0,Matches
Adrien Silva,pt POR,MF,Sampdoria,31-335,1989,9.2,494,467,27,23,0,69,22,5,2,0,0,0,355,52,87,98,370,16,2,4,430,1,3,10,3,Matches
Marco Silvestri,it ITA,GK,Hellas Verona,29-348,1991,21.0,619,395,224,46,0,28,3,0,0,0,0,0,132,15,472,36,483,0,0,42,276,1,16,3,3,Matches
Giovanni Simeone,ar ARG,FW,Cagliari,25-223,1995,13.3,235,200,35,0,0,46,2,4,0,0,0,0,171,38,26,18,187,17,0,6,178,1,3,6,6,Matches
Wilfried Singo,ci CIV,DF,Torino,20-050,2000,13.7,679,543,136,13,1,82,15,44,0,0,0,0,388,156,135,43,470,29,123,1,528,0,7,11,24,Matches
Salvatore Sirigu,it ITA,GK,Torino,34-032,1987,19.0,615,413,202,58,0,37,5,0,0,0,0,0,322,21,272,66,461,0,1,63,462,1,6,3,3,Matches
Łukasz Skorupski,pl POL,GK,Bologna,29-284,1991,15.0,496,358,138,28,0,27,20,0,0,0,0,0,310,25,161,68,336,0,0,78,384,3,9,4,3,Matches
Andreas Skov Olsen,dk DEN,FW,Bologna,21-046,1999,4.6,187,173,14,0,0,16,6,12,14,11,0,1,120,30,37,126,49,7,0,0,136,1,1,7,4,Matches
Milan Škriniar,sk SVK,DF,Inter,26-002,1995,15.9,1171,1123,48,35,0,78,14,0,0,0,0,0,995,91,85,134,966,36,13,9,1086,0,8,22,3,Matches
Chris Smalling,eng ENG,DF,Roma,31-083,1989,9.6,505,487,18,15,0,33,10,0,0,0,0,0,400,45,60,31,426,31,1,1,464,0,5,3,2,Matches
Simon Sohm,ch SUI,"MF,FW",Parma,19-308,2001,6.7,327,318,9,5,1,41,11,0,4,1,1,1,242,38,47,63,240,19,0,0,285,0,3,10,5,Matches
Roberto Soriano,it ITA,MF,Bologna,30-005,1991,21.6,899,882,17,5,6,122,16,18,1,0,0,1,655,149,95,186,641,43,6,8,729,8,6,24,35,Matches
Riccardo Sottil,it ITA,"MF,FW",Cagliari,21-255,1999,13.0,384,369,15,3,1,61,12,29,11,3,5,1,288,44,52,68,306,3,1,3,287,1,8,10,19,Matches
Adama Soumaoro,fr FRA,DF,Bologna,28-240,1992,3.5,169,161,8,8,0,15,4,0,0,0,0,0,131,17,21,14,133,13,0,1,150,0,2,1,3,Matches
Leonardo Spinazzola,it ITA,DF,Roma,27-325,1993,16.1,811,721,90,3,5,103,15,49,0,0,0,0,518,141,152,199,504,16,87,1,635,1,7,16,35,Matches
Marco Sportiello,it ITA,GK,Atalanta,28-279,1992,7.3,201,150,51,14,0,15,4,0,0,0,0,0,123,15,63,7,152,0,0,41,165,0,5,0,0,Matches
Mattia Sprocati,it ITA,FW,Parma,27-291,1993,0.2,5,5,0,0,0,3,0,0,0,0,0,0,5,0,0,1,4,0,0,0,5,0,0,0,0,Matches
Thomas Strakosha,al ALB,GK,Lazio,25-331,1995,6.0,252,211,41,9,0,29,1,0,0,0,0,0,151,13,88,13,197,0,0,35,202,0,1,2,0,Matches
Kevin Strootman,nl NED,MF,Genoa,31-000,1990,2.9,133,130,3,2,1,13,0,0,0,0,0,0,88,14,31,109,17,4,1,0,99,3,0,2,3,Matches
Jens Stryger Larsen,dk DEN,DF,Udinese,29-358,1991,14.4,666,557,109,10,0,60,11,27,0,0,0,0,390,150,126,72,463,24,99,2,521,1,14,22,17,Matches
Stefano Sturaro,it ITA,MF,Genoa,27-341,1993,4.9,245,212,33,13,0,43,14,7,14,5,6,1,149,42,54,41,181,14,2,1,173,0,5,3,10,Matches
Bosko Sutalo,hr CRO,DF,Atalanta,21-043,2000,1.9,128,122,6,2,0,17,1,2,0,0,0,0,104,14,10,17,98,4,4,0,110,0,1,1,3,Matches
Mattias Svanberg,se SWE,MF,Bologna,22-039,1999,10.4,335,328,7,6,1,57,5,2,0,0,0,0,252,48,35,38,275,16,0,2,269,1,4,12,14,Matches
Wojciech Szczęsny,pl POL,GK,Juventus,30-301,1990,16.0,562,443,119,14,0,41,8,0,0,0,0,0,443,33,86,63,419,1,0,73,510,0,6,2,2,Matches
Adrien Tameze,cm CMR,MF,Hellas Verona,27-009,1994,16.8,660,632,28,23,1,110,8,14,0,0,0,0,449,92,119,66,527,38,3,4,517,2,14,10,18,Matches
Ciprian Tătărușanu,ro ROU,GK,Milan,35-004,1986,1.0,27,23,4,0,0,1,1,0,0,0,0,0,23,0,4,2,17,0,0,7,24,0,0,0,0,Matches
Andrés Tello,co COL,"MF,DF",Benevento,24-160,1996,2.6,106,100,6,1,0,21,2,1,2,1,1,0,67,19,20,13,79,3,3,1,77,0,1,4,6,Matches
Hidde ter Avest,nl NED,DF,Udinese,23-269,1997,3.9,210,182,28,0,1,14,2,13,0,0,0,0,131,39,40,21,154,7,28,0,155,3,2,2,8,Matches
Claudio Terzi,it ITA,DF,Spezia,36-239,1984,14.3,972,917,55,52,2,103,59,3,0,0,0,0,603,123,246,227,684,35,3,1,811,10,21,14,8,Matches
Morten Thorsby,no NOR,MF,Sampdoria,24-284,1996,17.6,559,544,15,5,0,148,5,5,0,0,0,0,352,106,101,87,357,42,10,2,417,1,10,20,17,Matches
Jeremy Toljan,de GER,DF,Sassuolo,26-189,1994,7.5,422,364,58,7,0,24,7,16,0,0,0,0,313,66,43,37,316,18,51,0,374,1,6,6,8,Matches
Rafael Tolói,br BRA,DF,Atalanta,30-126,1990,16.7,958,923,35,18,1,113,27,15,1,0,0,0,670,116,172,96,789,28,16,1,786,3,13,22,22,Matches
Takehiro Tomiyasu,jp JPN,DF,Bologna,22-100,1998,22.0,1196,1079,117,31,2,120,21,12,0,0,0,0,810,166,220,350,653,54,82,5,1005,3,15,18,19,Matches
Fikayo Tomori,eng ENG,DF,Milan,23-056,1997,2.0,93,82,11,3,0,8,2,0,0,0,0,0,75,4,14,12,73,6,0,0,85,2,1,0,0,Matches
Sandro Tonali,it ITA,MF,Milan,20-281,2000,9.7,511,490,21,14,0,50,20,5,7,5,2,0,383,52,76,41,448,15,0,2,411,2,12,12,13,Matches
Lorenzo Tonelli,it ITA,DF,Sampdoria,31-027,1990,13.4,565,525,40,37,0,66,28,0,0,0,0,0,340,67,158,97,406,37,3,0,450,0,9,6,7,Matches
Ernesto Torregrossa,it ITA,FW,Sampdoria,28-230,1992,1.7,35,33,2,1,0,9,0,0,0,0,0,0,25,10,0,29,2,0,0,1,26,0,0,1,2,Matches
Mattéo Tramoni,fr FRA,"FW,MF",Cagliari,21-024,2000,0.8,13,13,0,0,0,4,0,0,0,0,0,0,10,2,1,0,13,0,0,0,10,0,0,0,1,Matches
Alessandro Tripaldelli,it ITA,DF,Cagliari,22-004,1999,3.2,115,83,32,1,0,16,1,8,0,0,0,0,64,18,33,70,9,3,31,0,75,0,3,4,4,Matches
Alessandro Tuia,it ITA,DF,Benevento,30-250,1990,11.5,480,452,28,13,0,49,14,6,1,0,0,0,340,32,108,64,380,16,11,2,393,3,9,6,5,Matches
Ľubomír Tupta,sk SVK,MF,Hellas Verona,22-323,1998,0.6,10,9,1,1,0,0,1,0,0,0,0,0,6,4,0,2,8,0,0,0,8,0,0,1,0,Matches
Iyenoma Udogie,it ITA,"DF,MF",Hellas Verona,18-077,2002,0.6,36,31,5,0,0,2,0,0,0,0,0,0,29,5,2,27,3,0,5,0,29,0,0,1,2,Matches
Lautaro Valenti,ar ARG,DF,Parma,22-030,1999,1.5,89,85,4,4,0,5,1,0,0,0,0,0,75,6,8,68,17,4,0,0,77,0,1,0,0,Matches
Borja Valero,es ESP,"MF,FW",Fiorentina,36-032,1985,3.2,170,168,2,0,0,13,3,0,0,0,0,0,138,14,18,19,145,4,0,1,154,1,0,1,4,Matches
Denis Vavro,sk SVK,DF,Lazio,24-309,1996,0.4,17,17,0,0,0,2,0,0,0,0,0,0,14,1,2,3,13,1,0,0,17,0,0,0,0,Matches
Miguel Veloso,pt POR,MF,Hellas Verona,34-278,1986,8.7,490,462,28,24,1,64,7,9,2,0,1,0,303,75,112,332,109,34,2,2,386,4,6,10,12,Matches
Lorenzo Venuti,it ITA,DF,Fiorentina,25-307,1995,8.0,398,327,71,9,0,55,5,27,0,0,0,0,218,81,99,49,266,14,62,1,294,1,6,9,17,Matches
Daniele Verde,it ITA,FW,Spezia,24-238,1996,3.8,133,121,12,0,0,24,4,5,9,6,0,0,91,21,21,109,15,4,3,2,99,0,3,4,3,Matches
Simone Verdi,it ITA,"FW,MF",Torino,28-216,1992,9.6,369,280,89,31,1,50,32,34,48,5,33,2,195,59,115,190,166,9,3,1,240,2,10,7,17,Matches
Jordan Veretout,fr FRA,MF,Roma,27-349,1993,17.5,1064,986,78,34,1,109,48,19,40,20,12,3,805,118,141,172,866,15,2,0,908,3,9,12,17,Matches
Edoardo Vergani,it ITA,FW,Bologna,20-007,2001,0.1,2,2,0,0,0,0,0,0,0,0,0,0,2,0,0,0,2,0,0,0,2,0,0,0,0,Matches
Valerio Verre,it ITA,MF,Sampdoria,27-033,1994,6.8,332,320,12,6,0,60,15,9,4,1,2,0,209,51,72,79,231,9,2,4,236,2,8,9,20,Matches
Arturo Vidal,cl CHI,MF,Inter,33-267,1987,11.7,678,669,9,6,0,104,23,12,0,0,0,0,511,82,85,107,533,25,3,2,578,3,3,15,13,Matches
Ronaldo Vieira,gw GNB,MF,Hellas Verona,22-209,1998,2.0,95,93,2,2,0,16,2,0,0,0,0,0,61,12,22,14,68,7,0,1,75,0,4,0,1,Matches
Luca Vignali,it ITA,DF,Spezia,25-033,1996,7.3,503,417,86,14,0,59,10,9,0,0,0,0,282,126,95,76,325,17,72,1,404,0,11,14,10,Matches
Emanuel Vignato,it ITA,"FW,MF",Bologna,20-173,2000,8.0,401,362,39,5,1,55,12,25,22,7,11,0,251,71,79,55,321,11,12,1,288,0,5,17,24,Matches
Gonzalo Villar,es ESP,MF,Roma,22-327,1998,11.1,733,703,30,30,1,84,8,7,0,0,0,0,617,65,51,112,588,22,0,3,657,2,4,9,5,Matches
Nicolas Viola,it ITA,MF,Benevento,31-124,1989,2.9,113,94,19,12,1,10,5,2,5,1,4,0,56,19,38,79,23,8,1,0,73,0,1,2,1,Matches
Dušan Vlahović,rs SRB,FW,Fiorentina,21-016,2000,15.6,298,278,20,0,1,81,4,11,0,0,0,0,187,64,47,199,43,15,0,12,214,0,6,2,12,Matches
Mërgim Vojvoda,xk KVX,DF,Torino,26-012,1995,6.1,341,281,60,9,0,30,6,21,0,0,0,0,219,54,68,21,262,5,51,1,267,0,4,10,12,Matches
Stefan de Vrij,nl NED,DF,Inter,29-008,1992,17.4,1090,1062,28,27,1,77,21,1,0,0,0,0,930,70,90,149,869,38,1,3,1019,1,7,6,3,Matches
Giacomo Vrioni,al ALB,MF,Juventus,22-121,1998,0.0,2,2,0,0,0,0,0,0,0,0,0,0,2,0,0,1,1,0,0,0,2,0,0,0,0,Matches
Miloš Vulić,rs SRB,MF,Crotone,24-178,1996,11.8,433,403,30,18,0,98,8,11,9,5,1,1,302,50,81,40,364,14,3,1,332,1,1,8,10,Matches
Walace,br BRA,MF,Udinese,25-315,1995,8.0,390,380,10,10,0,66,10,3,0,0,0,0,313,40,37,42,334,9,0,1,342,3,5,12,5,Matches
Sebastian Walukiewicz,pl POL,DF,Cagliari,20-314,2000,17.0,801,771,30,24,0,64,23,1,0,0,0,0,610,57,134,51,697,32,5,2,689,2,9,14,7,Matches
Maya Yoshida,jp JPN,DF,Sampdoria,32-173,1988,15.0,673,636,37,21,0,46,36,0,0,0,0,0,459,74,140,118,488,39,16,2,572,2,9,10,3,Matches
Ashley Young,eng ENG,DF,Inter,35-219,1985,10.4,455,367,88,6,0,42,9,27,11,6,1,0,267,110,78,76,288,17,71,2,366,1,5,11,18,Matches
Mattia Zaccagni,it ITA,"MF,FW",Hellas Verona,25-242,1995,17.2,538,526,12,3,0,136,18,41,0,0,0,0,318,118,102,74,383,44,9,4,365,2,9,11,32,Matches
Miha Zajc,si SVN,MF,Genoa,26-227,1994,10.3,496,451,45,13,2,59,13,7,28,10,12,1,364,43,89,47,424,19,2,2,390,9,11,6,11,Matches
Niccolò Zanellato,it ITA,MF,Crotone,22-234,1998,10.6,470,453,17,13,1,72,10,2,3,0,0,0,351,52,67,63,375,21,1,1,387,1,7,11,11,Matches
Cristián Zapata,co COL,DF,Genoa,34-136,1986,6.8,329,309,20,19,0,36,8,0,0,0,0,0,264,21,44,80,229,10,1,0,291,0,3,0,4,Matches
Duván Zapata,co COL,FW,Atalanta,29-318,1991,14.2,424,392,32,1,1,125,6,24,0,0,0,0,332,56,36,93,299,13,2,4,332,1,6,10,21,Matches
Gabriele Zappa,it ITA,"DF,FW",Cagliari,21-053,1999,17.7,893,715,178,18,0,72,12,40,2,0,2,0,531,166,196,27,672,32,158,2,698,1,8,21,28,Matches
Davide Zappacosta,it ITA,DF,Genoa,28-247,1992,9.0,424,325,99,4,0,50,4,25,2,1,0,0,250,103,71,47,268,13,93,1,336,1,4,6,21,Matches
Simone Zaza,it ITA,FW,Torino,29-233,1991,8.8,168,159,9,0,1,47,3,3,0,0,0,0,103,33,32,115,20,8,5,9,116,0,3,4,10,Matches
Marvin Zeegelaar,nl NED,DF,Udinese,30-185,1990,14.2,552,483,69,5,0,89,8,30,0,0,0,0,325,119,108,317,124,24,64,1,417,3,8,21,25,Matches
Piotr Zieliński,pl POL,MF,Napoli,26-269,1994,13.5,684,646,38,14,1,78,29,25,20,5,12,0,508,91,85,187,478,13,2,2,561,4,8,14,13,Matches
Joshua Zirkzee,nl NED,FW,Parma,19-267,2001,0.4,12,11,1,0,0,0,0,0,0,0,0,0,11,0,1,3,8,1,0,0,6,0,0,2,0,Matches
Jeroen Zoet,nl NED,GK,Spezia,30-038,1991,1.7,60,47,13,5,0,6,1,0,0,0,0,0,33,4,23,11,37,0,0,11,48,0,1,0,0,Matches
Filip Đuričić,rs SRB,"MF,FW",Sassuolo,29-014,1992,12.7,478,467,11,3,3,99,1,6,2,0,1,0,389,57,32,66,383,9,4,7,371,2,4,10,34,Matches
