player,nationality,position,squad,age,birth_year,minutes_90s,cards_yellow,cards_red,cards_yellow_red,fouls,fouled,offsides,crosses,interceptions,tackles_won,pens_won,pens_conceded,own_goals,ball_recoveries,aerials_won,aerials_lost,aerials_won_pct,matches
Gennaro Acampora,it ITA,"MF,FW",Spezia,26-321,1994,3.2,1,0,0,5,10,1,6,2,5,0,0,0,20,0,3,0.0,Matches
Francesco Acerbi,it ITA,DF,Lazio,33-003,1988,17.3,3,0,0,16,12,2,13,34,28,0,0,0,217,37,9,80.4,Matches
Andrea Adorante,it ITA,FW,Parma,21-008,2000,0.1,0,0,0,0,0,0,0,0,0,0,0,0,1,0,1,0.0,Matches
Lucien Agoume,fr FRA,MF,Spezia,19-004,2002,7.8,2,0,0,15,7,0,0,14,10,0,0,0,91,9,6,60.0,Matches
Kevin Agudelo,co COL,FW,Spezia,22-091,1998,8.4,2,0,0,11,18,2,3,2,16,0,0,0,40,14,19,42.4,Matches
Jean-Daniel Akpa-Akpro,ci CIV,MF,Lazio,28-125,1992,7.4,7,0,0,24,7,0,1,14,19,0,0,0,68,5,4,55.6,Matches
Luis Alberto,es ESP,MF,Lazio,28-138,1992,15.6,3,0,0,11,22,2,16,8,20,0,0,0,138,3,6,33.3,Matches
Bruno Alves,pt POR,DF,Parma,39-078,1981,15.0,3,0,0,15,7,1,6,12,5,0,0,0,136,32,4,88.9,Matches
Sofyan Amrabat,ma MAR,MF,Fiorentina,24-176,1996,19.6,5,0,0,44,27,0,5,13,32,0,0,0,203,11,21,34.4,Matches
Djavan Anderson,nl NED,DF,Lazio,25-298,1995,0.8,0,0,0,1,1,0,1,0,0,0,0,0,10,1,0,100.0,Matches
Nícolas Andrade,br BRA,GK,Udinese,32-307,1988,2.0,0,0,0,0,0,0,0,0,0,0,0,0,5,0,0,,Matches
Philip Ankhrah,gh GHA,MF,Hellas Verona,18-139,2002,0.1,0,0,0,0,1,0,0,0,0,0,0,0,0,0,0,,Matches
Cristian Ansaldi,ar ARG,DF,Torino,34-146,1986,6.9,0,0,0,8,4,0,39,6,7,0,0,0,35,2,5,28.6,Matches
Tolgay Arslan,de GER,MF,Udinese,30-181,1990,11.6,8,0,0,26,23,0,0,8,24,0,0,0,123,9,5,64.3,Matches
Kristoffer Askildsen,no NOR,MF,Sampdoria,20-035,2001,0.5,2,0,0,3,0,0,0,0,0,0,0,0,1,1,2,33.3,Matches
Emil Audero,it ITA,GK,Sampdoria,24-026,1997,21.0,0,0,0,0,3,0,0,0,0,0,0,0,106,0,0,,Matches
Tommaso Augello,it ITA,DF,Sampdoria,26-167,1994,19.3,2,1,0,9,14,1,68,20,16,0,0,0,173,19,20,48.7,Matches
Kaan Ayhan,tr TUR,DF,Sassuolo,26-095,1994,7.7,3,0,0,8,2,0,3,8,9,0,0,0,49,14,14,50.0,Matches
Milan Badelj,hr CRO,MF,Genoa,31-354,1989,14.4,5,0,0,22,18,0,5,40,25,0,0,0,202,8,11,42.1,Matches
Tiemoué Bakayoko,fr FRA,MF,Napoli,26-180,1994,12.9,4,1,1,16,31,0,0,13,30,1,0,0,130,26,13,66.7,Matches
Keita Baldé,sn SEN,FW,Sampdoria,25-342,1995,5.5,3,1,0,14,18,2,5,1,5,0,1,0,19,6,19,24.0,Matches
Botond Balogh,hu HUN,DF,Parma,18-252,2002,1.6,1,0,0,1,0,0,0,0,3,0,0,0,7,1,3,25.0,Matches
Mattia Bani,it ITA,DF,Genoa,27-065,1993,10.2,4,0,0,13,8,1,0,18,8,0,0,0,115,40,25,61.5,Matches
Mattia Bani,it ITA,DF,Parma,27-065,1993,0.5,0,0,0,1,0,0,1,1,0,0,0,0,7,2,0,100.0,Matches
Antonín Barák,cz CZE,"MF,FW",Hellas Verona,26-072,1994,16.2,2,1,0,34,13,2,11,6,16,0,0,0,133,28,38,42.4,Matches
Federico Barba,it ITA,DF,Benevento,27-165,1993,15.2,4,0,0,12,5,1,13,32,13,0,0,0,136,17,15,53.1,Matches
Nicolò Barella,it ITA,MF,Inter,24-006,1997,18.0,4,0,0,32,36,2,27,16,26,0,1,0,184,24,18,57.1,Matches
Antonio Barreca,it ITA,DF,Fiorentina,25-332,1995,0.9,0,0,0,1,0,1,4,0,0,0,1,0,7,1,6,14.3,Matches
Musa Barrow,gm GAM,"FW,MF",Bologna,22-091,1998,19.1,0,0,0,11,18,9,47,4,3,0,0,0,93,18,44,29.0,Matches
Paolo Bartolomei,it ITA,MF,Spezia,31-176,1989,3.6,1,0,0,4,1,0,9,0,2,0,1,0,18,1,2,33.3,Matches
Daniele Baselli,it ITA,MF,Torino,28-338,1992,0.8,1,0,0,2,2,0,1,1,3,0,0,0,10,2,4,33.3,Matches
Alessandro Bastoni,it ITA,DF,Inter,21-306,1999,17.6,4,0,0,24,15,0,7,13,16,0,0,0,147,29,13,69.0,Matches
Simone Bastoni,it ITA,DF,Spezia,24-100,1996,9.8,4,0,0,17,17,0,22,10,18,0,0,0,86,11,17,39.3,Matches
Bastos,ao ANG,DF,Lazio,29-323,1991,0.7,0,0,0,1,4,0,0,0,2,0,0,0,8,1,0,100.0,Matches
Rodrigo Becão,br BRA,DF,Udinese,25-025,1996,18.5,5,0,0,28,26,0,2,26,21,0,0,0,169,38,19,66.7,Matches
Valon Behrami,ch SUI,MF,Genoa,35-300,1985,5.3,0,0,0,12,8,0,1,4,6,1,0,0,49,7,12,36.8,Matches
Andrea Belotti,it ITA,FW,Torino,27-055,1993,19.8,3,0,0,39,86,14,13,4,21,2,1,0,85,40,59,40.4,Matches
Ahmad Benali,ly LBY,MF,Crotone,29-006,1992,6.5,1,0,0,5,10,0,7,3,13,0,0,0,76,4,3,57.1,Matches
Ismaël Bennacer,dz ALG,MF,Milan,23-074,1997,7.4,1,0,0,13,18,0,3,9,12,1,1,0,98,11,8,57.9,Matches
Rodrigo Bentancur,uy URU,MF,Juventus,23-253,1997,13.6,5,0,0,21,19,1,5,19,22,0,0,0,154,14,16,46.7,Matches
Domenico Berardi,it ITA,"FW,MF",Sassuolo,26-196,1994,14.4,4,0,0,19,29,1,29,16,10,0,0,0,96,8,10,44.4,Matches
Álex Berenguer,es ESP,MF,Torino,25-224,1995,1.5,0,0,0,2,3,1,2,0,0,0,0,0,9,1,2,33.3,Matches
Bartosz Bereszyński,pl POL,DF,Sampdoria,28-216,1992,14.5,2,0,0,15,14,0,14,16,22,0,0,0,138,20,18,52.6,Matches
Federico Bernardeschi,it ITA,"MF,DF",Juventus,26-363,1994,4.8,1,0,0,6,5,2,15,5,3,0,0,0,28,5,5,50.0,Matches
Daniel Bessa,it ITA,MF,Hellas Verona,28-030,1993,0.7,0,0,0,1,1,1,2,2,2,0,0,0,1,0,0,,Matches
Cristiano Biraghi,it ITA,DF,Fiorentina,28-165,1992,18.9,6,0,0,19,17,3,110,8,13,0,0,0,138,7,13,35.0,Matches
Davide Biraschi,it ITA,DF,Genoa,26-226,1994,4.5,0,0,0,7,1,0,4,5,4,0,0,0,35,4,4,50.0,Matches
Jeremie Boga,ci CIV,"FW,MF",Sassuolo,24-041,1997,10.8,0,0,0,8,20,5,10,5,8,0,0,0,53,4,7,36.4,Matches
Giacomo Bonaventura,it ITA,MF,Fiorentina,31-175,1989,13.8,3,0,0,24,25,5,15,20,17,0,0,0,88,11,20,35.5,Matches
Federico Bonazzoli,it ITA,FW,Torino,23-268,1997,3.5,2,0,0,7,10,1,1,1,1,0,0,0,14,0,7,0.0,Matches
Federico Bonazzoli,it ITA,FW,Sampdoria,23-268,1997,1.5,0,0,0,3,2,0,0,0,1,0,0,0,8,0,1,0.0,Matches
Kevin Bonifazi,it ITA,DF,Udinese,24-270,1996,11.6,2,0,0,13,5,0,1,15,9,0,1,0,112,25,11,69.4,Matches
Leonardo Bonucci,it ITA,DF,Juventus,33-288,1987,17.2,3,0,0,17,12,3,2,14,14,0,1,0,127,26,11,70.3,Matches
Mehdi Bourabia,ma MAR,MF,Sassuolo,29-190,1991,5.2,2,0,0,15,6,0,2,8,5,0,1,0,59,12,3,80.0,Matches
Gleison Bremer,br BRA,DF,Torino,23-332,1997,17.0,0,0,0,12,7,0,0,33,20,0,1,0,155,39,19,67.2,Matches
Marcelo Brozović,hr CRO,MF,Inter,28-089,1992,14.9,4,0,0,16,10,0,18,19,20,0,0,0,136,19,20,48.7,Matches
Gastón Brugman,uy URU,MF,Parma,28-159,1992,8.6,4,0,0,11,8,1,11,13,11,0,0,0,97,6,3,66.7,Matches
Juan Brunetta,ar ARG,"FW,MF",Parma,23-277,1997,2.3,1,0,0,4,8,1,7,1,1,0,0,0,12,1,7,12.5,Matches
Gianluigi Buffon,it ITA,GK,Juventus,43-016,1978,4.0,0,0,0,0,0,0,0,0,0,0,0,0,16,0,0,,Matches
Alessandro Buongiorno,it ITA,DF,Torino,21-252,1999,3.8,2,0,0,9,5,1,0,3,1,0,0,0,29,9,3,75.0,Matches
Maxime Busi,be BEL,DF,Parma,21-122,1999,6.2,3,0,0,11,3,0,6,7,4,0,1,0,50,4,5,44.4,Matches
Martín Cáceres,uy URU,DF,Fiorentina,33-312,1987,13.1,0,0,0,7,6,0,18,7,5,0,1,0,103,12,14,46.2,Matches
Felipe Caicedo,ec ECU,FW,Lazio,32-161,1988,8.3,4,0,0,21,14,6,0,2,7,0,0,0,34,23,16,59.0,Matches
Arturo Calabresi,it ITA,"DF,FW",Bologna,24-333,1996,0.2,0,0,0,0,0,0,0,0,0,0,0,0,3,0,0,,Matches
Davide Calabria,it ITA,DF,Milan,24-069,1996,20.5,5,0,0,20,30,1,37,15,37,0,0,1,232,17,24,41.5,Matches
Riccardo Calafiori,it ITA,DF,Roma,18-270,2002,0.2,1,0,0,4,0,0,0,0,0,0,0,0,1,0,0,,Matches
Mattia Caldara,it ITA,DF,Atalanta,26-284,1994,0.8,1,0,0,3,1,0,0,1,1,0,0,0,12,4,5,44.4,Matches
Luca Caldirola,it ITA,DF,Benevento,30-012,1991,9.1,3,0,0,11,11,1,1,3,6,0,0,0,67,12,14,46.2,Matches
Hakan Çalhanoğlu,tr TUR,"MF,FW",Milan,27-005,1994,15.7,2,0,0,13,27,3,42,15,9,1,0,0,104,5,26,16.1,Matches
Fabrizio Caligara,it ITA,MF,Cagliari,20-307,2000,2.0,2,0,0,11,2,0,4,3,3,0,1,0,15,3,0,100.0,Matches
José Callejón,es ESP,FW,Fiorentina,34-002,1987,5.7,0,0,0,3,10,0,15,4,2,0,0,0,27,7,8,46.7,Matches
Antonio Candreva,it ITA,MF,Sampdoria,33-351,1987,14.0,0,0,0,5,14,6,64,11,2,1,0,0,112,1,8,11.1,Matches
Gianluca Caprari,it ITA,"MF,FW",Benevento,27-198,1993,14.8,4,1,0,18,42,4,21,19,11,1,0,0,87,2,21,8.7,Matches
Francesco Caputo,it ITA,FW,Sassuolo,33-191,1987,12.8,1,0,0,12,18,15,1,1,1,1,0,0,28,9,10,47.4,Matches
Andrea Carboni,it ITA,DF,Cagliari,20-009,2001,4.1,0,0,0,4,4,0,2,3,1,0,0,0,32,1,14,6.7,Matches
Giuseppe Caso,it ITA,MF,Genoa,22-066,1998,0.1,0,0,0,0,1,0,0,0,0,0,0,0,3,0,0,,Matches
Samu Castillejo,es ESP,FW,Milan,26-026,1995,7.6,3,0,0,12,17,2,19,8,11,0,0,0,50,6,6,50.0,Matches
Gaetano Castrovilli,it ITA,MF,Fiorentina,23-362,1997,16.1,5,1,0,28,43,1,19,19,20,0,1,0,130,12,26,31.6,Matches
Danilo Cataldi,it ITA,MF,Lazio,26-191,1994,3.2,2,0,0,3,3,0,5,7,5,0,0,0,34,2,2,50.0,Matches
Federico Ceccherini,it ITA,DF,Hellas Verona,28-278,1992,11.1,6,0,0,22,19,0,3,14,6,0,0,0,155,47,19,71.2,Matches
Federico Ceccherini,it ITA,DF,Fiorentina,28-278,1992,3.0,2,0,0,5,3,0,0,3,2,0,1,1,26,5,5,50.0,Matches
Luca Ceppitelli,it ITA,DF,Cagliari,31-186,1989,6.4,1,0,0,5,7,0,0,9,5,0,0,0,56,22,11,66.7,Matches
Alberto Cerri,it ITA,FW,Cagliari,24-303,1996,1.5,0,0,0,7,5,0,2,1,2,0,0,0,9,11,9,55.0,Matches
Julian Chabot,de GER,DF,Spezia,23-001,1998,14.0,9,1,1,25,24,0,2,19,31,0,1,0,120,46,22,67.6,Matches
Giorgio Chiellini,it ITA,DF,Juventus,36-183,1984,6.0,1,0,0,7,7,0,1,7,4,0,0,0,43,12,5,70.6,Matches
Federico Chiesa,it ITA,"MF,DF",Juventus,23-111,1997,11.6,1,1,0,13,21,5,33,3,16,2,0,0,54,4,13,23.5,Matches
Federico Chiesa,it ITA,DF,Fiorentina,23-111,1997,2.7,0,0,0,2,3,2,9,1,2,0,0,0,20,1,1,50.0,Matches
Vlad Chiricheș,ro ROU,DF,Sassuolo,31-091,1989,11.6,5,0,0,19,7,1,1,17,11,0,0,1,128,42,17,71.2,Matches
Luca Cigarini,it ITA,MF,Crotone,34-238,1986,5.0,4,1,1,13,12,0,1,3,8,1,0,0,57,4,6,40.0,Matches
Antonio Cioffi,it ITA,FW,Napoli,18-056,2002,0.1,0,0,0,0,0,0,0,1,0,0,0,0,1,0,0,,Matches
Ebrima Colley,gm GAM,"FW,MF",Hellas Verona,21-012,2000,6.7,1,0,0,12,14,7,7,2,3,0,0,0,47,2,28,6.7,Matches
Omar Colley,gm GAM,DF,Sampdoria,28-112,1992,14.8,3,0,0,14,10,1,4,28,13,0,0,0,147,44,27,62.0,Matches
Lorenzo Colombo,it ITA,FW,Milan,18-342,2002,1.0,0,0,0,1,0,3,1,1,2,0,0,0,6,3,3,50.0,Matches
Andrea Consigli,it ITA,GK,Sassuolo,34-017,1987,20.0,0,0,0,0,2,0,0,0,0,0,0,0,84,0,0,,Matches
Andrea Conti,it ITA,DF,Parma,26-348,1994,3.0,2,0,0,5,2,0,4,7,5,0,0,0,20,3,6,33.3,Matches
Andrea Conti,it ITA,DF,Milan,26-348,1994,0.3,0,0,0,2,1,0,1,1,1,0,0,0,1,0,0,,Matches
Alex Cordaz,it ITA,GK,Crotone,38-043,1983,21.0,0,0,0,0,4,0,0,0,0,0,0,0,100,0,0,,Matches
Andreas Cornelius,dk DEN,FW,Parma,27-334,1993,12.8,1,0,0,20,26,10,5,1,3,1,0,0,41,69,48,59.0,Matches
Joaquín Correa,ar ARG,FW,Lazio,26-184,1994,11.0,1,0,0,13,30,3,5,5,6,1,0,0,48,4,16,20.0,Matches
Angelo da Costa Júnior,br BRA,GK,Bologna,37-093,1983,6.0,2,0,0,0,0,1,0,0,0,0,0,0,24,0,0,,Matches
Douglas Costa,br BRA,"MF,FW",Juventus,30-152,1990,0.5,0,0,0,0,0,0,1,1,0,0,0,0,1,0,1,0.0,Matches
Mamadou Coulibaly,sn SEN,MF,Udinese,22-010,1999,2.0,0,0,0,3,1,1,1,1,7,0,0,0,29,0,8,0.0,Matches
Alessio Cragno,it ITA,GK,Cagliari,26-230,1994,21.0,1,0,0,2,4,0,0,0,0,0,1,0,83,0,0,,Matches
Domenico Criscito,it ITA,DF,Genoa,34-045,1986,10.0,1,0,0,14,13,0,9,15,15,0,0,0,91,12,15,44.4,Matches
Bryan Cristante,it ITA,"DF,MF",Roma,25-347,1995,10.5,4,0,0,14,2,1,4,9,13,0,0,1,92,19,10,65.5,Matches
Giovanni Crociata,it ITA,"DF,MF",Crotone,23-186,1997,0.3,0,0,0,2,1,0,2,0,1,0,0,0,3,0,0,,Matches
Juan Cuadrado,co COL,DF,Juventus,32-263,1988,12.9,3,1,0,15,29,1,31,13,17,1,0,0,87,10,13,43.5,Matches
Giuseppe Cuomo,it ITA,DF,Crotone,23-011,1998,5.4,3,0,0,10,3,0,0,9,11,0,0,0,70,12,6,66.7,Matches
Patrick Cutrone,it ITA,"FW,MF",Fiorentina,23-041,1998,2.2,0,0,0,8,3,0,2,0,2,0,0,0,11,4,9,30.8,Matches
Wylan Cyprien,fr FRA,MF,Parma,26-016,1995,4.3,2,0,0,6,7,0,3,3,6,0,0,0,35,3,2,60.0,Matches
Lennart-Marten Czyborra,de GER,DF,Genoa,21-286,1999,9.0,2,0,0,7,1,0,12,6,5,0,0,0,60,7,16,30.4,Matches
Danilo D'Ambrosio,it ITA,DF,Inter,32-157,1988,4.4,2,0,0,9,9,0,3,3,9,0,0,0,33,9,6,60.0,Matches
Bryan Dabo,bf BFA,MF,Benevento,28-361,1992,7.5,4,0,0,14,14,1,6,11,5,0,0,0,85,39,14,73.6,Matches
Diogo Dalot,pt POR,DF,Milan,21-332,1999,4.5,2,0,0,9,3,1,4,8,6,0,0,0,36,12,3,80.0,Matches
Mikkel Damsgaard,dk DEN,"MF,FW",Sampdoria,20-225,2000,12.1,2,0,0,19,17,2,20,18,16,0,1,0,90,14,24,36.8,Matches
Danilo,br BRA,DF,Juventus,29-213,1991,18.5,4,0,0,11,11,1,12,24,20,0,0,0,169,23,11,67.6,Matches
Andrea Danzi,it ITA,"MF,DF",Hellas Verona,21-354,1999,1.2,1,0,0,1,0,0,0,1,0,0,0,0,12,2,0,100.0,Matches
Matteo Darmian,it ITA,DF,Parma,31-073,1989,2.3,1,0,0,3,3,0,0,3,3,0,0,0,11,2,2,50.0,Matches
Matteo Darmian,it ITA,DF,Inter,31-073,1989,6.4,1,0,0,8,11,0,18,8,9,1,0,0,53,13,6,68.4,Matches
Paweł Dawidowicz,pl POL,DF,Hellas Verona,25-269,1995,13.0,3,0,0,18,3,1,5,15,19,0,0,0,151,35,27,56.5,Matches
Sebastien De Maio,fr FRA,DF,Udinese,33-345,1987,6.9,1,0,0,9,3,2,1,7,11,0,0,0,90,19,17,52.8,Matches
Rodrigo De Paul,ar ARG,MF,Udinese,26-265,1994,19.8,2,1,1,21,65,1,64,11,18,0,0,0,150,4,9,30.8,Matches
Mattia De Sciglio,it ITA,DF,Juventus,28-116,1992,0.3,0,0,0,1,0,0,1,0,0,0,0,0,0,0,0,,Matches
Lorenzo De Silvestri,it ITA,DF,Bologna,32-266,1988,14.2,2,0,0,20,12,0,23,11,9,0,0,0,118,17,17,50.0,Matches
Grégoire Defrel,mq MTQ,"FW,MF",Sassuolo,29-241,1991,7.2,0,0,0,5,11,2,5,3,6,0,0,0,45,7,12,36.8,Matches
Alessandro Deiola,it ITA,MF,Cagliari,25-196,1995,0.7,0,0,0,0,1,0,1,0,1,0,0,0,3,0,1,0.0,Matches
Alessandro Deiola,it ITA,MF,Spezia,25-196,1995,4.0,1,0,0,6,5,0,3,2,6,0,0,0,35,3,6,33.3,Matches
Lorenzo Del Pinto,it ITA,MF,Benevento,30-241,1990,0.1,0,0,0,0,0,0,0,0,0,0,0,0,1,0,1,0.0,Matches
Cristian Dell'Orco,it ITA,DF,Spezia,27-003,1994,2.7,0,0,0,2,2,0,0,3,1,0,0,0,35,5,3,62.5,Matches
Merih Demiral,tr TUR,DF,Juventus,22-345,1998,6.2,0,0,0,6,1,1,0,6,9,0,0,0,57,19,3,86.4,Matches
Diego Demme,de GER,MF,Napoli,29-084,1991,8.3,3,0,0,12,19,1,5,10,21,0,0,0,87,4,10,28.6,Matches
Stefano Denswil,nl NED,DF,Bologna,27-282,1993,1.3,0,0,0,0,2,0,0,1,2,0,0,0,11,3,1,75.0,Matches
Fabio Depaoli,it ITA,DF,Benevento,23-295,1997,3.0,2,0,0,4,1,0,4,2,1,0,0,0,13,7,0,100.0,Matches
Fabio Depaoli,it ITA,DF,Atalanta,23-295,1997,2.1,0,0,0,5,1,0,1,1,1,0,0,0,9,3,2,60.0,Matches
Fabio Depaoli,it ITA,MF,Sampdoria,23-295,1997,0.9,0,0,0,5,2,2,1,0,0,0,0,0,5,0,4,0.0,Matches
Kastriot Dermaku,al ALB,DF,Parma,29-029,1992,1.1,0,0,0,2,2,0,0,1,0,0,0,0,7,0,1,0.0,Matches
Kiril Despodov,bg BUL,FW,Cagliari,24-094,1996,0.1,0,0,0,1,0,0,0,0,0,0,0,0,0,0,1,0.0,Matches
Mattia Destro,it ITA,FW,Genoa,29-330,1991,9.2,4,0,0,21,19,14,0,1,6,0,0,0,32,15,33,31.3,Matches
Gerard Deulofeu,es ESP,FW,Udinese,26-337,1994,5.6,0,0,0,6,6,5,12,2,2,1,0,0,25,0,10,0.0,Matches
Jacopo Dezi,it ITA,"FW,MF",Parma,29-003,1992,0.9,0,0,0,1,3,0,3,1,1,0,0,0,5,0,2,0.0,Matches
Samuel Di Carmine,it ITA,FW,Hellas Verona,32-146,1988,5.6,1,0,0,16,20,6,5,0,0,0,0,0,21,30,28,51.7,Matches
Samuel Di Carmine,it ITA,FW,Crotone,32-146,1988,1.5,0,0,0,1,4,0,1,0,0,0,0,0,4,3,6,33.3,Matches
Giovanni Di Lorenzo,it ITA,DF,Napoli,27-193,1993,19.0,6,0,0,24,25,1,32,19,35,0,1,0,129,27,23,54.0,Matches
Giuseppe Di Serio,it ITA,"MF,FW",Benevento,19-208,2001,1.9,0,0,0,7,14,2,1,1,2,0,0,0,8,7,9,43.8,Matches
Amad Diallo,ci CIV,MF,Atalanta,18-217,2002,0.2,1,0,0,1,2,0,0,0,0,0,0,0,0,0,1,0.0,Matches
Amadou Diawara,gn GUI,MF,Roma,23-211,1997,1.8,0,0,0,2,2,0,0,0,4,0,0,0,23,1,0,100.0,Matches
Brahim Díaz,es ESP,"MF,FW",Milan,21-194,1999,7.7,1,0,0,9,22,1,4,4,14,1,0,0,52,4,15,21.1,Matches
Daan Dierckx,be BEL,DF,Parma,17-355,2003,1.0,0,0,0,0,0,0,0,1,4,0,0,0,2,0,2,0.0,Matches
Mitchell Dijks,nl NED,DF,Bologna,28-004,1993,9.0,5,1,1,24,9,0,23,8,11,0,1,0,60,5,9,35.7,Matches
Federico Dimarco,it ITA,DF,Hellas Verona,23-095,1997,17.9,4,0,0,22,29,5,70,19,16,0,0,0,158,9,20,31.0,Matches
Koffi Djidji,ci CIV,DF,Crotone,28-075,1992,4.5,1,0,0,8,2,0,0,5,4,0,0,0,40,9,9,50.0,Matches
Berat Djimsiti,al ALB,DF,Atalanta,27-360,1993,15.3,4,0,0,14,16,1,3,19,15,0,0,0,200,44,14,75.9,Matches
Nicolás Domínguez,ar ARG,MF,Bologna,22-230,1998,9.4,7,0,0,18,10,1,7,9,24,0,0,0,112,18,18,50.0,Matches
Gianluigi Donnarumma,it ITA,GK,Milan,21-354,1999,20.0,1,0,0,1,2,0,0,0,0,0,0,0,80,0,0,,Matches
Bartłomiej Drągowski,pl POL,GK,Fiorentina,23-178,1997,21.0,0,0,0,0,2,0,0,0,0,0,0,0,100,0,0,,Matches
Denis Drăguș,ro ROU,"FW,MF",Crotone,21-222,1999,1.9,1,0,0,4,4,2,3,1,2,0,0,0,14,1,3,25.0,Matches
Radu Drăgușin,ro ROU,DF,Juventus,19-010,2002,0.0,0,0,0,2,1,0,0,0,0,0,0,0,0,0,0,,Matches
Léo Duarte,br BRA,DF,Milan,24-211,1996,0.2,0,0,0,0,0,0,0,0,1,0,0,0,0,0,1,0.0,Matches
Alfred Duncan,gh GHA,MF,Fiorentina,27-340,1993,1.8,0,0,0,2,2,0,1,3,1,0,0,0,16,2,5,28.6,Matches
Alfred Duncan,gh GHA,MF,Cagliari,27-340,1993,1.5,0,0,0,1,0,0,3,3,0,0,0,0,11,1,2,33.3,Matches
Paulo Dybala,ar ARG,FW,Juventus,27-090,1993,7.2,0,0,0,4,16,4,15,1,6,0,0,0,34,1,4,20.0,Matches
Edin Džeko,ba BIH,FW,Roma,34-333,1986,13.3,1,0,0,22,27,6,7,3,4,1,0,0,50,52,39,57.1,Matches
Steeve-Mike Ebongue,fr FRA,MF,Genoa,19-359,2001,0.4,0,0,0,0,0,0,0,0,1,0,0,0,9,0,0,,Matches
Simone Edera,it ITA,"DF,MF",Torino,24-035,1997,0.6,0,0,0,1,1,0,2,0,0,0,0,0,5,0,0,,Matches
Albin Ekdal,se SWE,MF,Sampdoria,31-200,1989,16.3,6,0,0,31,29,0,3,19,33,0,1,0,209,23,15,60.5,Matches
Elif Elmas,mk MKD,"MF,FW",Napoli,21-142,1999,5.3,3,0,0,8,6,1,4,3,6,0,0,0,31,0,3,0.0,Matches
Manu Emmanuel Gyabuaa,it ITA,MF,Atalanta,19-145,2001,0.0,0,0,0,0,0,0,0,0,0,0,0,0,0,0,0,,Matches
Alan Empereur,br BRA,DF,Hellas Verona,26-340,1994,2.4,1,0,0,3,1,0,0,5,1,0,0,0,24,3,5,37.5,Matches
Christian Eriksen,dk DEN,"MF,DF",Inter,28-365,1992,4.3,0,0,0,4,1,1,10,0,2,0,0,0,40,7,1,87.5,Matches
Martin Erlic,hr CRO,DF,Spezia,23-020,1998,9.6,4,0,0,18,9,0,1,13,13,0,0,0,102,23,18,56.1,Matches
Gonzalo Escalante,ar ARG,MF,Lazio,27-323,1993,5.6,4,0,0,10,6,0,0,7,14,0,0,0,75,13,8,61.9,Matches
Nahuel Estévez,ar ARG,MF,Spezia,25-091,1995,10.6,5,0,0,18,11,0,24,14,7,0,0,0,98,11,11,50.0,Matches
Valentin Eysseric,fr FRA,"FW,MF",Fiorentina,28-325,1992,2.3,0,0,0,3,3,0,3,0,3,0,0,0,20,4,3,57.1,Matches
Iago Falque,es ESP,"MF,FW",Benevento,31-040,1990,2.7,0,0,0,0,0,0,6,1,1,0,0,0,25,1,7,12.5,Matches
Andri Fannar Baldursson,is ISL,MF,Bologna,19-034,2002,1.3,1,0,0,5,1,1,0,0,1,0,0,0,8,1,2,33.3,Matches
Paolo Faragò,it ITA,"DF,MF",Cagliari,28-001,1993,4.1,2,0,0,7,2,0,7,9,3,0,0,0,30,7,4,63.6,Matches
Davide Faraoni,it ITA,DF,Hellas Verona,29-111,1991,17.6,5,0,0,24,17,3,32,27,20,0,0,0,169,29,24,54.7,Matches
Mohamed Fares,dz ALG,DF,Lazio,24-364,1996,4.7,4,0,0,14,3,2,19,1,5,0,0,0,36,3,6,33.3,Matches
Diego Farias,br BRA,FW,Spezia,30-279,1990,10.1,2,0,0,11,8,2,8,8,3,0,0,0,44,3,6,33.3,Matches
Andrea Favilli,it ITA,FW,Hellas Verona,23-272,1997,3.0,1,0,0,11,7,7,0,0,2,0,0,0,11,5,26,16.1,Matches
Luiz Felipe,br BRA,DF,Lazio,23-328,1997,8.3,3,0,0,11,6,1,1,18,24,0,0,0,75,9,11,45.0,Matches
Alex Ferrari,it ITA,DF,Sampdoria,26-227,1994,4.1,1,0,0,4,5,0,3,8,6,0,0,0,33,8,3,72.7,Matches
Salvador Ferrer,es ESP,DF,Spezia,23-023,1998,7.0,4,0,0,9,2,0,21,17,8,,,0,,,,,Matches
Fernando Forestieri,it ITA,"FW,MF",Udinese,31-029,1990,3.1,0,0,0,6,7,0,8,1,4,0,0,0,26,4,8,33.3,Matches
Daam Foulon,be BEL,DF,Benevento,21-327,1999,7.8,4,0,0,12,15,0,17,2,7,0,0,0,43,10,5,66.7,Matches
Gianluca Frabotta,it ITA,DF,Juventus,21-234,1999,6.8,3,0,0,10,2,0,30,11,5,0,0,0,59,13,15,46.4,Matches
Remo Freuler,ch SUI,MF,Atalanta,28-304,1992,14.7,3,0,0,18,10,1,8,19,27,0,0,0,209,18,16,52.9,Matches
Matteo Gabbia,it ITA,DF,Milan,21-115,1999,5.0,2,0,0,5,4,0,0,2,3,0,0,0,64,19,5,79.2,Matches
Manolo Gabbiadini,it ITA,"FW,MF",Sampdoria,29-079,1991,1.2,0,0,0,1,3,1,2,1,0,0,0,0,4,1,2,33.3,Matches
Roberto Gagliardini,it ITA,MF,Inter,26-312,1994,9.3,0,0,0,11,10,0,7,9,7,0,0,0,52,16,7,69.6,Matches
Riccardo Gagliolo,se SWE,DF,Parma,30-291,1990,13.6,3,0,0,17,23,0,21,18,21,0,0,0,103,10,17,37.0,Matches
Andrey Galabinov,bg BUL,FW,Spezia,32-078,1988,3.7,0,0,0,3,4,1,1,0,0,0,0,0,12,6,17,26.1,Matches
Gervinho,ci CIV,"FW,MF",Parma,33-262,1987,15.4,0,0,0,6,7,11,16,11,3,0,0,0,60,0,5,0.0,Matches
Paolo Ghiglione,it ITA,"DF,MF",Genoa,24-011,1997,10.9,4,0,0,15,6,1,34,8,10,0,0,0,71,11,16,40.7,Matches
Faouzi Ghoulam,dz ALG,"DF,FW",Napoli,30-012,1991,1.6,0,0,0,1,3,0,10,0,1,0,0,0,13,2,2,50.0,Matches
Kamil Glik,pl POL,DF,Benevento,33-010,1988,22.0,5,0,0,19,13,0,0,18,20,0,0,1,162,49,28,63.6,Matches
Diego Godín,uy URU,DF,Cagliari,34-363,1986,11.9,1,0,0,8,8,2,1,18,11,0,0,0,128,29,13,69.0,Matches
Amer Gojak,ba BIH,"MF,FW",Torino,24-000,1997,3.8,1,0,0,8,9,2,6,2,4,0,0,0,20,3,10,23.1,Matches
Edoardo Goldaniga,it ITA,DF,Genoa,27-103,1993,11.7,6,0,0,16,17,1,10,17,15,0,0,0,96,19,18,51.4,Matches
Vladimir Golemić,si SVN,DF,Crotone,29-230,1991,12.4,3,0,0,16,4,0,3,13,12,0,1,0,117,23,21,52.3,Matches
Pierluigi Gollini,it ITA,GK,Atalanta,25-332,1995,13.7,0,0,0,0,4,0,0,0,0,0,0,0,61,0,0,,Matches
Tomislav Gomelt,hr CRO,MF,Crotone,26-037,1995,0.2,0,0,0,0,0,0,0,0,2,0,0,0,2,0,0,,Matches
Papu Gómez,ar ARG,"FW,MF",Atalanta,32-364,1988,7.4,0,0,0,10,19,0,6,3,4,0,0,0,64,2,3,40.0,Matches
Robin Gosens,de GER,DF,Atalanta,26-223,1994,14.6,5,0,0,28,15,3,39,19,11,0,0,0,124,18,10,64.3,Matches
Alberto Grassi,it ITA,"DF,MF",Parma,25-343,1995,7.6,1,0,0,4,15,1,5,15,9,0,0,0,66,6,6,50.0,Matches
Koray Günter,de GER,DF,Hellas Verona,26-181,1994,8.3,0,0,0,10,2,0,0,17,7,0,1,0,133,33,29,53.2,Matches
Emanuel Gyasi,gh GHA,FW,Spezia,27-033,1994,18.0,4,0,0,39,31,18,22,11,15,0,0,0,88,13,24,35.1,Matches
Achraf Hakimi,ma MAR,DF,Inter,22-101,1998,15.7,3,0,0,18,22,5,66,8,18,1,0,0,103,6,10,37.5,Matches
Samir Handanović,si SVN,GK,Inter,36-214,1984,21.0,1,0,0,0,1,0,0,0,0,0,0,0,65,0,0,,Matches
Lukáš Haraslín,sk SVK,"FW,MF",Sassuolo,24-263,1996,2.7,0,1,0,4,14,1,5,1,4,0,0,0,10,3,2,60.0,Matches
Hans Hateboer,nl NED,DF,Atalanta,27-035,1994,15.3,2,0,0,15,8,1,19,10,11,0,1,0,90,22,11,66.7,Matches
Eduardo Henrique,br BRA,MF,Crotone,25-272,1995,7.1,3,0,0,12,11,1,1,8,2,0,0,0,54,7,13,35.0,Matches
Theo Hernández,fr FRA,DF,Milan,23-130,1997,18.0,6,0,0,17,40,4,26,20,26,1,0,0,151,33,15,68.8,Matches
Hernani,br BRA,MF,Parma,26-323,1994,13.8,5,0,0,25,15,0,20,11,18,0,0,0,119,20,12,62.5,Matches
Përparim Hetemaj,fi FIN,MF,Benevento,34-063,1986,12.3,2,0,0,22,39,1,20,10,18,0,0,0,109,8,23,25.8,Matches
Aaron Hickey,sco SCO,DF,Bologna,18-248,2002,8.1,3,0,0,9,14,0,6,12,6,0,0,0,78,3,4,42.9,Matches
Wesley Hoedt,nl NED,DF,Lazio,26-344,1994,7.0,4,0,0,9,2,0,0,4,11,0,1,0,79,15,8,65.2,Matches
Elseid Hysaj,al ALB,DF,Napoli,26-359,1994,8.7,0,0,0,4,9,0,8,7,6,0,0,0,84,7,5,58.3,Matches
Simone Iacoponi,it ITA,DF,Parma,33-289,1987,12.3,3,1,0,15,12,2,7,6,15,0,0,1,95,10,8,55.6,Matches
Roger Ibanez,br BRA,DF,Roma,22-082,1998,19.4,4,0,0,39,24,0,2,37,33,0,0,1,203,50,23,68.5,Matches
Zlatan Ibrahimović,se SWE,FW,Milan,39-133,1981,9.8,2,0,0,22,13,26,9,5,4,2,0,0,37,55,33,62.5,Matches
Igor,br BRA,DF,Fiorentina,23-006,1998,10.0,3,0,0,14,5,1,1,18,8,0,1,0,89,15,13,53.6,Matches
Ivan Ilić,rs SRB,MF,Hellas Verona,19-333,2001,11.3,0,0,0,13,14,0,8,16,9,0,0,0,149,19,22,46.3,Matches
Josip Iličić,si SVN,"FW,MF",Atalanta,33-015,1988,10.7,0,0,0,11,48,6,41,2,1,2,0,0,61,0,13,0.0,Matches
Ciro Immobile,it ITA,FW,Lazio,30-359,1990,17.0,3,1,0,22,28,14,15,3,7,1,0,0,81,16,31,34.0,Matches
Riccardo Improta,it ITA,"MF,DF",Benevento,27-056,1993,13.7,5,0,0,16,24,2,29,12,12,0,0,1,92,33,28,54.1,Matches
Roberto Inglese,it ITA,FW,Parma,29-093,1991,6.1,2,0,0,14,10,8,3,1,4,0,0,0,22,12,14,46.2,Matches
Lorenzo Insigne,it ITA,FW,Napoli,29-254,1991,14.7,2,1,0,5,16,7,27,15,9,0,0,0,105,0,1,0.0,Matches
Roberto Insigne,it ITA,"MF,FW",Benevento,26-278,1994,12.5,2,0,0,7,12,2,18,4,3,0,0,0,73,5,13,27.8,Matches
Artur Ioniță,md MDA,MF,Benevento,30-180,1990,19.1,5,0,0,42,17,1,9,11,24,1,0,0,155,39,56,41.1,Matches
Ardian Ismajli,al ALB,DF,Spezia,24-136,1996,2.5,2,1,1,4,0,0,0,8,2,0,0,0,27,9,0,100.0,Matches
Armando Izzo,it ITA,DF,Torino,28-348,1992,8.1,2,0,0,13,19,1,7,17,11,0,0,0,77,19,9,67.9,Matches
Mato Jajalo,ba BIH,MF,Udinese,32-264,1988,0.4,0,0,0,0,1,0,0,0,2,0,0,0,4,0,0,,Matches
Jakub Jankto,cz CZE,MF,Sampdoria,25-025,1996,14.2,6,0,0,8,16,5,36,11,4,0,1,0,95,2,8,20.0,Matches
Juan Jesus,br BRA,DF,Roma,29-248,1991,1.0,0,0,0,0,0,0,0,0,1,0,0,0,5,2,1,66.7,Matches
Hamed Junior Traorè,ci CIV,"FW,MF",Sassuolo,20-363,2000,11.1,2,0,0,13,13,1,13,9,9,0,0,0,72,8,13,38.1,Matches
Nikola Kalinić,hr CRO,FW,Hellas Verona,33-039,1988,7.8,0,0,0,17,18,8,2,0,1,0,0,0,22,13,40,24.5,Matches
Pierre Kalulu,fr FRA,DF,Milan,20-253,2000,5.3,1,0,0,7,2,0,1,13,9,0,1,0,47,8,13,38.1,Matches
Yann Karamoh,fr FRA,"FW,MF",Parma,22-220,1998,9.6,1,0,0,5,8,8,12,3,14,0,0,0,51,3,11,21.4,Matches
Augustus Kargbo,sl SLE,FW,Crotone,21-173,1999,0.4,0,0,0,0,1,0,0,0,1,0,0,0,2,0,0,,Matches
Rick Karsdorp,nl NED,DF,Roma,26-002,1995,16.5,1,0,0,19,7,1,29,22,15,0,0,0,105,7,13,35.0,Matches
Franck Kessié,ci CIV,MF,Milan,24-056,1996,19.1,6,0,0,39,16,0,6,21,23,1,1,0,186,27,25,51.9,Matches
Omar Khailoti,it ITA,DF,Bologna,19-161,2001,0.3,0,0,0,0,0,0,0,0,0,0,0,0,3,0,0,,Matches
Giorgos Kiriakopoulos,gr GRE,DF,Sassuolo,25-008,1996,8.5,1,0,0,10,2,1,13,7,15,0,0,0,63,9,14,39.1,Matches
Simon Kjær,dk DEN,DF,Milan,31-324,1989,13.1,1,0,0,14,4,0,0,14,10,0,0,0,117,39,22,63.9,Matches
Ragnar Klavan,ee EST,DF,Cagliari,35-106,1985,4.7,0,0,0,2,1,0,0,3,1,0,1,0,40,5,5,50.0,Matches
Justin Kluivert,nl NED,"FW,MF",Roma,21-284,1999,0.2,0,0,0,1,0,0,2,0,0,0,0,0,5,0,1,0.0,Matches
Aleksandr Kokorin,ru RUS,FW,Fiorentina,29-331,1991,0.2,0,0,0,0,0,0,0,0,0,0,0,0,0,0,0,,Matches
Aleksandar Kolarov,rs SRB,DF,Inter,35-095,1985,4.3,0,0,0,3,4,0,8,2,5,0,1,0,63,13,5,72.2,Matches
Christian Kouamé,ci CIV,FW,Fiorentina,23-069,1997,6.8,2,0,0,15,22,4,5,2,7,0,0,0,30,21,19,52.5,Matches
Kalidou Koulibaly,sn SEN,DF,Napoli,29-238,1991,14.5,3,0,0,14,5,0,5,13,20,0,0,0,137,15,20,42.9,Matches
Rade Krunić,ba BIH,MF,Milan,27-129,1993,4.1,2,0,0,8,11,1,1,2,10,0,1,0,35,6,7,46.2,Matches
Juraj Kucka,sk SVK,"MF,FW",Parma,33-353,1987,16.1,4,0,0,46,50,4,8,15,30,0,0,0,113,57,34,62.6,Matches
Dejan Kulusevski,se SWE,"FW,MF",Juventus,20-294,2000,9.6,5,0,0,16,9,1,17,7,9,0,0,0,46,2,13,13.3,Matches
Marash Kumbulla,al ALB,DF,Roma,21-005,2000,9.2,4,0,0,17,8,0,1,9,5,0,0,0,67,18,6,75.0,Matches
Jasmin Kurtić,si SVN,MF,Parma,32-034,1989,16.9,2,0,0,20,20,3,35,16,18,0,0,0,122,18,18,50.0,Matches
Antonino La Gumina,it ITA,FW,Sampdoria,24-344,1996,2.3,0,0,0,5,2,1,2,2,3,0,0,0,7,10,17,37.0,Matches
Sam Lammers,nl NED,"FW,MF",Atalanta,23-289,1997,2.7,0,0,0,5,3,2,0,0,3,0,0,0,15,9,9,50.0,Matches
Gianluca Lapadula,pe PER,FW,Benevento,31-006,1990,17.4,2,0,0,26,40,16,11,5,12,1,0,0,83,25,71,26.0,Matches
Danilo Larangeira,br BRA,DF,Bologna,36-279,1984,21.8,4,0,0,23,12,1,3,22,16,0,0,0,207,54,41,56.8,Matches
Kevin Lasagna,it ITA,FW,Udinese,28-187,1992,12.3,1,0,0,20,11,9,10,7,3,0,0,0,54,19,38,33.3,Matches
Kevin Lasagna,it ITA,"MF,FW",Hellas Verona,28-187,1992,1.0,0,0,0,2,1,2,0,0,0,0,0,0,4,4,5,44.4,Matches
Vincent Laurini,fr FRA,DF,Parma,31-248,1989,3.5,1,0,0,5,4,0,4,2,4,0,0,0,34,4,2,66.7,Matches
Darko Lazović,rs SRB,"DF,MF",Hellas Verona,30-151,1990,12.0,2,0,0,5,1,3,42,7,11,0,0,0,95,9,14,39.1,Matches
Manuel Lazzari,it ITA,DF,Lazio,27-076,1993,16.9,2,0,0,19,26,1,70,17,6,0,0,1,108,7,9,43.8,Matches
Rafael Leão,pt POR,"FW,MF",Milan,21-248,1999,12.6,5,0,0,17,15,3,25,2,5,1,0,0,49,25,33,43.1,Matches
Lucas Leiva,br BRA,MF,Lazio,34-035,1987,11.8,7,0,0,23,14,0,4,20,20,0,0,0,180,26,14,65.0,Matches
Lukas Lerager,dk DEN,MF,Genoa,27-216,1993,12.9,0,0,0,16,16,3,2,14,20,0,0,0,135,10,14,41.7,Matches
Mehdi Léris,fr FRA,"MF,DF",Sampdoria,22-266,1998,2.1,0,0,0,7,2,0,9,7,6,0,0,0,27,7,5,58.3,Matches
Gaetano Letizia,it ITA,DF,Benevento,30-229,1990,13.6,1,0,0,12,9,0,40,13,22,0,0,0,125,11,5,68.8,Matches
Matthijs de Ligt,nl NED,DF,Juventus,21-185,1999,9.2,2,0,0,16,10,1,1,6,9,0,0,0,102,22,17,56.4,Matches
Karol Linetty,pl POL,MF,Torino,26-011,1995,18.2,4,0,0,27,23,1,5,14,28,0,0,0,153,8,15,34.8,Matches
Pol Lirola,es ESP,"DF,FW",Fiorentina,23-184,1997,5.5,3,0,0,4,3,1,20,5,5,0,0,0,39,4,5,44.4,Matches
Fernando Llorente,es ESP,FW,Udinese,35-353,1985,1.2,1,0,0,9,3,1,0,1,2,0,0,0,4,11,8,57.9,Matches
Fernando Llorente,es ESP,"FW,MF",Napoli,35-353,1985,0.6,0,0,0,3,1,0,1,0,0,0,0,0,3,3,3,50.0,Matches
Stanislav Lobotka,sk SVK,MF,Napoli,26-080,1994,1.5,2,0,0,5,0,0,0,1,1,0,0,0,15,2,2,50.0,Matches
Manuel Locatelli,it ITA,MF,Sassuolo,23-036,1998,18.7,7,0,0,36,26,0,15,28,31,0,1,0,203,38,27,58.5,Matches
Maxime Lopez,fr FRA,MF,Sassuolo,23-071,1997,9.3,5,0,0,10,8,0,5,10,8,0,0,0,48,3,4,42.9,Matches
Pau López,es ESP,GK,Roma,26-062,1994,10.2,0,0,0,0,0,0,0,0,0,0,0,0,57,0,0,,Matches
Matteo Lovato,it ITA,DF,Hellas Verona,20-365,2000,10.6,3,0,0,21,3,0,2,14,10,0,1,0,133,31,23,57.4,Matches
Hirving Lozano,mx MEX,FW,Napoli,25-198,1995,16.3,4,0,0,28,55,7,49,9,15,1,0,0,83,9,18,33.3,Matches
José Luis Palomino,ar ARG,DF,Atalanta,31-039,1990,15.4,3,0,0,31,9,2,7,32,25,0,1,0,214,44,26,62.9,Matches
Romelu Lukaku,be BEL,FW,Inter,27-276,1993,16.7,3,0,0,21,23,10,17,0,2,0,0,0,40,19,33,36.5,Matches
Saša Lukić,rs SRB,MF,Torino,24-184,1996,14.8,3,0,0,29,21,2,16,10,15,1,0,0,100,14,34,29.2,Matches
Senad Lulić,ba BIH,DF,Lazio,35-026,1986,0.5,0,0,0,0,0,0,1,0,0,0,0,0,5,0,0,,Matches
Sebastiano Luperto,it ITA,DF,Crotone,24-160,1996,12.7,5,1,1,18,11,0,0,7,13,0,0,0,115,11,13,45.8,Matches
Lyanco,br BRA,DF,Torino,24-012,1997,16.3,7,0,0,18,10,0,3,38,7,0,0,0,178,34,21,61.8,Matches
Charalambos Lykogiannis,gr GRE,DF,Cagliari,27-114,1993,15.9,5,1,1,13,14,0,38,15,11,0,1,0,122,32,13,71.1,Matches
Lisandro Magallán,ar ARG,DF,Crotone,27-139,1993,13.6,6,0,0,33,11,0,0,20,30,0,0,0,140,24,16,60.0,Matches
Christian Maggio,it ITA,DF,Benevento,39-002,1982,3.3,2,0,0,6,7,0,3,2,5,0,0,0,26,5,7,41.7,Matches
Giulio Maggiore,it ITA,MF,Spezia,22-338,1998,11.1,2,0,0,28,15,0,9,13,19,0,0,0,87,11,12,47.8,Matches
Francesco Magnanelli,it ITA,MF,Sassuolo,36-093,1984,2.1,1,0,0,1,3,0,0,3,3,0,0,0,38,2,7,22.2,Matches
Giangiacomo Magnani,it ITA,DF,Hellas Verona,25-132,1995,8.8,5,0,0,20,16,0,1,26,5,0,0,1,102,44,20,68.8,Matches
Jean-Victor Makengo,fr FRA,MF,Udinese,22-246,1998,1.0,1,0,0,5,2,0,1,0,3,0,0,0,12,3,0,100.0,Matches
Nikola Maksimović,rs SRB,DF,Napoli,29-080,1991,7.6,0,0,0,3,2,0,1,9,2,0,0,0,93,26,9,74.3,Matches
Kévin Malcuit,ma MAR,"MF,FW",Napoli,29-197,1991,0.4,0,0,0,0,0,0,0,2,0,0,0,0,2,1,2,33.3,Matches
Kévin Malcuit,ma MAR,DF,Fiorentina,29-197,1991,0.2,0,0,0,0,0,0,0,0,0,0,0,0,3,1,0,100.0,Matches
Daniel Maldini,it ITA,"FW,MF",Milan,19-125,2001,0.3,0,0,0,4,1,0,1,0,0,0,0,0,5,0,0,,Matches
Ruslan Malinovskyi,ua UKR,"FW,MF",Atalanta,27-285,1993,10.3,2,0,0,21,29,1,16,2,11,0,0,0,72,12,14,46.2,Matches
Dennis Man,ro ROU,"FW,DF",Parma,22-171,1998,0.6,0,0,0,0,0,0,0,0,0,0,0,0,4,0,1,0.0,Matches
Gianluca Mancini,it ITA,DF,Roma,24-302,1996,16.7,6,0,0,36,16,2,4,30,25,0,1,0,130,36,21,63.2,Matches
Rolando Mandragora,it ITA,"MF,DF",Torino,23-229,1997,1.0,0,0,0,1,2,0,2,3,0,0,0,0,14,1,1,50.0,Matches
Rolando Mandragora,it ITA,MF,Udinese,23-229,1997,4.4,0,0,0,5,4,1,3,3,5,0,1,0,37,6,2,75.0,Matches
Mario Mandžukić,hr CRO,FW,Milan,34-268,1986,0.6,0,0,0,0,1,1,0,1,2,0,0,0,4,5,3,62.5,Matches
Kostas Manolas,gr GRE,DF,Napoli,29-244,1991,16.6,2,0,0,14,6,1,2,11,13,0,0,0,129,32,17,65.3,Matches
Juan Manuel Ramos,uy URU,DF,Spezia,24-064,1996,2.1,1,0,0,3,2,0,2,0,0,0,0,0,18,3,0,100.0,Matches
Federico Marchetti,it ITA,GK,Genoa,38-006,1983,1.7,0,0,0,0,0,0,0,0,0,0,0,0,5,0,0,,Matches
Riccardo Marchizza,it ITA,DF,Spezia,22-324,1998,8.9,3,0,0,12,10,2,18,9,5,0,0,0,88,12,7,63.2,Matches
Gian Marco Ferrari,it ITA,DF,Sassuolo,28-364,1992,20.0,5,0,0,21,24,0,2,20,16,1,0,0,174,47,27,63.5,Matches
Răzvan Marin,ro ROU,MF,Cagliari,24-266,1996,18.5,3,0,0,27,14,3,22,16,26,0,0,0,167,8,9,47.1,Matches
Marlon,br BRA,DF,Sassuolo,25-159,1995,7.7,2,0,0,5,3,0,0,8,10,0,0,0,64,13,11,54.2,Matches
Luca Marrone,it ITA,DF,Crotone,30-322,1990,14.5,5,0,0,27,11,0,0,10,18,0,1,1,160,17,12,58.6,Matches
Lucas Martínez Quarta,ar ARG,DF,Fiorentina,24-279,1996,5.3,1,1,0,6,4,0,2,9,11,0,0,0,34,8,12,40.0,Matches
Lautaro Martínez,ar ARG,FW,Inter,23-175,1997,15.8,3,0,0,35,24,8,8,11,7,0,0,0,67,15,38,28.3,Matches
Adam Marušić,me MNE,DF,Lazio,28-119,1992,17.3,2,0,0,10,9,2,33,22,17,0,0,0,105,22,12,64.7,Matches
Andrea Masiello,it ITA,DF,Genoa,35-008,1986,14.0,4,0,0,7,8,1,3,18,10,0,1,0,123,14,15,48.3,Matches
Giuseppe Mastinu,it ITA,FW,Spezia,29-127,1991,0.4,0,0,0,1,1,0,0,1,1,0,0,0,4,0,0,,Matches
Ryder Matos,br BRA,MF,Udinese,27-352,1993,0.1,0,0,0,1,2,0,2,0,0,0,0,0,0,0,0,,Matches
Federico Mattiello,it ITA,DF,Spezia,25-214,1995,0.4,0,0,0,0,1,0,1,1,0,0,0,0,7,1,2,33.3,Matches
Borja Mayoral,es ESP,FW,Roma,23-314,1997,6.1,1,0,0,5,9,5,1,1,2,1,0,0,13,6,26,18.8,Matches
Antonio Mazzotta,it ITA,DF,Crotone,31-195,1989,0.6,1,0,0,2,0,0,1,0,0,0,0,0,1,1,0,100.0,Matches
Ibrahima Mbaye,sn SEN,DF,Bologna,26-086,1994,0.8,1,0,0,1,1,1,0,2,1,0,0,0,6,2,0,100.0,Matches
Weston McKennie,us USA,MF,Juventus,22-169,1998,10.8,3,0,0,23,5,4,7,12,18,0,0,0,72,23,18,56.1,Matches
Gary Medel,cl CHI,"DF,MF",Bologna,33-194,1987,4.7,0,0,0,3,5,0,0,9,6,0,0,0,57,6,6,50.0,Matches
Soualiho Meïté,fr FRA,MF,Torino,26-333,1994,10.2,0,0,0,11,9,1,3,10,6,0,0,0,82,10,8,55.6,Matches
Soualiho Meïté,fr FRA,MF,Milan,26-333,1994,1.7,0,0,0,4,4,0,1,2,2,0,0,0,14,3,0,100.0,Matches
Filippo Melegoni,it ITA,MF,Genoa,21-361,1999,1.2,0,0,0,1,2,0,3,4,3,0,0,0,11,2,1,66.7,Matches
Arthur Melo,br BRA,MF,Juventus,24-185,1996,9.3,3,0,0,8,15,0,0,11,8,0,0,0,101,1,4,20.0,Matches
Alex Meret,it ITA,GK,Napoli,23-328,1997,8.0,0,0,0,0,0,0,0,0,0,0,0,0,38,0,0,,Matches
Yıldırım Mert Çetin,tr TUR,DF,Hellas Verona,24-043,1997,3.1,0,0,0,3,4,0,0,5,2,0,0,0,45,15,7,68.2,Matches
Dries Mertens,be BEL,"MF,FW",Napoli,33-283,1987,8.6,0,0,0,9,6,2,22,5,11,0,0,0,47,0,5,0.0,Matches
Junior Messias,br BRA,"FW,MF",Crotone,29-276,1991,19.8,5,0,0,22,57,4,36,11,27,0,0,0,119,18,44,29.0,Matches
Valentin Mihaila,ro ROU,"MF,FW",Parma,21-011,2000,1.6,0,0,0,0,1,0,2,0,2,0,0,0,10,0,3,0.0,Matches
Nikola Milenković,rs SRB,DF,Fiorentina,23-124,1997,18.7,3,1,0,30,9,0,2,13,27,0,0,0,208,74,14,84.1,Matches
Sergej Milinković-Savić,rs SRB,MF,Lazio,25-352,1995,17.0,2,0,0,33,32,6,20,16,24,1,0,0,127,64,46,58.2,Matches
Vanja Milinković-Savić,rs SRB,GK,Torino,23-359,1997,2.0,0,1,0,0,1,0,0,0,0,0,0,0,7,0,0,,Matches
Vincenzo Millico,it ITA,"FW,MF",Torino,20-185,2000,0.2,0,0,0,0,0,0,0,0,0,0,0,0,2,0,0,,Matches
Aleksei Miranchuk,ru RUS,"MF,FW",Atalanta,25-119,1995,3.5,0,0,0,7,8,0,6,4,4,0,0,0,29,8,3,72.7,Matches
Antonio Mirante,it ITA,GK,Roma,37-220,1983,10.8,2,0,0,0,2,0,0,0,0,0,0,0,71,0,0,,Matches
Henrikh Mkhitaryan,am ARM,"FW,MF",Roma,32-023,1989,19.5,1,0,0,23,29,7,30,21,18,0,0,0,151,13,22,37.1,Matches
Johan Mojica,co COL,"DF,FW",Atalanta,28-176,1992,3.3,1,0,0,4,1,0,13,2,5,0,1,0,40,4,6,40.0,Matches
Nahuel Molina,ar ARG,DF,Udinese,23-073,1997,4.5,0,0,0,1,2,1,15,8,9,0,0,0,28,3,3,50.0,Matches
Salvatore Molina,it ITA,"MF,DF",Crotone,29-043,1992,12.5,1,0,0,10,28,0,23,8,14,0,0,0,116,14,11,56.0,Matches
Gabriele Moncini,it ITA,FW,Benevento,24-293,1996,3.4,0,0,0,7,8,2,0,1,1,0,0,0,10,8,10,44.4,Matches
Lorenzo Montipò,it ITA,GK,Benevento,24-359,1996,22.0,1,0,0,1,6,0,0,0,0,0,1,0,96,0,0,,Matches
Luca Mora,it ITA,MF,Spezia,32-279,1988,1.3,0,0,0,2,2,0,1,1,3,0,0,0,5,3,2,60.0,Matches
Álvaro Morata,es ESP,FW,Juventus,28-113,1992,11.8,2,1,0,20,31,15,13,3,7,1,0,0,45,21,13,61.8,Matches
Mert Müldür,tr TUR,DF,Sassuolo,21-316,1999,11.7,1,0,0,8,8,0,19,17,13,0,0,0,89,8,19,29.6,Matches
Luis Muriel,co COL,FW,Atalanta,29-303,1991,7.2,0,0,0,14,7,3,14,3,5,0,0,0,44,15,21,41.7,Matches
Vedat Muriqi,xk KVX,FW,Lazio,26-295,1994,3.4,1,0,0,6,9,4,2,0,2,0,0,0,18,19,15,55.9,Matches
Nicola Murru,it ITA,DF,Torino,26-059,1994,4.8,0,0,0,9,10,0,14,5,7,0,0,0,46,8,9,47.1,Matches
Mateo Musacchio,ar ARG,DF,Milan,30-171,1990,0.4,0,0,0,1,0,0,0,1,0,0,0,0,4,0,0,,Matches
Mateo Musacchio,ar ARG,DF,Lazio,30-171,1990,1.5,1,0,0,0,2,0,0,3,0,0,0,0,12,1,5,16.7,Matches
Juan Musso,ar ARG,GK,Udinese,26-283,1994,19.0,3,0,0,1,3,0,0,0,0,0,1,0,99,0,0,,Matches
Joakim Mæhle,dk DEN,DF,Atalanta,23-269,1997,2.8,0,0,0,3,8,0,9,1,2,0,0,0,25,3,2,60.0,Matches
Mbala N'Zola,fr FRA,FW,Spezia,24-179,1996,12.0,1,0,0,32,16,16,2,3,5,0,1,0,61,15,51,22.7,Matches
Radja Nainggolan,be BEL,MF,Cagliari,32-285,1988,5.6,1,0,0,2,2,0,19,7,9,0,0,0,63,3,9,25.0,Matches
Radja Nainggolan,be BEL,MF,Inter,32-285,1988,0.5,0,0,0,1,0,0,0,0,2,0,0,0,3,0,0,,Matches
Nahitan Nández,uy URU,"MF,FW",Cagliari,25-047,1995,14.2,6,1,0,18,34,2,35,11,22,0,0,0,105,18,21,46.2,Matches
Ilija Nestorovski,mk MKD,FW,Udinese,30-338,1990,3.4,0,0,0,7,6,3,3,1,1,0,0,0,23,7,9,43.8,Matches
Nicolas Nkoulou,cm CMR,DF,Torino,30-323,1990,6.9,2,0,0,5,7,0,0,14,4,0,2,0,49,9,12,42.9,Matches
Bram Nuytinck,nl NED,DF,Udinese,30-285,1990,5.6,1,0,0,3,3,0,0,6,3,0,0,0,52,16,4,80.0,Matches
Simeon Nwankwo,ng NGA,FW,Crotone,28-282,1992,18.2,1,0,0,23,23,12,4,2,4,0,0,0,74,24,42,36.4,Matches
Pedro Obiang,gq EQG,MF,Sassuolo,28-323,1992,8.1,3,1,0,14,7,0,1,7,14,0,0,0,72,13,11,54.2,Matches
Brain Oddei,it ITA,"MF,FW",Sassuolo,18-148,2002,0.2,0,0,0,0,0,0,4,0,2,0,0,0,4,0,0,,Matches
Stefano Okaka,it ITA,FW,Udinese,31-188,1989,7.6,1,0,0,15,10,6,2,2,6,0,0,0,20,17,23,42.5,Matches
Christian Oliva,uy URU,MF,Cagliari,24-257,1996,4.3,2,0,0,7,5,0,2,5,4,0,0,0,42,5,4,55.6,Matches
Jerome Onguene,cm CMR,DF,Genoa,23-053,1997,0.5,0,0,0,0,0,0,0,3,0,0,0,0,3,1,1,50.0,Matches
Riccardo Orsolini,it ITA,"FW,MF",Bologna,24-020,1997,11.6,0,0,0,11,19,6,18,3,6,0,1,0,64,15,15,50.0,Matches
Victor Osimhen,ng NGA,FW,Napoli,22-046,1998,5.9,1,0,0,6,10,2,8,3,3,0,0,0,18,13,26,33.3,Matches
Yordan Osorio,ve VEN,DF,Parma,26-279,1994,10.8,1,0,0,7,8,0,1,21,10,0,0,0,97,17,10,63.0,Matches
David Ospina,co COL,GK,Napoli,32-166,1988,12.0,2,0,0,1,2,0,0,0,0,0,1,0,57,0,0,,Matches
Adam Ounas,dz ALG,"MF,FW",Cagliari,24-094,1996,3.4,0,0,0,3,9,1,11,5,1,0,0,0,27,3,5,37.5,Matches
Adam Ounas,dz ALG,FW,Crotone,24-094,1996,0.7,0,0,0,0,3,0,4,1,0,0,0,0,11,1,1,50.0,Matches
Thomas Ouwejan,nl NED,DF,Udinese,24-136,1996,3.5,0,0,0,4,1,0,27,2,1,0,0,0,27,2,7,22.2,Matches
Mattia Pagliuca,it ITA,MF,Bologna,18-294,2002,0.1,0,0,0,0,1,0,0,1,0,0,0,0,0,1,0,100.0,Matches
Rodrigo Palacio,ar ARG,FW,Bologna,39-008,1982,16.5,3,0,0,24,46,23,31,6,7,0,0,0,78,27,39,40.9,Matches
Alberto Paleari,it ITA,GK,Genoa,28-168,1992,1.3,0,0,0,0,0,0,0,0,0,0,0,0,8,0,0,,Matches
Antonio Palumbo,it ITA,MF,Sampdoria,24-191,1996,0.1,0,0,0,0,0,0,0,0,0,0,0,0,0,0,0,,Matches
Martin Palumbo,no NOR,MF,Udinese,18-345,2002,0.6,0,0,0,1,0,0,2,1,0,0,0,0,3,0,0,,Matches
Goran Pandev,mk MKD,"FW,MF",Genoa,37-201,1983,8.7,3,0,0,7,24,6,5,1,5,0,0,0,54,10,20,33.3,Matches
Vittorio Parigini,it ITA,"FW,DF",Genoa,24-325,1996,0.6,0,0,0,0,2,1,3,0,1,0,0,0,4,1,2,33.3,Matches
Marco Parolo,it ITA,"DF,MF",Lazio,36-019,1985,4.2,3,0,0,9,1,1,0,6,7,0,0,0,51,9,14,39.1,Matches
Mario Pašalić,hr CRO,MF,Atalanta,26-004,1995,6.3,2,0,0,9,4,0,3,4,8,0,0,0,58,6,8,42.9,Matches
Christian Pastina,it ITA,DF,Benevento,19-364,2001,0.8,0,0,0,1,0,0,1,1,2,0,0,0,4,0,1,0.0,Matches
Patric,es ESP,DF,Lazio,27-302,1993,11.5,5,0,0,13,2,1,10,8,10,0,1,0,123,9,14,39.1,Matches
Leonardo Pavoletti,it ITA,FW,Cagliari,32-079,1988,6.8,4,0,0,22,11,4,3,1,1,0,0,0,21,45,21,68.2,Matches
Nehuén Paz,ar ARG,DF,Bologna,27-291,1993,4.0,0,0,0,3,2,0,0,11,6,0,0,0,60,25,2,92.6,Matches
Pedro,es ESP,"FW,MF",Roma,33-200,1987,11.2,4,1,1,14,23,6,18,9,13,2,0,0,54,1,8,11.1,Matches
João Pedro,br BRA,"MF,FW",Cagliari,28-341,1992,20.7,2,0,0,29,50,8,20,8,8,3,0,0,107,40,43,48.2,Matches
Gianluca Pegolo,it ITA,GK,Sassuolo,39-325,1981,1.0,0,0,0,0,0,0,0,0,0,0,0,0,3,0,0,,Matches
Lorenzo Pellegrini,it ITA,"MF,FW",Roma,24-239,1996,16.5,5,0,0,25,29,4,20,14,19,0,1,0,129,11,19,36.7,Matches
Luca Pellegrini,it ITA,"DF,MF",Genoa,21-343,1999,6.6,2,0,0,10,16,0,18,5,9,0,0,1,58,5,11,31.3,Matches
Federico Peluso,it ITA,DF,Sassuolo,37-024,1984,1.1,0,0,0,2,1,0,0,0,0,0,0,0,10,1,1,50.0,Matches
Andreas Pereira,br BRA,"MF,FW",Lazio,25-043,1996,3.1,1,0,0,4,4,1,11,0,0,0,1,0,26,3,9,25.0,Matches
Pedro Pereira,pt POR,DF,Crotone,23-022,1998,17.0,4,0,0,23,9,2,33,6,18,0,1,0,128,13,23,36.1,Matches
Gastón Pereiro,uy URU,"MF,FW",Cagliari,25-247,1995,1.6,0,0,0,1,1,0,3,3,2,0,0,0,12,1,1,50.0,Matches
Bruno Peres,br BRA,DF,Roma,30-349,1990,6.5,4,0,0,11,10,0,21,12,3,0,0,0,53,3,6,33.3,Matches
Roberto Pereyra,ar ARG,MF,Udinese,30-037,1991,17.7,4,0,0,21,27,3,17,13,12,0,0,0,146,6,11,35.3,Matches
Carles Pérez,es ESP,"MF,FW",Roma,22-363,1998,3.8,0,0,0,8,2,0,4,1,4,0,0,0,23,2,6,25.0,Matches
Mattia Perin,it ITA,GK,Genoa,28-095,1992,18.0,1,1,0,2,4,0,0,0,0,0,1,0,88,0,0,,Matches
Ivan Perišić,hr CRO,"DF,FW",Inter,32-011,1989,11.2,3,0,0,9,1,5,50,6,7,0,0,0,72,20,8,71.4,Matches
Matteo Pessina,it ITA,MF,Atalanta,23-298,1997,9.7,2,0,0,18,13,1,7,10,7,0,0,0,98,10,18,35.7,Matches
Andrea Petagna,it ITA,FW,Napoli,25-228,1995,10.1,0,0,0,13,17,6,6,1,2,0,0,0,31,20,29,40.8,Matches
Jacopo Petriccione,it ITA,MF,Crotone,25-357,1995,4.6,2,1,0,7,6,0,2,2,5,0,0,0,40,3,5,37.5,Matches
Jens Petter Hauge,no NOR,"FW,MF",Milan,21-124,1999,5.0,0,0,0,12,1,1,2,1,4,0,0,0,25,2,14,12.5,Matches
Germán Pezzella,ar ARG,DF,Fiorentina,29-231,1991,14.6,2,0,0,12,9,0,2,14,11,0,1,0,142,29,23,55.8,Matches
Giuseppe Pezzella,it ITA,DF,Parma,23-076,1997,10.5,3,0,0,10,17,0,31,5,15,0,0,0,87,12,8,60.0,Matches
Cristiano Piccini,it ITA,DF,Atalanta,28-140,1992,0.7,0,0,0,1,1,0,0,1,0,0,0,0,3,0,0,,Matches
Roberto Piccoli,it ITA,FW,Spezia,20-017,2001,4.4,0,0,0,8,7,2,2,2,3,1,0,0,14,12,27,30.8,Matches
Andrea Pinamonti,it ITA,FW,Inter,21-270,1999,0.6,0,0,0,1,1,1,0,0,0,0,0,0,4,1,2,33.3,Matches
Fabio Pisacane,it ITA,DF,Cagliari,35-016,1986,2.5,1,0,0,2,0,0,1,3,2,0,0,0,12,3,1,75.0,Matches
Marko Pjaca,hr CRO,"FW,MF",Genoa,25-283,1995,8.6,0,0,0,10,10,2,6,5,3,0,0,0,41,5,24,17.2,Matches
Tommaso Pobega,it ITA,MF,Spezia,21-213,1999,9.0,5,0,0,21,13,0,4,10,11,2,1,0,59,11,9,55.0,Matches
Andrea Poli,it ITA,MF,Bologna,31-137,1989,2.4,0,0,0,2,4,0,1,2,5,0,0,1,21,1,3,25.0,Matches
Matteo Politano,it ITA,"FW,MF",Napoli,27-194,1993,8.2,2,0,0,4,10,0,17,6,7,0,0,0,45,3,4,42.9,Matches
Manolo Portanova,it ITA,FW,Genoa,20-256,2000,0.1,0,0,0,1,2,0,0,1,0,0,0,0,0,0,0,,Matches
Manolo Portanova,it ITA,"FW,MF",Juventus,20-256,2000,0.8,1,0,0,2,3,0,0,0,2,0,0,0,3,1,0,100.0,Matches
Ivan Provedel,it ITA,GK,Spezia,26-333,1994,18.0,1,0,0,0,4,0,0,0,0,0,0,0,92,0,0,,Matches
Erick Pulgar,cl CHI,MF,Fiorentina,27-029,1994,7.0,2,0,0,7,8,0,7,11,13,0,0,0,88,6,4,60.0,Matches
Ignacio Pussetto,ar ARG,FW,Udinese,25-054,1995,8.4,2,0,0,18,10,7,14,10,15,1,0,0,44,23,20,53.5,Matches
Fabio Quagliarella,it ITA,FW,Sampdoria,38-013,1983,14.2,1,0,0,16,18,14,8,3,6,1,0,0,55,16,41,28.1,Matches
Simone Rabbi,it ITA,FW,Bologna,19-106,2001,0.4,0,0,0,3,2,1,0,0,1,0,0,0,1,0,2,0.0,Matches
Adrien Rabiot,fr FRA,MF,Juventus,25-316,1995,11.7,6,1,1,20,9,0,6,14,21,0,1,0,93,16,12,57.1,Matches
Ivan Radovanović,rs SRB,"DF,MF",Genoa,32-168,1988,12.5,2,0,0,17,14,0,2,17,13,0,0,0,114,23,20,53.5,Matches
Ștefan Radu,ro ROU,DF,Lazio,34-114,1986,15.3,1,0,0,14,12,1,21,29,15,0,0,0,156,26,16,61.9,Matches
Rafael,br BRA,GK,Spezia,38-347,1982,1.3,0,0,0,0,0,0,0,0,0,0,0,0,6,0,0,,Matches
Gastón Ramírez,uy URU,"FW,MF",Sampdoria,30-073,1990,7.4,4,0,0,19,27,3,15,3,8,0,0,0,54,22,28,44.0,Matches
Aaron Ramsey,wal WAL,"MF,FW",Juventus,30-049,1990,8.3,0,0,0,9,11,3,14,6,15,0,0,0,44,3,11,21.4,Matches
Andrea Ranocchia,it ITA,DF,Inter,32-363,1988,3.8,1,0,0,10,6,1,0,2,4,0,0,0,49,16,6,72.7,Matches
Giacomo Raspadori,it ITA,"FW,MF",Sassuolo,20-361,2000,6.1,1,0,0,5,9,0,4,0,1,1,0,0,15,0,2,0.0,Matches
Federico Ravaglia,it ITA,GK,Bologna,21-094,1999,1.0,0,0,0,0,0,0,0,0,0,0,0,0,2,0,0,,Matches
Ante Rebić,hr CRO,FW,Milan,27-145,1993,10.3,3,0,0,15,10,6,19,8,9,3,0,0,47,14,27,34.1,Matches
Arkadiusz Reca,pl POL,DF,Crotone,25-241,1995,16.7,6,0,0,23,17,3,63,35,18,3,0,0,154,18,26,40.9,Matches
Vasco Regini,it ITA,DF,Sampdoria,30-157,1990,0.9,0,0,0,1,1,0,1,0,0,0,0,1,3,1,0,100.0,Matches
Pepe Reina,es ESP,GK,Lazio,38-166,1982,15.0,1,0,0,0,1,0,0,0,0,0,0,0,60,0,0,,Matches
Franck Ribéry,fr FRA,FW,Fiorentina,37-312,1983,13.6,4,0,0,20,44,6,18,5,18,1,0,0,77,4,19,17.4,Matches
Federico Ricci,it ITA,FW,Sassuolo,26-262,1994,0.0,0,0,0,1,0,0,0,0,0,0,0,0,0,0,0,,Matches
Giacomo Ricci,it ITA,DF,Parma,24-164,1996,0.7,0,0,0,0,0,0,1,1,1,0,0,0,4,1,2,33.3,Matches
Matteo Ricci,it ITA,MF,Spezia,26-262,1994,12.7,3,0,0,14,17,0,2,14,19,0,0,0,132,9,5,64.3,Matches
Tomás Rincón,ve VEN,MF,Torino,33-031,1988,19.0,5,0,0,44,28,0,3,21,28,0,0,0,197,26,18,59.1,Matches
Andrea Rispoli,it ITA,DF,Crotone,32-137,1988,4.3,2,0,0,4,2,0,12,3,4,0,0,0,29,4,3,57.1,Matches
Emmanuel Rivière,fr FRA,"FW,MF",Crotone,30-347,1990,5.7,0,0,0,7,17,1,1,1,2,0,0,0,17,9,22,29.0,Matches
Ricardo Rodríguez,ch SUI,DF,Torino,28-172,1992,11.4,1,0,0,10,4,0,7,23,12,0,0,0,74,13,11,54.2,Matches
Marko Rog,hr CRO,MF,Cagliari,25-209,1995,12.9,2,0,0,33,23,0,6,12,25,0,0,0,128,8,14,36.4,Matches
Rogério,br BRA,DF,Sassuolo,23-031,1998,11.6,3,0,0,18,12,0,28,12,7,0,0,0,89,7,8,46.7,Matches
Luis Rojas,cl CHI,"FW,MF",Crotone,18-344,2002,0.2,0,0,0,1,0,0,0,1,0,0,0,0,2,1,0,100.0,Matches
Alessio Romagnoli,it ITA,DF,Milan,26-032,1995,16.0,6,0,0,16,8,0,1,6,6,0,1,0,123,41,18,69.5,Matches
Cristian Romero,ar ARG,DF,Atalanta,22-292,1998,13.6,6,0,0,42,19,0,0,39,27,0,0,0,191,52,25,67.5,Matches
Cristiano Ronaldo,pt POR,FW,Juventus,36-008,1985,16.1,1,0,0,5,22,16,36,3,2,0,0,0,68,13,12,52.0,Matches
Marten de Roon,nl NED,MF,Atalanta,29-321,1991,18.1,3,0,0,36,12,0,10,34,37,0,0,0,236,41,26,61.2,Matches
Nicolò Rovella,it ITA,MF,Genoa,19-071,2001,6.7,1,0,0,9,14,0,3,8,9,0,1,0,54,1,4,20.0,Matches
Amir Rrahmani,xk KVX,DF,Napoli,26-355,1994,0.9,0,0,0,0,0,0,0,0,0,0,0,0,11,2,1,66.7,Matches
Kevin Rüegg,ch SUI,"MF,DF",Hellas Verona,22-192,1998,1.3,0,0,0,0,1,1,1,1,2,1,0,0,8,2,5,28.6,Matches
Daniele Rugani,it ITA,DF,Cagliari,26-199,1994,1.0,0,0,0,1,0,0,0,2,0,0,0,0,7,3,3,50.0,Matches
Matteo Ruggeri,it ITA,DF,Atalanta,18-217,2002,2.3,0,0,0,3,0,0,7,3,2,0,0,0,8,4,2,66.7,Matches
Mário Rui,pt POR,DF,Napoli,29-262,1991,11.7,3,0,0,11,25,3,48,17,12,0,0,0,111,9,11,45.0,Matches
Fabián Ruiz Peña,es ESP,MF,Napoli,24-316,1996,12.3,0,0,0,7,12,0,11,7,19,0,1,0,113,5,5,50.0,Matches
Alexis Saelemaekers,be BEL,FW,Milan,21-231,1999,11.0,3,1,1,24,18,5,26,9,20,1,0,0,79,1,16,5.9,Matches
Jacopo Sala,it ITA,DF,Spezia,29-070,1991,4.2,1,0,0,7,4,0,9,3,5,0,0,0,31,3,5,37.5,Matches
Eddy Salcedo,it ITA,FW,Hellas Verona,19-135,2001,4.3,3,0,0,11,13,1,4,2,2,1,0,0,26,19,40,32.2,Matches
Alexis Sánchez,cl CHI,FW,Inter,32-056,1988,7.9,0,0,0,12,18,3,8,4,4,0,0,0,45,7,6,53.8,Matches
Alex Sandro,br BRA,DF,Juventus,30-018,1991,5.4,0,0,0,6,8,0,16,3,5,0,0,1,49,8,8,50.0,Matches
Nicola Sansone,it ITA,"FW,MF",Bologna,29-156,1991,5.4,2,0,0,10,14,2,7,1,7,0,0,0,40,5,5,50.0,Matches
Federico Santander,py PAR,FW,Bologna,29-254,1991,0.4,0,0,0,2,2,0,1,0,0,0,0,0,5,2,2,50.0,Matches
Davide Santon,it ITA,DF,Roma,30-042,1991,2.8,1,0,0,5,2,1,8,1,3,0,0,0,14,2,0,100.0,Matches
Samir Santos,br BRA,DF,Udinese,26-070,1994,19.6,5,0,0,30,30,3,15,26,26,0,0,0,151,43,30,58.9,Matches
Riccardo Saponara,it ITA,FW,Fiorentina,29-054,1991,0.6,0,0,0,1,1,0,0,0,1,0,0,0,3,1,1,50.0,Matches
Riccardo Saponara,it ITA,"FW,MF",Spezia,29-054,1991,0.3,2,1,1,2,1,0,1,0,0,0,0,0,1,0,1,0.0,Matches
Marco Sau,it ITA,"MF,FW",Benevento,33-102,1987,5.8,0,1,0,5,17,0,14,4,2,1,0,0,37,6,13,31.6,Matches
Gianluca Scamacca,it ITA,FW,Genoa,22-043,1999,8.6,1,0,0,18,14,7,9,3,6,0,0,0,44,26,31,45.6,Matches
Nicolás Schiappacasse,uy URU,MF,Sassuolo,22-032,1999,0.2,0,0,0,0,0,0,0,0,0,0,0,0,1,0,1,0.0,Matches
Pasquale Schiattarella,it ITA,MF,Benevento,33-259,1987,16.9,7,1,0,23,36,1,3,14,25,0,0,0,192,7,7,50.0,Matches
Jerdy Schouten,nl NED,MF,Bologna,24-032,1997,18.2,4,0,0,30,15,0,4,36,30,0,1,0,221,22,23,48.9,Matches
Matteo Scozzarella,it ITA,MF,Parma,32-253,1988,1.7,1,0,0,3,1,0,4,6,1,0,0,0,8,0,0,,Matches
Jacopo Segre,it ITA,MF,Torino,23-362,1997,2.1,1,0,0,2,9,1,0,0,5,0,0,0,17,2,3,40.0,Matches
Léo Sena,br BRA,MF,Spezia,25-044,1995,1.2,0,0,0,0,7,0,1,0,0,0,0,0,8,0,3,0.0,Matches
Stefano Sensi,it ITA,MF,Inter,25-192,1995,3.3,1,1,0,6,8,0,6,4,6,0,0,0,30,0,1,0.0,Matches
Luigi Sepe,it ITA,GK,Parma,29-281,1991,21.0,0,0,0,0,2,0,0,0,0,0,0,0,89,0,0,,Matches
Eldor Shomurodov,uz UZB,FW,Genoa,25-229,1995,9.4,0,0,0,21,11,9,6,4,10,0,0,0,51,28,57,32.9,Matches
Luca Siligardi,it ITA,FW,Parma,33-018,1988,0.4,0,0,0,0,0,0,1,0,1,0,0,0,5,0,0,,Matches
Luca Siligardi,it ITA,MF,Crotone,33-018,1988,0.5,0,0,0,0,1,0,0,0,2,0,0,0,6,0,1,0.0,Matches
Adrien Silva,pt POR,MF,Sampdoria,31-335,1989,9.2,4,0,0,20,13,0,5,15,14,0,0,0,106,7,9,43.8,Matches
Marco Silvestri,it ITA,GK,Hellas Verona,29-348,1991,21.0,0,0,0,1,1,0,0,0,0,0,1,1,116,0,0,,Matches
Giovanni Simeone,ar ARG,FW,Cagliari,25-223,1995,13.3,0,0,0,11,15,11,4,10,6,0,0,0,50,14,51,21.5,Matches
Wilfried Singo,ci CIV,DF,Torino,20-050,2000,13.7,4,1,1,15,34,2,44,28,12,1,0,0,118,24,15,61.5,Matches
Salvatore Sirigu,it ITA,GK,Torino,34-032,1987,19.0,0,0,0,1,2,0,0,0,0,0,1,1,74,0,0,,Matches
Łukasz Skorupski,pl POL,GK,Bologna,29-284,1991,15.0,0,0,0,0,0,1,0,0,0,0,0,0,59,0,0,,Matches
Andreas Skov Olsen,dk DEN,FW,Bologna,21-046,1999,4.6,0,0,0,2,2,1,12,1,4,0,0,0,40,5,3,62.5,Matches
Milan Škriniar,sk SVK,DF,Inter,26-002,1995,15.9,1,0,0,25,16,0,0,8,15,0,0,0,143,19,18,51.4,Matches
Chris Smalling,eng ENG,DF,Roma,31-083,1989,9.6,3,0,0,11,6,1,0,15,4,0,0,0,92,23,14,62.2,Matches
Simon Sohm,ch SUI,"MF,FW",Parma,19-308,2001,6.7,1,0,0,7,2,1,0,1,10,0,0,0,56,7,4,63.6,Matches
Roberto Soriano,it ITA,MF,Bologna,30-005,1991,21.6,3,0,0,48,35,1,18,12,16,2,0,0,137,20,44,31.3,Matches
Riccardo Sottil,it ITA,"MF,FW",Cagliari,21-255,1999,13.0,3,0,0,19,33,1,29,4,8,0,0,0,99,5,15,25.0,Matches
Adama Soumaoro,fr FRA,DF,Bologna,28-240,1992,3.5,0,0,0,10,4,0,0,3,1,0,1,0,49,12,4,75.0,Matches
Leonardo Spinazzola,it ITA,DF,Roma,27-325,1993,16.1,0,0,0,5,9,2,49,23,4,0,0,0,128,7,5,58.3,Matches
Marco Sportiello,it ITA,GK,Atalanta,28-279,1992,7.3,0,0,0,0,1,0,0,0,0,0,0,0,35,0,1,0.0,Matches
Mattia Sprocati,it ITA,FW,Parma,27-291,1993,0.2,0,0,0,0,0,0,0,0,0,0,0,0,1,0,0,,Matches
Thomas Strakosha,al ALB,GK,Lazio,25-331,1995,6.0,0,0,0,0,0,0,0,0,1,0,0,0,31,0,0,,Matches
Kevin Strootman,nl NED,MF,Genoa,31-000,1990,2.9,1,0,0,7,0,0,0,7,6,0,0,0,24,3,1,75.0,Matches
Jens Stryger Larsen,dk DEN,DF,Udinese,29-358,1991,14.4,0,0,0,4,9,0,27,8,7,0,0,0,104,12,18,40.0,Matches
Stefano Sturaro,it ITA,MF,Genoa,27-341,1993,4.9,1,0,0,14,13,2,7,2,7,0,0,0,59,6,14,30.0,Matches
Bosko Sutalo,hr CRO,DF,Atalanta,21-043,2000,1.9,0,0,0,1,2,0,2,2,3,0,0,0,21,10,4,71.4,Matches
Mattias Svanberg,se SWE,MF,Bologna,22-039,1999,10.4,7,1,1,20,22,0,2,19,8,0,0,0,91,9,13,40.9,Matches
Wojciech Szczęsny,pl POL,GK,Juventus,30-301,1990,16.0,0,0,0,0,0,0,0,0,0,0,0,0,77,0,0,,Matches
Adrien Tameze,cm CMR,MF,Hellas Verona,27-009,1994,16.8,3,0,0,23,15,2,14,21,34,0,0,0,205,30,34,46.9,Matches
Ciprian Tătărușanu,ro ROU,GK,Milan,35-004,1986,1.0,0,0,0,0,0,0,0,0,0,0,0,0,6,0,0,,Matches
Andrés Tello,co COL,"MF,DF",Benevento,24-160,1996,2.6,1,0,0,4,2,0,1,4,4,0,0,0,22,8,8,50.0,Matches
Hidde ter Avest,nl NED,DF,Udinese,23-269,1997,3.9,0,0,0,3,2,1,13,0,3,0,0,0,33,1,4,20.0,Matches
Claudio Terzi,it ITA,DF,Spezia,36-239,1984,14.3,8,1,1,17,14,2,3,18,8,0,2,0,148,35,18,66.0,Matches
Morten Thorsby,no NOR,MF,Sampdoria,24-284,1996,17.6,7,0,0,43,11,2,5,13,37,0,2,0,146,80,79,50.3,Matches
Jeremy Toljan,de GER,DF,Sassuolo,26-189,1994,7.5,1,0,0,6,5,3,16,7,7,0,0,0,52,1,6,14.3,Matches
Rafael Tolói,br BRA,DF,Atalanta,30-126,1990,16.7,4,0,0,24,5,0,15,16,18,0,1,0,199,39,13,75.0,Matches
Takehiro Tomiyasu,jp JPN,DF,Bologna,22-100,1998,22.0,4,0,0,22,12,3,12,36,20,0,0,1,211,87,42,67.4,Matches
Fikayo Tomori,eng ENG,DF,Milan,23-056,1997,2.0,0,0,0,2,0,0,0,3,3,0,0,0,15,7,4,63.6,Matches
Sandro Tonali,it ITA,MF,Milan,20-281,2000,9.7,1,1,0,14,12,0,5,11,8,0,0,0,122,6,7,46.2,Matches
Lorenzo Tonelli,it ITA,DF,Sampdoria,31-027,1990,13.4,10,0,0,22,15,1,0,8,17,0,1,0,144,35,23,60.3,Matches
Ernesto Torregrossa,it ITA,FW,Sampdoria,28-230,1992,1.7,0,0,0,7,1,3,0,1,0,0,0,0,10,5,9,35.7,Matches
Mattéo Tramoni,fr FRA,"FW,MF",Cagliari,21-024,2000,0.8,1,0,0,1,1,0,0,1,2,0,0,0,10,0,2,0.0,Matches
Alessandro Tripaldelli,it ITA,DF,Cagliari,22-004,1999,3.2,1,0,0,7,4,0,8,3,3,0,0,0,19,6,6,50.0,Matches
Alessandro Tuia,it ITA,DF,Benevento,30-250,1990,11.5,3,0,0,16,9,0,6,10,18,0,2,0,74,16,5,76.2,Matches
Ľubomír Tupta,sk SVK,MF,Hellas Verona,22-323,1998,0.6,0,0,0,0,1,0,0,0,0,0,0,0,2,1,1,50.0,Matches
Iyenoma Udogie,it ITA,"DF,MF",Hellas Verona,18-077,2002,0.6,0,0,0,3,0,0,0,0,0,0,0,0,8,2,1,66.7,Matches
Lautaro Valenti,ar ARG,DF,Parma,22-030,1999,1.5,0,0,0,2,1,0,0,1,0,0,0,0,12,0,0,,Matches
Borja Valero,es ESP,"MF,FW",Fiorentina,36-032,1985,3.2,2,0,0,7,9,1,0,7,5,0,0,0,31,1,3,25.0,Matches
Denis Vavro,sk SVK,DF,Lazio,24-309,1996,0.4,0,0,0,0,0,0,0,0,0,0,0,0,4,0,1,0.0,Matches
Miguel Veloso,pt POR,MF,Hellas Verona,34-278,1986,8.7,1,0,0,8,6,0,9,9,9,0,0,0,126,13,10,56.5,Matches
Lorenzo Venuti,it ITA,DF,Fiorentina,25-307,1995,8.0,1,0,0,3,12,1,27,4,5,0,0,0,57,7,4,63.6,Matches
Daniele Verde,it ITA,FW,Spezia,24-238,1996,3.8,1,0,0,1,6,1,5,1,2,0,0,0,13,0,0,,Matches
Simone Verdi,it ITA,"FW,MF",Torino,28-216,1992,9.6,3,0,0,14,12,5,34,5,6,0,0,0,62,0,10,0.0,Matches
Jordan Veretout,fr FRA,MF,Roma,27-349,1993,17.5,3,0,0,26,10,1,19,11,20,0,1,0,136,9,10,47.4,Matches
Edoardo Vergani,it ITA,FW,Bologna,20-007,2001,0.1,0,0,0,0,0,0,0,0,0,0,0,0,0,0,0,,Matches
Valerio Verre,it ITA,MF,Sampdoria,27-033,1994,6.8,1,0,0,15,14,1,9,5,7,0,0,0,56,8,19,29.6,Matches
Arturo Vidal,cl CHI,MF,Inter,33-267,1987,11.7,3,0,0,28,15,0,12,15,18,0,1,0,129,20,14,58.8,Matches
Ronaldo Vieira,gw GNB,MF,Hellas Verona,22-209,1998,2.0,1,0,0,5,3,0,0,0,0,0,0,0,35,5,3,62.5,Matches
Luca Vignali,it ITA,DF,Spezia,25-033,1996,7.3,2,1,0,10,8,1,9,16,6,0,0,0,59,14,10,58.3,Matches
Emanuel Vignato,it ITA,"FW,MF",Bologna,20-173,2000,8.0,3,0,0,12,7,2,25,8,8,0,0,0,72,1,11,8.3,Matches
Gonzalo Villar,es ESP,MF,Roma,22-327,1998,11.1,4,0,0,24,32,0,7,13,24,0,1,0,104,9,7,56.3,Matches
Nicolas Viola,it ITA,MF,Benevento,31-124,1989,2.9,0,0,0,4,6,0,2,6,4,0,0,0,31,3,2,60.0,Matches
Dušan Vlahović,rs SRB,FW,Fiorentina,21-016,2000,15.6,0,0,0,27,30,16,11,5,2,2,0,0,57,46,59,43.8,Matches
Mërgim Vojvoda,xk KVX,DF,Torino,26-012,1995,6.1,2,0,0,4,4,0,21,7,9,0,0,0,41,3,3,50.0,Matches
Stefan de Vrij,nl NED,DF,Inter,29-008,1992,17.4,2,0,0,16,6,0,1,18,5,0,0,0,156,46,24,65.7,Matches
Giacomo Vrioni,al ALB,MF,Juventus,22-121,1998,0.0,0,0,0,0,0,0,0,0,0,0,0,0,1,0,0,,Matches
Miloš Vulić,rs SRB,MF,Crotone,24-178,1996,11.8,1,0,0,10,26,1,11,8,9,0,0,0,92,13,11,54.2,Matches
Walace,br BRA,MF,Udinese,25-315,1995,8.0,1,0,0,9,8,1,3,12,15,0,0,0,81,5,8,38.5,Matches
Sebastian Walukiewicz,pl POL,DF,Cagliari,20-314,2000,17.0,0,0,0,14,5,0,1,18,14,0,0,0,135,23,18,56.1,Matches
Maya Yoshida,jp JPN,DF,Sampdoria,32-173,1988,15.0,3,0,0,9,13,0,0,24,10,0,0,0,137,21,18,53.8,Matches
Ashley Young,eng ENG,DF,Inter,35-219,1985,10.4,3,0,0,9,7,1,27,3,5,0,1,0,55,3,6,33.3,Matches
Mattia Zaccagni,it ITA,"MF,FW",Hellas Verona,25-242,1995,17.2,5,0,0,19,61,5,41,18,17,1,0,0,113,29,30,49.2,Matches
Miha Zajc,si SVN,MF,Genoa,26-227,1994,10.3,3,0,0,12,20,3,7,16,13,0,0,0,89,8,15,34.8,Matches
Niccolò Zanellato,it ITA,MF,Crotone,22-234,1998,10.6,1,0,0,18,17,1,2,9,13,0,0,0,101,10,6,62.5,Matches
Cristián Zapata,co COL,DF,Genoa,34-136,1986,6.8,0,0,0,1,3,0,0,3,9,0,1,0,51,21,6,77.8,Matches
Duván Zapata,co COL,FW,Atalanta,29-318,1991,14.2,0,0,0,14,29,14,24,5,1,1,0,0,48,23,35,39.7,Matches
Gabriele Zappa,it ITA,"DF,FW",Cagliari,21-053,1999,17.7,2,0,0,14,9,1,40,13,18,0,0,0,137,5,22,18.5,Matches
Davide Zappacosta,it ITA,DF,Genoa,28-247,1992,9.0,2,0,0,16,4,5,25,6,8,0,0,0,68,4,6,40.0,Matches
Simone Zaza,it ITA,FW,Torino,29-233,1991,8.8,3,0,0,23,17,5,3,2,5,0,0,0,29,20,35,36.4,Matches
Marvin Zeegelaar,nl NED,DF,Udinese,30-185,1990,14.2,4,0,0,29,6,2,30,8,19,0,0,0,110,26,25,51.0,Matches
Piotr Zieliński,pl POL,MF,Napoli,26-269,1994,13.5,1,0,0,5,21,2,25,6,10,0,0,0,90,2,8,20.0,Matches
Joshua Zirkzee,nl NED,FW,Parma,19-267,2001,0.4,0,0,0,0,0,0,0,0,0,0,0,0,4,0,1,0.0,Matches
Jeroen Zoet,nl NED,GK,Spezia,30-038,1991,1.7,1,0,0,2,0,0,0,0,0,0,1,0,10,0,0,,Matches
Filip Đuričić,rs SRB,"MF,FW",Sassuolo,29-014,1992,12.7,1,0,0,23,29,3,6,2,12,0,0,0,82,14,21,40.0,Matches
