player,nationality,position,squad,age,birth_year,games,minutes,minutes_per_game,minutes_pct,minutes_90s,games_starts,minutes_per_start,games_complete,games_subs,minutes_per_sub,unused_subs,points_per_match,on_goals_for,on_goals_against,plus_minus,plus_minus_per90,plus_minus_wowy,on_xg_for,on_xg_against,xg_plus_minus,xg_plus_minus_per90,xg_plus_minus_wowy,matches
Patrick van Aanholt,nl NED,DF,Crystal Palace,30-168,1990,13,"1,054",81,50.9,11.7,12,86,11,1,19,6,1.31,14,22,-8,-0.68,-0.33,11.3,16.8,-5.5,-0.47,+0.23,Matches
Tammy Abraham,eng ENG,FW,Chelsea,23-134,1997,18,957,53,46.2,10.6,10,83,7,8,16,5,1.61,23,11,+12,+1.13,+0.97,19.2,8.4,+10.8,+1.02,+0.73,Matches
Che Adams,eng ENG,FW,Southampton,24-215,1996,21,"1,713",82,86.5,19.0,20,84,10,1,26,0,1.24,26,34,-8,-0.42,-0.42,19.3,24.4,-5.2,-0.27,+0.27,Matches
Tosin Adarabioyo,eng ENG,DF,Fulham,23-142,1997,18,"1,620",90,81.8,18.0,18,90,18,0,,0,0.83,14,20,-6,-0.33,+1.67,20.6,25.0,-4.4,-0.25,+0.48,Matches
Adrián,es ESP,GK,Liverpool,34-041,1987,2,180,90,8.7,2.0,2,90,2,0,,13,0.50,4,9,-5,-2.50,-3.45,4.0,5.2,-1.3,-0.63,-1.41,Matches
Sergio Agüero,ar ARG,FW,Manchester City,32-256,1988,5,143,29,7.2,1.6,2,55,0,3,11,2,2.20,1,2,-1,-0.63,-2.10,2.9,1.2,+1.7,+1.04,-0.17,Matches
Ola Aina,ng NGA,DF,Fulham,24-128,1996,18,"1,594",89,80.5,17.7,18,89,15,0,,1,0.78,14,21,-7,-0.40,+1.24,19.4,25.0,-5.5,-0.31,+0.10,Matches
Rayan Aït Nouri,fr FRA,DF,Wolves,19-252,2001,11,692,63,33.4,7.7,8,79,5,3,21,4,0.64,8,11,-3,-0.39,-0.06,8.3,9.1,-0.8,-0.10,-0.02,Matches
Semi Ajayi,ng NGA,DF,West Brom,27-096,1993,22,"1,980",90,95.7,22.0,22,90,22,0,,1,0.50,18,54,-36,-1.64,-1.64,14.4,40.9,-26.5,-1.20,-1.12,Matches
Nathan Aké,nl NED,DF,Manchester City,25-361,1995,6,470,78,23.7,5.2,5,90,5,1,20,3,1.83,9,7,+2,+0.38,-1.23,8.5,5.5,+3.0,+0.57,-0.82,Matches
Marc Albrighton,eng ENG,"FW,DF",Leicester City,31-087,1989,17,"1,041",61,50.3,11.6,11,82,7,6,24,6,2.29,22,10,+12,+1.04,+0.86,18.3,14.3,+4.0,+0.35,+0.12,Matches
Thiago Alcántara,es ESP,MF,Liverpool,29-308,1991,10,747,75,36.1,8.3,8,86,6,2,32,0,1.20,11,8,+3,+0.36,-0.45,15.3,9.1,+6.2,+0.75,+0.13,Matches
Toby Alderweireld,be BEL,DF,Tottenham,31-348,1989,14,"1,250",89,63.1,13.9,14,89,13,0,,7,1.64,18,12,+6,+0.43,-0.55,15.9,16.6,-0.7,-0.05,-0.48,Matches
Rúnar Alex Rúnarsson,is ISL,GK,Arsenal,25-361,1995,1,16,16,0.8,0.2,0,,0,1,16,19,0.00,0,0,0,0.00,-0.18,0.1,0.5,-0.4,-2.03,-2.19,Matches
Trent Alexander-Arnold,eng ENG,DF,Liverpool,22-129,1998,21,"1,756",84,84.8,19.5,20,87,16,1,23,0,1.71,36,28,+8,+0.41,-1.60,36.7,24.1,+12.6,+0.65,-0.10,Matches
Ezgjan Alioski,mk MKD,"DF,MF",Leeds United,29-001,1992,20,"1,351",68,68.2,15.0,17,78,10,3,11,2,1.60,27,24,+3,+0.20,+0.63,27.5,23.8,+3.6,+0.24,+1.08,Matches
Alisson,br BRA,GK,Liverpool,28-134,1992,19,"1,710",90,82.6,19.0,19,90,19,0,,0,1.89,36,19,+17,+0.89,+1.39,37.3,21.1,+16.2,+0.85,+1.09,Matches
Allan,br BRA,MF,Everton,30-036,1991,12,"1,028",86,54.4,11.4,12,86,10,0,,0,1.67,18,16,+2,+0.18,-0.24,16.2,14.7,+1.5,+0.13,+0.34,Matches
Dele Alli,eng ENG,"MF,FW",Tottenham,24-308,1996,4,77,19,3.9,0.9,1,45,0,3,11,3,1.00,1,1,0,0.00,-0.66,1.9,0.8,+1.0,+1.18,+1.10,Matches
Miguel Almirón,py PAR,"MF,FW",Newcastle Utd,27-003,1994,21,"1,370",65,66.2,15.2,15,83,7,6,20,2,1.05,13,26,-13,-0.85,-0.85,13.7,19.3,-5.6,-0.37,+0.20,Matches
Marcos Alonso,es ESP,DF,Chelsea,30-047,1990,6,434,72,21.0,4.8,5,81,4,1,29,1,2.17,6,6,0,0.00,-0.77,6.7,5.5,+1.3,+0.26,-0.46,Matches
Steven Alzate,co COL,MF,Brighton,22-158,1998,9,612,68,29.6,6.8,6,87,4,3,31,11,1.00,9,13,-4,-0.59,-0.53,8.5,7.6,+0.9,+0.14,-0.14,Matches
Daniel Amartey,gh GHA,DF,Leicester City,26-054,1994,5,280,56,13.5,3.1,3,78,2,2,23,7,2.00,6,5,+1,+0.32,-0.33,4.7,3.1,+1.7,+0.54,+0.28,Matches
Ethan Ampadu,wal WAL,"DF,MF",Sheffield Utd,20-152,2000,16,"1,331",83,64.3,14.8,15,85,12,1,60,3,0.63,10,23,-13,-0.88,+0.22,13.7,21.6,-7.9,-0.53,-0.02,Matches
Joachim Andersen,dk DEN,DF,Fulham,24-258,1996,16,"1,411",88,71.3,15.7,16,88,15,0,,0,0.88,12,16,-4,-0.26,+1.33,17.7,20.2,-2.4,-0.15,+0.62,Matches
Elliot Anderson,sco SCO,MF,Newcastle Utd,18-099,2002,1,4,4,0.2,0.0,0,,0,1,4,6,0.00,0,0,0,0.00,+0.57,0.0,0.3,-0.3,-7.28,-6.86,Matches
Felipe Anderson,br BRA,"FW,MF",West Ham,27-304,1993,2,3,2,0.1,0.0,0,,0,2,2,2,0.00,0,0,0,0.00,-0.26,0.1,0.2,-0.1,-3.63,-3.80,Matches
Faustino Anjorin,eng ENG,MF,Chelsea,19-082,2001,0,,,,,0,,0,0,,1,,,,,,,,,,,,Matches
Michail Antonio,eng ENG,FW,West Ham,30-322,1990,15,"1,068",71,51.6,11.9,13,79,4,2,23,0,1.87,20,14,+6,+0.51,+0.51,18.5,9.7,+8.8,+0.74,+1.18,Matches
Alphonse Areola,fr FRA,GK,Fulham,27-352,1993,21,"1,890",90,95.5,21.0,21,90,21,0,,1,0.71,17,28,-11,-0.52,+2.48,23.8,29.5,-5.7,-0.27,+1.33,Matches
Stuart Armstrong,sco SCO,MF,Southampton,28-320,1992,18,"1,484",82,74.9,16.5,17,87,11,1,13,1,1.56,23,26,-3,-0.18,+0.73,14.8,22.0,-7.2,-0.44,-0.52,Matches
Kepa Arrizabalaga,es ESP,GK,Chelsea,26-133,1994,3,270,90,13.0,3.0,3,90,3,0,,17,1.33,6,6,0,0.00,-0.70,4.2,6.2,-2.0,-0.67,-1.49,Matches
Pierre-Emerick Aubameyang,ga GAB,FW,Arsenal,31-240,1989,19,"1,576",83,76.1,17.5,17,89,15,2,31,1,1.26,19,16,+3,+0.17,-0.01,22.2,19.4,+2.8,+0.16,+0.09,Matches
Serge Aurier,ci CIV,DF,Tottenham,28-051,1992,13,"1,075",83,54.3,11.9,13,83,10,0,,4,1.46,21,13,+8,+0.67,+0.07,14.6,15.6,-1.0,-0.08,-0.46,Matches
Charlie Austin,eng ENG,FW,West Brom,31-223,1989,5,138,28,6.7,1.5,0,,0,5,28,3,0.40,2,5,-3,-1.96,-0.42,0.6,4.9,-4.3,-2.79,-1.75,Matches
Jordan Ayew,gh GHA,FW,Crystal Palace,29-155,1991,19,"1,130",59,54.6,12.6,12,83,6,7,18,2,1.26,13,23,-10,-0.80,-0.60,8.0,18.2,-10.2,-0.82,-0.51,Matches
Luke Ayling,eng ENG,DF,Leeds United,29-172,1991,22,"1,959",89,98.9,21.8,22,89,21,0,,0,1.45,38,38,0,0.00,0.00,35.0,37.9,-2.9,-0.13,-3.01,Matches
César Azpilicueta,es ESP,DF,Chelsea,31-169,1989,13,"1,041",80,50.3,11.6,11,90,11,2,26,10,2.00,21,8,+13,+1.12,+1.04,17.5,8.9,+8.6,+0.74,+0.24,Matches
Eric Bailly,ci CIV,DF,Manchester Utd,26-307,1994,7,548,78,26.5,6.1,6,90,6,1,8,7,2.29,10,11,-1,-0.16,-1.35,9.5,9.6,-0.1,-0.02,-0.63,Matches
Fabián Balbuena,py PAR,DF,West Ham,29-174,1991,12,"1,080",90,52.2,12.0,12,90,12,0,,8,1.75,21,16,+5,+0.42,+0.33,16.1,17.0,-0.9,-0.08,-0.52,Matches
George Baldock,eng ENG,DF,Sheffield Utd,27-341,1993,19,"1,663",88,80.3,18.5,19,88,18,0,,2,0.42,10,30,-20,-1.08,-0.64,16.9,28.8,-11.9,-0.64,-0.58,Matches
Gareth Bale,wal WAL,FW,Tottenham,31-212,1989,6,232,39,11.7,2.6,2,69,0,4,24,8,1.17,1,5,-4,-1.55,-2.48,3.3,2.3,+0.9,+0.37,+0.27,Matches
Patrick Bamford,eng ENG,FW,Leeds United,27-161,1993,22,"1,874",85,94.6,20.8,22,85,16,0,,0,1.45,34,36,-2,-0.10,-1.79,34.1,35.2,-1.1,-0.05,+0.95,Matches
Phil Bardsley,sco SCO,DF,Burnley,35-230,1985,3,270,90,13.6,3.0,3,90,3,0,,12,0.00,3,8,-5,-1.67,-1.14,3.0,4.0,-1.0,-0.32,+0.38,Matches
Ross Barkley,eng ENG,MF,Aston Villa,27-070,1993,12,916,76,48.5,10.2,12,76,5,0,,0,1.50,20,14,+6,+0.59,+0.04,15.2,14.9,+0.2,+0.02,-0.62,Matches
Ross Barkley,eng ENG,MF,Chelsea,27-070,1993,2,42,21,2.0,0.5,0,,0,2,21,1,1.50,1,0,+1,+2.14,+1.57,0.3,0.9,-0.6,-1.25,-1.92,Matches
Ashley Barnes,eng ENG,FW,Burnley,31-106,1989,16,"1,113",70,56.2,12.4,13,80,3,3,25,1,1.06,7,16,-9,-0.73,-0.10,11.8,17.2,-5.4,-0.44,+0.50,Matches
Harvey Barnes,eng ENG,"FW,MF",Leicester City,23-066,1997,22,"1,715",78,82.9,19.1,19,85,13,3,31,1,1.82,30,21,+9,+0.47,-0.80,24.3,22.2,+2.1,+0.11,-1.06,Matches
Kyle Bartley,eng ENG,DF,West Brom,29-267,1991,15,"1,240",83,59.9,13.8,13,90,13,2,35,3,0.53,14,31,-17,-1.23,+0.83,10.8,28.0,-17.2,-1.25,-0.23,Matches
Chris Basham,eng ENG,"DF,MF",Sheffield Utd,32-208,1988,23,"1,896",82,91.6,21.1,23,82,14,0,,0,0.48,12,36,-24,-1.14,-2.17,18.3,30.8,-12.5,-0.59,-0.78,Matches
Michy Batshuayi,be BEL,FW,Crystal Palace,27-134,1993,15,641,43,31.0,7.1,6,83,2,9,16,7,1.07,9,11,-2,-0.28,+0.35,8.0,9.5,-1.4,-0.20,+0.55,Matches
Jan Bednarek,pl POL,DF,Southampton,24-307,1996,22,"1,885",86,95.2,20.9,22,86,19,0,,0,1.32,28,31,-3,-0.14,+4.59,21.4,26.3,-4.9,-0.24,+1.51,Matches
Donny van de Beek,nl NED,"MF,FW",Manchester Utd,23-301,1997,12,310,26,15.0,3.4,2,68,1,10,18,11,2.00,13,9,+4,+1.16,+0.39,9.0,6.2,+2.8,+0.81,+0.43,Matches
Héctor Bellerín,es ESP,DF,Arsenal,25-331,1995,20,"1,730",87,83.6,19.2,20,87,17,0,,2,1.35,20,20,0,0.00,-1.06,23.0,24.5,-1.5,-0.08,-1.34,Matches
Saïd Benrahma,dz ALG,"MF,FW",West Ham,25-187,1995,15,843,56,40.7,9.4,9,78,2,6,23,2,1.80,14,11,+3,+0.32,+0.10,12.2,12.1,+0.1,+0.01,-0.27,Matches
Josh Benson,eng ENG,MF,Burnley,21-070,1999,6,264,44,13.3,2.9,2,82,1,4,25,11,1.17,1,7,-6,-2.05,-1.57,1.9,6.3,-4.5,-1.52,-1.00,Matches
Christian Benteke,be BEL,FW,Crystal Palace,30-072,1990,16,725,45,35.0,8.1,8,79,4,8,12,4,1.06,11,13,-2,-0.25,+0.42,8.7,12.8,-4.1,-0.50,+0.13,Matches
Jóhann Berg Guðmundsson,is ISL,MF,Burnley,30-109,1990,11,641,58,32.4,7.1,7,76,3,4,27,2,1.00,5,9,-4,-0.56,+0.18,7.7,10.3,-2.6,-0.36,+0.43,Matches
Sander Berge,no NOR,MF,Sheffield Utd,22-365,1998,13,"1,016",78,49.1,11.3,12,83,11,1,15,0,0.08,6,19,-13,-1.15,-0.38,11.6,17.9,-6.3,-0.56,-0.06,Matches
Steven Bergwijn,nl NED,"FW,MF",Tottenham,23-128,1997,16,"1,021",64,51.6,11.3,11,81,2,5,26,1,1.44,16,11,+5,+0.44,-0.40,10.1,17.0,-6.9,-0.61,-1.51,Matches
Adrian Bernabe,es ESP,MF,Manchester City,19-263,2001,0,,,,,0,,0,0,,5,,,,,,,,,,,,Matches
Bernard,br BRA,"FW,MF",Everton,28-158,1992,6,274,46,14.5,3.0,2,77,1,4,30,14,0.50,3,4,-1,-0.33,-0.72,2.1,4.1,-1.9,-0.64,-0.72,Matches
Bernardo,br BRA,"DF,MF",Brighton,25-275,1995,3,206,69,10.0,2.3,2,90,2,1,26,9,0.00,0,3,-3,-1.31,-1.21,1.1,4.7,-3.6,-1.58,-2.01,Matches
Ryan Bertrand,eng ENG,DF,Southampton,31-192,1989,20,"1,788",89,90.3,19.9,20,89,19,0,,0,1.30,26,32,-6,-0.30,+0.64,20.1,25.4,-5.4,-0.27,+0.40,Matches
Yves Bissouma,ml MLI,MF,Brighton,24-167,1996,21,"1,763",84,85.2,19.6,20,87,17,1,29,0,1.19,21,26,-5,-0.26,-0.26,25.2,20.9,+4.3,+0.22,-0.10,Matches
Jayden Bogle,eng ENG,DF,Sheffield Utd,20-201,2000,8,615,77,29.7,6.8,6,90,6,2,38,2,1.25,7,11,-4,-0.59,+0.53,5.4,8.6,-3.2,-0.48,+0.07,Matches
Mateusz Bogusz,pl POL,MF,Leeds United,19-175,2001,0,,,,,0,,0,0,,1,,,,,,,,,,,,Matches
Willy Boly,ci CIV,DF,Wolves,30-010,1991,16,"1,440",90,69.6,16.0,16,90,16,0,,2,1.50,17,21,-4,-0.25,+0.32,15.8,18.7,-2.9,-0.18,-0.30,Matches
Jarrod Bowen,eng ENG,"FW,MF",West Ham,24-055,1996,23,"1,676",73,81.0,18.6,21,79,2,2,10,0,1.70,25,22,+3,+0.16,-0.52,24.7,19.6,+5.1,+0.28,+0.54,Matches
Robbie Brady,ie IRL,MF,Burnley,29-030,1992,15,960,64,48.5,10.7,12,75,4,3,19,2,1.47,7,5,+2,+0.19,+1.69,6.9,13.7,-6.8,-0.64,+0.03,Matches
Jarrad Branthwaite,eng ENG,DF,Everton,18-231,2002,0,,,,,0,,0,0,,4,,,,,,,,,,,,Matches
Rhian Brewster,eng ENG,FW,Sheffield Utd,20-318,2000,18,738,41,35.7,8.2,7,69,2,11,23,1,0.44,5,10,-5,-0.61,+0.54,8.7,11.6,-2.9,-0.36,+0.27,Matches
Josh Brownhill,eng ENG,MF,Burnley,25-056,1995,18,"1,575",88,79.5,17.5,18,88,17,0,,0,1.22,10,18,-8,-0.46,+1.10,15.8,25.1,-9.2,-0.53,+0.62,Matches
Zak Brunt,eng ENG,MF,Sheffield Utd,19-088,2001,0,,,,,0,,0,0,,1,,,,,,,,,,,,Matches
Joe Bryan,eng ENG,"DF,FW",Fulham,27-149,1993,11,452,41,22.8,5.0,5,85,4,6,4,9,0.82,4,13,-9,-1.79,-1.50,4.2,8.5,-4.3,-0.86,-0.68,Matches
Kean Bryan,eng ENG,DF,Sheffield Utd,24-104,1996,5,295,59,14.3,3.3,4,68,1,1,24,5,0.60,3,5,-2,-0.61,+0.40,2.6,5.7,-3.1,-0.93,-0.47,Matches
Hugo Bueno,es ESP,DF,Wolves,,,0,,,,,0,,0,0,,1,,,,,,,,,,,,Matches
Oliver Burke,sco SCO,FW,Sheffield Utd,23-312,1997,16,904,57,43.7,10.0,11,69,1,5,30,5,0.63,6,14,-8,-0.80,+0.28,8.9,12.6,-3.7,-0.37,+0.28,Matches
Dan Burn,eng ENG,DF,Brighton,28-280,1992,15,"1,112",74,53.7,12.4,12,87,10,3,21,8,1.40,10,15,-5,-0.40,-0.40,12.3,15.2,-2.9,-0.23,-1.01,Matches
Jack Butland,eng ENG,GK,Crystal Palace,27-340,1993,0,,,,,0,,0,0,,16,,,,,,,,,,,,Matches
David Button,eng ENG,GK,West Brom,31-352,1989,1,90,90,4.3,1.0,1,90,1,0,,22,3.00,3,2,+1,+1.00,+2.68,2.3,2.2,0.0,+0.02,+1.22,Matches
Oskar Buur,dk DEN,DF,Wolves,22-319,1998,1,22,22,1.1,0.2,0,,0,1,22,2,3.00,0,0,0,0.00,+0.35,0.9,0.5,+0.4,+1.64,+1.75,Matches
Willy Caballero,ar ARG,GK,Chelsea,39-138,1981,1,90,90,4.3,1.0,1,90,1,0,,6,1.00,3,3,0,0.00,-0.64,2.2,1.0,+1.3,+1.27,+0.67,Matches
Gary Cahill,eng ENG,DF,Crystal Palace,35-056,1985,9,810,90,39.1,9.0,9,90,9,0,,4,0.89,11,22,-11,-1.22,-1.15,6.9,15.1,-8.2,-0.91,-0.54,Matches
Jake Cain,eng ENG,MF,Liverpool,19-164,2001,0,,,,,0,,0,0,,2,,,,,,,,,,,,Matches
Tom Cairney,sco SCO,MF,Fulham,30-024,1991,10,759,76,38.3,8.4,9,83,7,1,8,5,0.50,6,15,-9,-1.07,-0.70,9.2,13.1,-3.9,-0.46,-0.20,Matches
Dominic Calvert-Lewin,eng ENG,FW,Everton,23-334,1997,20,"1,762",88,93.2,19.6,20,88,14,0,,0,1.70,32,26,+6,+0.31,+0.31,25.3,24.5,+0.8,+0.04,+0.98,Matches
João Cancelo,pt POR,DF,Manchester City,26-262,1994,17,"1,433",84,72.4,15.9,16,88,15,1,20,2,2.35,28,7,+21,+1.32,0.00,32.8,10.2,+22.5,+1.42,+0.79,Matches
Elia Caprile,it ITA,GK,Leeds United,19-172,2001,0,,,,,0,,0,0,,4,,,,,,,,,,,,Matches
Ian Carlo Poveda,eng ENG,"MF,DF",Leeds United,21-004,2000,10,253,25,12.8,2.8,0,,0,10,25,10,1.10,3,4,-1,-0.36,-0.41,4.2,6.5,-2.3,-0.81,-0.81,Matches
Andy Carroll,eng ENG,FW,Newcastle Utd,32-038,1989,13,369,28,17.8,4.1,4,68,0,9,11,9,0.62,5,8,-3,-0.73,-0.20,3.7,7.6,-3.9,-0.94,-0.62,Matches
Scott Carson,eng ENG,GK,Manchester City,35-163,1985,0,,,,,0,,0,0,,2,,,,,,,,,,,,Matches
Oliver Casey,eng ENG,DF,Leeds United,20-122,2000,0,,,,,0,,0,0,,7,,,,,,,,,,,,Matches
Matty Cash,eng ENG,DF,Aston Villa,23-190,1997,20,"1,762",88,93.2,19.6,20,88,17,0,,0,1.70,34,24,+10,+0.51,-0.90,30.6,26.5,+4.0,+0.21,-2.04,Matches
Kiko Casilla,es ESP,GK,Leeds United,34-134,1986,1,90,90,4.5,1.0,1,90,1,0,,18,0.00,0,1,-1,-1.00,-1.05,0.3,1.3,-1.0,-1.02,-0.96,Matches
Timothy Castagne,be BEL,DF,Leicester City,25-070,1995,13,"1,085",83,52.4,12.1,13,83,11,0,,0,2.00,25,13,+12,+1.00,+0.81,16.6,11.9,+4.6,+0.38,+0.19,Matches
Jonny Castro,es ESP,DF,Wolves,26-347,1994,1,45,45,2.2,0.5,1,45,0,0,,0,1.00,0,0,0,0.00,+0.36,0.5,0.4,+0.1,+0.14,+0.23,Matches
Ivan Cavaleiro,pt POR,"FW,MF",Fulham,27-118,1993,20,"1,434",72,72.4,15.9,16,85,10,4,18,0,0.70,12,23,-11,-0.69,-0.20,16.6,22.8,-6.2,-0.39,-0.20,Matches
Edinson Cavani,uy URU,FW,Manchester Utd,33-365,1987,16,762,48,36.8,8.5,7,77,5,9,25,0,2.00,16,8,+8,+0.94,+0.19,13.5,8.9,+4.6,+0.55,+0.16,Matches
Dani Ceballos,es ESP,MF,Arsenal,24-190,1996,16,"1,019",64,49.2,11.3,10,84,7,6,29,4,1.13,11,12,-1,-0.09,-0.52,13.3,14.0,-0.7,-0.06,-0.39,Matches
Calum Chambers,eng ENG,"DF,MF",Arsenal,26-024,1995,0,,,,,0,,0,0,,5,,,,,,,,,,,,Matches
Kgagelo Chauke,eng ENG,MF,Southampton,18-036,2003,0,,,,,0,,0,0,,5,,,,,,,,,,,,Matches
Ben Chilwell,eng ENG,DF,Chelsea,24-054,1996,18,"1,486",83,71.8,16.5,18,83,14,0,,2,1.61,27,18,+9,+0.55,-0.23,25.9,15.4,+10.5,+0.63,+0.03,Matches
Hamza Choudhury,eng ENG,MF,Leicester City,23-135,1997,5,221,44,10.7,2.5,3,69,1,2,8,12,1.00,2,1,+1,+0.41,-0.23,3.6,3.0,+0.6,+0.25,-0.05,Matches
Andreas Christensen,dk DEN,DF,Chelsea,24-309,1996,7,549,78,26.5,6.1,6,82,5,1,55,4,1.71,12,9,+3,+0.49,-0.16,10.5,8.6,+2.0,+0.32,-0.41,Matches
Cyrus Christie,ie IRL,DF,Fulham,28-136,1992,0,,,,,0,,0,0,,1,,,,,,,,,,,,Matches
Ciaran Clark,ie IRL,DF,Newcastle Utd,31-140,1989,12,"1,025",85,49.5,11.4,11,90,10,1,37,3,0.92,11,19,-8,-0.70,-0.27,9.5,15.6,-6.0,-0.53,-0.19,Matches
Leighton Clarkson,eng ENG,MF,Liverpool,19-117,2001,0,,,,,0,,0,0,,1,,,,,,,,,,,,Matches
Nathaniel Clyne,eng ENG,DF,Crystal Palace,29-314,1991,12,"1,055",88,51.0,11.7,12,88,10,0,,5,1.42,16,19,-3,-0.26,+0.54,11.9,17.1,-5.2,-0.44,+0.29,Matches
Conor Coady,eng ENG,DF,Wolves,27-354,1993,22,"1,953",89,94.3,21.7,22,89,21,0,,0,1.18,22,30,-8,-0.37,-0.37,21.4,24.7,-3.3,-0.15,-1.10,Matches
Séamus Coleman,ie IRL,DF,Everton,32-125,1988,12,667,56,35.3,7.4,8,78,6,4,10,2,1.92,14,11,+3,+0.40,+0.18,10.6,8.3,+2.3,+0.31,+0.52,Matches
Aaron Connolly,ie IRL,FW,Brighton,21-016,2000,14,662,47,32.0,7.4,8,69,1,6,19,5,1.07,12,14,-2,-0.27,-0.08,11.0,6.5,+4.5,+0.62,+0.56,Matches
Liam Cooper,sco SCO,DF,Leeds United,29-167,1991,16,"1,421",89,71.8,15.8,16,89,15,0,,0,1.44,25,30,-5,-0.32,-1.12,25.8,27.8,-1.9,-0.12,-0.07,Matches
Theo Corbeanu,ro ROU,FW,Wolves,18-272,2002,0,,,,,0,,0,0,,6,,,,,,,,,,,,Matches
Jack Cork,eng ENG,MF,Burnley,31-233,1989,4,295,74,14.9,3.3,3,83,2,1,45,3,1.00,4,6,-2,-0.61,+0.08,2.6,5.3,-2.7,-0.82,-0.19,Matches
Hélder Costa,pt POR,MF,Leeds United,27-032,1994,13,694,53,35.1,7.7,8,78,4,5,14,8,1.46,14,17,-3,-0.39,-0.60,12.4,13.9,-1.5,-0.20,-0.15,Matches
Vladimír Coufal,cz CZE,DF,West Ham,28-175,1992,19,"1,704",90,82.3,18.9,19,90,18,0,,1,1.84,29,24,+5,+0.26,+0.02,25.2,22.8,+2.4,+0.13,-0.25,Matches
Aaron Cresswell,eng ENG,DF,West Ham,31-060,1989,23,"2,070",90,100.0,23.0,23,90,23,0,,0,1.70,34,28,+6,+0.26,,30.8,26.8,+4.0,+0.17,,Matches
Charlie Cresswell,eng ENG,DF,Leeds United,18-068,2002,0,,,,,0,,0,0,,4,,,,,,,,,,,,Matches
Luke Cundle,eng ENG,MF,Wolves,,,0,,,,,0,,0,0,,3,,,,,,,,,,,,Matches
Patrick Cutrone,it ITA,"FW,MF",Wolves,23-041,1998,2,25,13,1.2,0.3,0,,0,2,13,1,0.00,0,0,0,0.00,+0.35,0.5,0.0,+0.5,+1.91,+2.02,Matches
Vontae Daley Campbell,eng ENG,DF,Leicester City,19-317,2001,0,,,,,0,,0,0,,2,,,,,,,,,,,,Matches
Stuart Dallas,nir NIR,"DF,MF",Leeds United,29-300,1991,22,"1,970",90,99.5,21.9,22,90,21,0,,0,1.45,38,37,+1,+0.05,+9.05,35.9,37.3,-1.4,-0.06,+7.73,Matches
Scott Dann,eng ENG,DF,Crystal Palace,33-365,1987,11,990,90,47.8,11.0,11,90,11,0,,6,1.45,11,14,-3,-0.27,+0.48,11.4,16.0,-4.6,-0.42,+0.32,Matches
Karl Darlow,eng ENG,GK,Newcastle Utd,30-128,1990,23,"2,070",90,100.0,23.0,23,90,23,0,,0,1.09,25,38,-13,-0.57,,22.2,32.2,-10.0,-0.43,,Matches
Ben Davies,eng ENG,DF,Liverpool,25-186,1995,0,,,,,0,,0,0,,1,,,,,,,,,,,,Matches
Ben Davies,wal WAL,DF,Tottenham,27-295,1993,17,"1,132",67,57.2,12.6,12,90,12,5,10,5,1.65,19,13,+6,+0.48,-0.37,15.7,15.6,+0.1,+0.01,-0.27,Matches
Tom Davies,eng ENG,"MF,DF",Everton,22-228,1998,13,656,50,34.7,7.3,8,79,4,5,5,7,2.23,10,9,+1,+0.14,-0.23,6.1,10.0,-3.9,-0.54,-0.79,Matches
Keinan Davis,eng ENG,FW,Aston Villa,23-000,1998,5,53,11,2.8,0.6,0,,0,5,11,12,1.00,1,0,+1,+1.70,+1.16,1.1,0.2,+0.9,+1.56,+1.25,Matches
Leif Davis,eng ENG,DF,Leeds United,21-032,2000,2,33,17,1.7,0.4,0,,0,2,17,14,0.50,1,0,+1,+2.73,+2.77,0.9,1.6,-0.7,-1.96,-1.89,Matches
Craig Dawson,eng ENG,DF,West Ham,30-283,1990,8,720,90,34.8,8.0,8,90,8,0,,4,2.13,11,7,+4,+0.50,+0.37,11.4,6.1,+5.3,+0.66,+0.75,Matches
Kevin De Bruyne,be BEL,MF,Manchester City,29-230,1991,17,"1,406",83,71.0,15.6,16,86,13,1,23,0,2.06,26,11,+15,+0.96,-1.23,28.8,12.2,+16.6,+1.06,-0.46,Matches
Liam Delap,eng ENG,FW,Manchester City,18-005,2003,1,40,40,2.0,0.4,0,,0,1,40,5,0.00,1,4,-3,-6.75,-8.23,0.5,1.8,-1.3,-2.89,-4.18,Matches
Fabian Delph,eng ENG,"MF,DF",Everton,31-084,1989,5,214,43,11.3,2.4,2,59,1,3,32,3,0.80,2,5,-3,-1.26,-1.74,2.7,4.3,-1.6,-0.68,-0.74,Matches
Leander Dendoncker,be BEL,MF,Wolves,25-304,1995,18,"1,414",79,68.3,15.7,16,87,14,2,15,1,1.39,13,15,-2,-0.13,+0.70,17.0,16.1,+0.8,+0.05,+0.45,Matches
Alfie Devine,eng ENG,MF,Tottenham,16-196,2004,0,,,,,0,,0,0,,1,,,,,,,,,,,,Matches
Mbaye Diagne,sn SEN,FW,West Brom,29-108,1991,3,202,67,9.8,2.2,2,79,1,1,45,0,0.33,3,4,-1,-0.45,+1.24,2.4,2.7,-0.3,-0.14,+1.12,Matches
Ibrahima Diallo,fr FRA,MF,Southampton,21-342,1999,11,442,40,22.3,4.9,5,83,3,6,5,5,1.36,3,8,-5,-1.02,-0.84,3.8,7.2,-3.4,-0.70,-0.50,Matches
Grady Diangana,eng ENG,"MF,FW",West Brom,22-300,1998,15,"1,069",71,51.6,11.9,14,75,6,1,24,2,0.33,8,28,-20,-1.68,-0.25,6.3,20.1,-13.8,-1.16,-0.01,Matches
Raphael Dias Belloli,br BRA,MF,Leeds United,24-061,1996,17,"1,258",74,63.5,14.0,14,85,9,3,21,0,1.47,23,22,+1,+0.07,+0.20,23.1,24.6,-1.4,-0.10,0.00,Matches
Rúben Dias,pt POR,DF,Manchester City,23-275,1997,20,"1,779",89,89.8,19.8,20,89,19,0,,0,2.35,38,8,+30,+1.52,+1.97,39.0,12.4,+26.6,+1.35,+1.49,Matches
Eric Dier,eng ENG,DF,Tottenham,27-029,1994,19,"1,710",90,86.4,19.0,19,90,19,0,,2,1.68,31,18,+13,+0.68,+0.35,25.6,21.7,+4.0,+0.21,+0.61,Matches
Lucas Digne,fr FRA,"DF,MF",Everton,27-208,1993,13,"1,151",89,60.9,12.8,13,89,12,0,,0,1.85,26,22,+4,+0.31,+0.07,17.5,15.0,+2.5,+0.20,+0.56,Matches
Virgil van Dijk,nl NED,DF,Liverpool,29-220,1991,5,370,74,17.9,4.1,5,74,4,0,,0,2.00,12,11,+1,+0.24,-0.50,11.1,6.7,+4.4,+1.07,+0.49,Matches
Issa Diop,fr FRA,DF,West Ham,24-035,1997,4,298,75,14.4,3.3,3,90,3,1,28,16,1.00,3,5,-2,-0.60,-1.01,3.7,4.8,-1.1,-0.32,-0.58,Matches
Moussa Djenepo,ml MLI,MF,Southampton,22-243,1998,15,805,54,40.7,8.9,11,66,1,4,19,3,1.27,10,15,-5,-0.56,-0.33,9.3,12.3,-3.0,-0.34,-0.05,Matches
Matt Doherty,ie IRL,DF,Tottenham,29-028,1992,10,817,82,41.3,9.1,9,88,7,1,23,7,2.00,15,9,+6,+0.66,+0.04,12.8,9.7,+3.0,+0.33,+0.35,Matches
Gabriel Dos Santos,br BRA,DF,Arsenal,23-056,1997,14,"1,186",85,57.3,13.2,13,88,12,1,45,5,1.00,10,15,-5,-0.38,-1.30,14.3,15.1,-0.8,-0.06,-0.47,Matches
Abdoulaye Doucouré,fr FRA,MF,Everton,28-043,1993,20,"1,708",85,90.4,19.0,20,85,15,0,,0,1.80,30,27,+3,+0.16,-1.33,23.6,24.4,-0.8,-0.04,-0.16,Matches
Thomas Doyle,eng ENG,MF,Manchester City,19-119,2001,0,,,,,0,,0,0,,4,,,,,,,,,,,,Matches
Anthony Driscoll-Glennon,eng ENG,DF,Burnley,21-079,1999,0,,,,,0,,0,0,,5,,,,,,,,,,,,Matches
Martin Dúbravka,sk SVK,GK,Newcastle Utd,32-029,1989,0,,,,,0,,0,0,,9,,,,,,,,,,,,Matches
Paul Dummett,wal WAL,DF,Newcastle Utd,29-140,1991,3,175,58,8.5,1.9,2,76,0,1,24,2,1.33,1,2,-1,-0.51,+0.06,1.8,2.9,-1.1,-0.57,-0.15,Matches
Lewis Dunk,eng ENG,DF,Brighton,29-084,1991,20,"1,799",90,86.9,20.0,20,90,19,0,,0,1.15,23,27,-4,-0.20,+0.13,28.3,22.7,+5.6,+0.28,+0.36,Matches
Jimmy Dunne,ie IRL,DF,Burnley,23-117,1997,2,180,90,9.1,2.0,2,90,2,0,,15,0.00,2,5,-3,-1.50,-0.90,2.4,2.0,+0.4,+0.21,+0.95,Matches
Ederson,br BRA,GK,Manchester City,27-180,1993,21,"1,890",90,95.5,21.0,21,90,21,0,,0,2.24,40,13,+27,+1.29,-0.71,40.0,15.3,+24.7,+1.18,-0.44,Matches
Kyle Edwards,eng ENG,"MF,FW",West Brom,22-362,1998,5,118,24,5.7,1.3,1,45,0,4,18,6,0.20,1,3,-2,-1.53,+0.04,0.7,2.5,-1.8,-1.38,-0.24,Matches
John Egan,ie IRL,DF,Sheffield Utd,28-116,1992,21,"1,811",86,87.5,20.1,21,86,20,0,,0,0.38,13,34,-21,-1.04,-0.70,18.4,29.7,-11.3,-0.56,-0.28,Matches
Ahmed Elmohamady,eg EGY,DF,Aston Villa,33-157,1987,5,133,27,7.0,1.5,1,90,1,4,11,16,1.40,2,0,+2,+1.35,+0.84,4.2,0.8,+3.4,+2.30,+2.11,Matches
Mohamed Elneny,eg EGY,MF,Arsenal,28-217,1992,12,910,76,44.0,10.1,10,87,9,2,19,9,1.83,14,12,+2,+0.20,+0.04,13.6,11.3,+2.2,+0.22,+0.14,Matches
Björn Engels,be BEL,DF,Aston Villa,26-151,1994,0,,,,,0,,0,0,,12,,,,,,,,,,,,Matches
Jonny Evans,nir NIR,DF,Leicester City,33-041,1988,19,"1,685",89,81.4,18.7,19,89,17,0,,0,1.79,27,19,+8,+0.43,-0.98,24.5,21.3,+3.2,+0.17,-0.66,Matches
Eberechi Eze,eng ENG,MF,Crystal Palace,22-229,1998,21,"1,503",72,72.6,16.7,16,87,12,5,24,2,1.29,19,33,-14,-0.84,-1.16,13.8,26.4,-12.6,-0.76,-0.62,Matches
Łukasz Fabiański,pl POL,GK,West Ham,35-301,1985,22,"1,980",90,95.7,22.0,22,90,22,0,,0,1.64,33,28,+5,+0.23,-0.77,29.5,26.5,+3.0,+0.14,-0.80,Matches
Fabinho,br BRA,"DF,MF",Liverpool,27-113,1993,18,"1,562",87,75.5,17.4,17,90,16,1,33,0,1.67,32,22,+10,+0.58,-0.31,33.6,23.2,+10.4,+0.60,-0.26,Matches
Bruno Fernandes,pt POR,MF,Manchester Utd,26-158,1994,23,"1,923",84,92.9,21.4,22,85,13,1,45,0,1.96,48,25,+23,+1.08,+3.53,37.0,23.8,+13.2,+0.62,+2.40,Matches
Gedson Fernandes,pt POR,MF,Tottenham,22-035,1999,0,,,,,0,,0,0,,3,,,,,,,,,,,,Matches
Federico Fernández,ar ARG,DF,Newcastle Utd,31-358,1989,16,"1,381",86,66.7,15.3,16,86,14,0,,0,1.00,15,26,-11,-0.72,-0.46,13.2,22.6,-9.4,-0.61,-0.54,Matches
Fernandinho,br BRA,MF,Manchester City,35-285,1985,10,521,52,26.3,5.8,5,82,4,5,22,7,2.30,11,3,+8,+1.38,+0.09,8.2,3.9,+4.3,+0.74,-0.63,Matches
Will Ferry,ie IRL,FW,Southampton,19-068,2001,0,,,,,0,,0,0,,3,,,,,,,,,,,,Matches
Sam Field,eng ENG,MF,West Brom,22-281,1998,3,62,21,3.0,0.7,0,,0,3,21,2,0.33,0,2,-2,-2.90,-1.38,0.1,1.5,-1.4,-2.02,-0.90,Matches
Ryan Finnigan,eng ENG,MF,Southampton,17-143,2003,0,,,,,0,,0,0,,2,,,,,,,,,,,,Matches
Roberto Firmino,br BRA,FW,Liverpool,29-134,1991,23,"1,786",78,86.3,19.8,21,82,8,2,28,0,1.74,38,27,+11,+0.55,-0.71,37.6,24.9,+12.7,+0.64,-0.15,Matches
John Fleck,sco SCO,MF,Sheffield Utd,29-173,1991,17,"1,326",78,64.1,14.7,15,84,13,2,31,2,0.59,11,24,-13,-0.88,+0.21,12.9,18.9,-5.9,-0.40,+0.35,Matches
Phil Foden,eng ENG,FW,Manchester City,20-261,2000,17,"1,023",60,51.7,11.4,11,81,5,6,22,5,2.29,26,7,+19,+1.67,+0.73,22.2,9.3,+12.9,+1.14,-0.12,Matches
Wes Foderingham,eng ENG,GK,Sheffield Utd,30-030,1991,0,,,,,0,,0,0,,10,,,,,,,,,,,,Matches
Wesley Fofana,fr FRA,DF,Leicester City,20-058,2000,16,"1,391",87,67.2,15.5,16,87,14,0,,1,1.81,23,16,+7,+0.45,-0.47,21.5,17.3,+4.1,+0.27,-0.07,Matches
Pablo Fornals,es ESP,"FW,MF",West Ham,24-357,1996,21,"1,538",73,74.3,17.1,19,79,8,2,18,2,1.76,21,18,+3,+0.18,-0.33,23.3,18.3,+5.0,+0.29,+0.47,Matches
Fraser Forster,eng ENG,GK,Southampton,32-333,1988,1,90,90,4.5,1.0,1,90,1,0,,21,3.00,1,0,+1,+1.00,+1.43,0.6,1.1,-0.5,-0.49,-0.19,Matches
Timothy Fosu-Mensah,nl NED,DF,Manchester Utd,23-042,1998,1,80,80,3.9,0.9,1,80,0,0,,2,0.00,1,2,-1,-1.13,-2.03,1.1,1.5,-0.5,-0.51,-0.99,Matches
Ryan Fraser,sco SCO,"MF,FW",Newcastle Utd,26-355,1994,12,571,48,27.6,6.3,6,71,1,6,24,2,0.92,6,11,-5,-0.79,-0.31,8.1,9.3,-1.2,-0.18,+0.35,Matches
Fred,br BRA,MF,Manchester Utd,27-345,1993,17,"1,324",78,64.0,14.7,14,86,10,3,41,5,1.94,32,16,+16,+1.09,+0.73,26.7,16.5,+10.2,+0.69,+0.69,Matches
Ryan Fredericks,eng ENG,"DF,FW",West Ham,28-126,1992,9,441,49,21.3,4.9,5,80,3,4,10,9,1.22,6,7,-1,-0.20,-0.59,6.4,5.5,+0.9,+0.18,+0.01,Matches
Christian Fuchs,at AUT,DF,Leicester City,34-312,1986,9,702,78,33.9,7.8,8,86,7,1,11,9,2.00,13,9,+4,+0.51,-0.15,12.7,9.7,+3.0,+0.38,+0.14,Matches
Darnell Furlong,eng ENG,DF,West Brom,25-105,1995,20,"1,627",81,78.6,18.1,18,89,17,2,15,3,0.60,13,42,-29,-1.60,-0.18,10.9,33.2,-22.3,-1.24,-0.38,Matches
Conor Gallagher,eng ENG,MF,West Brom,21-007,2000,17,"1,445",85,69.8,16.1,16,89,14,1,17,1,0.47,9,31,-22,-1.37,+0.65,9.5,27.6,-18.1,-1.13,+0.09,Matches
Eric García,es ESP,DF,Manchester City,20-035,2001,3,201,67,10.2,2.2,2,90,2,1,21,10,1.33,3,6,-3,-1.34,-2.96,2.4,3.2,-0.7,-0.33,-1.70,Matches
Dwight Gayle,eng ENG,"FW,MF",Newcastle Utd,30-119,1990,7,102,15,4.9,1.1,0,,0,7,15,5,0.57,1,3,-2,-1.76,-1.26,1.1,2.1,-1.0,-0.88,-0.47,Matches
David de Gea,es ESP,GK,Manchester Utd,30-098,1990,21,"1,845",88,89.1,20.5,21,88,20,0,,1,1.86,40,27,+13,+0.63,-1.77,33.5,24.6,+8.9,+0.44,-0.10,Matches
Joe Gelhardt,eng ENG,FW,Leeds United,18-285,2002,0,,,,,0,,0,0,,1,,,,,,,,,,,,Matches
Anwar El Ghazi,nl NED,FW,Aston Villa,25-286,1995,13,569,44,30.1,6.3,6,79,2,7,14,5,1.31,9,5,+4,+0.63,+0.09,11.9,7.3,+4.6,+0.73,+0.55,Matches
Kieran Gibbs,eng ENG,DF,West Brom,31-140,1989,10,809,81,39.1,9.0,9,85,8,1,45,6,0.60,10,22,-12,-1.33,+0.38,5.4,19.1,-13.6,-1.52,-0.60,Matches
Morgan Gibbs-White,eng ENG,"FW,MF",Wolves,21-017,2000,3,97,32,4.7,1.1,1,63,0,2,17,2,0.33,1,1,0,0.00,+0.36,1.5,0.4,+1.1,+1.00,+1.14,Matches
Mark Gillespie,eng ENG,GK,Newcastle Utd,28-323,1992,0,,,,,0,,0,0,,13,,,,,,,,,,,,Matches
Billy Gilmour,sco SCO,MF,Chelsea,19-247,2001,2,36,18,1.7,0.4,0,,0,2,18,7,0.00,1,0,+1,+2.50,+1.92,0.5,0.1,+0.4,+0.90,+0.28,Matches
Olivier Giroud,fr FRA,FW,Chelsea,34-136,1986,12,572,48,27.6,6.4,7,74,1,5,10,10,1.83,7,5,+2,+0.31,-0.41,10.4,5.3,+5.1,+0.80,+0.24,Matches
Ben Godfrey,eng ENG,DF,Everton,23-029,1998,14,"1,230",88,65.1,13.7,13,90,13,1,60,2,1.79,19,15,+4,+0.29,+0.02,14.3,17.1,-2.9,-0.21,-0.53,Matches
André Gomes,pt POR,MF,Everton,27-198,1993,16,875,55,46.3,9.7,8,79,4,8,30,3,1.75,19,15,+4,+0.41,+0.23,14.4,11.9,+2.5,+0.26,+0.53,Matches
Claudio Gomes,fr FRA,MF,Manchester City,20-205,2000,0,,,,,0,,0,0,,1,,,,,,,,,,,,Matches
Anthony Gomez Mancini,fr FRA,MF,Burnley,19-313,2001,0,,,,,0,,0,0,,2,,,,,,,,,,,,Matches
Joe Gomez,eng ENG,DF,Liverpool,23-266,1997,7,590,84,28.5,6.6,6,85,5,1,80,0,2.00,15,14,+1,+0.15,-0.70,15.3,9.1,+6.3,+0.95,+0.41,Matches
Mace Goodridge,eng ENG,MF,Burnley,21-153,1999,0,,,,,0,,0,0,,2,,,,,,,,,,,,Matches
Anthony Gordon,eng ENG,"FW,MF",Everton,19-355,2001,3,88,29,4.7,1.0,1,54,0,2,17,8,2.00,0,0,0,0.00,-0.30,0.6,1.0,-0.4,-0.38,-0.38,Matches
Kyron Gordon,eng ENG,DF,Sheffield Utd,18-265,2002,0,,,,,0,,0,0,,1,,,,,,,,,,,,Matches
Karlan Grant,eng ENG,"FW,MF",West Brom,23-148,1997,16,"1,078",67,52.1,12.0,14,71,1,2,45,0,0.50,6,24,-18,-1.50,+0.13,8.0,17.5,-9.5,-0.79,+0.75,Matches
Lee Grant,eng ENG,GK,Manchester Utd,38-017,1983,0,,,,,0,,0,0,,1,,,,,,,,,,,,Matches
Demarai Gray,eng ENG,FW,Leicester City,24-230,1996,1,19,19,0.9,0.2,0,,0,1,19,0,1.00,1,0,+1,+4.74,+4.17,0.3,0.0,+0.3,+1.63,+1.35,Matches
Jack Grealish,eng ENG,"FW,MF",Aston Villa,25-156,1995,21,"1,887",90,99.8,21.0,21,90,20,0,,0,1.67,36,24,+12,+0.57,+0.57,34.1,27.0,+7.1,+0.34,-2.70,Matches
Mason Greenwood,eng ENG,FW,Manchester Utd,19-135,2001,17,972,57,47.0,10.8,12,75,2,5,15,3,1.71,25,17,+8,+0.74,-0.16,17.1,15.4,+1.7,+0.16,-0.54,Matches
Pascal Groß,de GER,MF,Brighton,29-243,1991,19,"1,168",61,56.4,13.0,12,90,11,7,13,4,1.05,12,13,-1,-0.08,+0.32,18.0,14.2,+3.8,+0.29,+0.13,Matches
Kamil Grosicki,pl POL,"FW,MF",West Brom,32-250,1988,3,148,49,7.1,1.6,2,69,0,1,11,7,1.00,4,5,-1,-0.61,+1.03,2.4,3.0,-0.6,-0.35,+0.86,Matches
Vicente Guaita,es ESP,GK,Crystal Palace,34-034,1987,23,"2,070",90,100.0,23.0,23,90,23,0,,0,1.26,27,39,-12,-0.52,,20.0,33.4,-13.5,-0.59,,Matches
Frederic Guilbert,fr FRA,"DF,MF",Aston Villa,26-051,1994,0,,,,,0,,0,0,,8,,,,,,,,,,,,Matches
İlkay Gündoğan,de GER,MF,Manchester City,30-112,1990,17,"1,306",77,66.0,14.5,15,85,11,2,16,2,2.65,33,4,+29,+2.00,+2.00,31.3,7.5,+23.8,+1.64,+1.31,Matches
Antwoine Hackford,eng ENG,"DF,FW",Sheffield Utd,16-330,2004,1,11,11,0.5,0.1,0,,0,1,11,0,0.00,0,0,0,0.00,+0.96,0.2,0.1,+0.1,+0.90,+1.43,Matches
Sébastien Haller,ci CIV,FW,West Ham,26-236,1994,16,937,59,45.3,10.4,10,84,7,6,17,0,1.56,10,12,-2,-0.19,-0.83,12.1,15.3,-3.1,-0.30,-0.87,Matches
Rekeem Harper,eng ENG,MF,West Brom,20-342,2000,2,32,16,1.5,0.4,0,,0,2,16,8,0.00,0,2,-2,-5.63,-4.12,0.2,1.9,-1.6,-4.53,-3.43,Matches
Jack Harrison,eng ENG,MF,Leeds United,24-085,1996,21,"1,755",84,88.6,19.5,21,84,14,0,,0,1.48,37,34,+3,+0.15,+1.35,32.1,32.6,-0.5,-0.03,+0.67,Matches
Joe Hart,eng ENG,GK,Tottenham,33-300,1987,0,,,,,0,,0,0,,22,,,,,,,,,,,,Matches
Taylor Harwood-Bellis,eng ENG,DF,Manchester City,19-014,2002,0,,,,,0,,0,0,,2,,,,,,,,,,,,Matches
Kortney Hause,eng ENG,DF,Aston Villa,25-212,1995,4,360,90,19.0,4.0,4,90,4,0,,4,2.00,7,1,+6,+1.50,+1.15,8.6,2.9,+5.7,+1.43,+1.34,Matches
Kai Havertz,de GER,"MF,FW",Chelsea,21-247,1999,18,985,55,47.6,10.9,12,76,4,6,13,1,1.33,22,12,+10,+0.91,+0.58,17.8,11.0,+6.9,+0.63,+0.01,Matches
Isaac Hayden,eng ENG,"MF,DF",Newcastle Utd,25-328,1995,18,"1,451",81,70.1,16.1,16,87,15,2,27,3,1.17,20,26,-6,-0.37,+0.65,17.3,22.7,-5.4,-0.33,+0.34,Matches
Tom Heaton,eng ENG,GK,Aston Villa,34-304,1986,0,,,,,0,,0,0,,9,,,,,,,,,,,,Matches
Michael Hector,jm JAM,DF,Fulham,28-209,1992,4,263,66,13.3,2.9,3,79,2,1,26,10,0.25,3,10,-7,-2.40,-2.03,2.3,5.2,-2.9,-0.98,-0.75,Matches
Ahmed Hegazi,eg EGY,DF,West Brom,30-019,1991,1,90,90,4.3,1.0,1,90,1,0,,1,1.00,0,0,0,0.00,+1.64,1.0,1.1,-0.1,-0.08,+1.12,Matches
Dean Henderson,eng ENG,GK,Manchester Utd,23-338,1997,3,225,75,10.9,2.5,2,90,2,1,45,20,3.00,9,3,+6,+2.40,+1.77,5.3,4.0,+1.3,+0.53,+0.10,Matches
Jordan Henderson,eng ENG,"MF,DF",Liverpool,30-241,1990,19,"1,585",83,76.6,17.6,18,86,15,1,45,1,1.79,33,20,+13,+0.74,+0.37,28.5,17.7,+10.9,+0.62,-0.20,Matches
Stephen Henderson,ie IRL,GK,Crystal Palace,32-287,1988,0,,,,,0,,0,0,,3,,,,,,,,,,,,Matches
Jeff Hendrick,ie IRL,MF,Newcastle Utd,29-013,1992,17,"1,305",77,63.0,14.5,16,81,10,1,13,5,1.18,19,21,-2,-0.14,+1.16,16.3,20.1,-3.8,-0.26,+0.47,Matches
Wayne Hennessey,wal WAL,GK,Crystal Palace,34-020,1987,0,,,,,0,,0,0,,4,,,,,,,,,,,,Matches
Pablo Hernández,es ESP,MF,Leeds United,35-308,1985,10,280,28,14.1,3.1,2,64,0,8,19,4,1.20,6,5,+1,+0.32,+0.37,3.7,4.8,-1.1,-0.34,-0.28,Matches
Son Heung-min,kr KOR,FW,Tottenham,28-220,1992,22,"1,882",86,95.1,20.9,22,86,11,0,,0,1.64,35,16,+19,+0.91,+5.50,26.9,24.2,+2.7,+0.13,+0.05,Matches
Ki-Jana Hoever,nl NED,DF,Wolves,19-026,2002,7,300,43,14.5,3.3,2,76,1,5,30,12,0.71,0,4,-4,-1.20,-1.00,2.6,3.1,-0.5,-0.14,-0.06,Matches
Rob Holding,eng ENG,DF,Arsenal,25-146,1995,20,"1,755",88,84.8,19.5,19,90,19,1,45,1,1.40,24,18,+6,+0.31,+0.88,27.9,23.1,+4.7,+0.24,+0.67,Matches
Mason Holgate,eng ENG,DF,Everton,24-114,1996,11,970,88,51.3,10.8,11,88,9,0,,3,1.82,15,12,+3,+0.28,-0.02,10.1,13.6,-3.5,-0.33,-0.62,Matches
Conor Hourihane,ie IRL,MF,Aston Villa,30-011,1991,4,225,56,11.9,2.5,3,70,0,1,16,11,1.50,4,2,+2,+0.80,+0.26,3.9,2.2,+1.8,+0.71,+0.42,Matches
Callum Hudson-Odoi,eng ENG,"FW,DF",Chelsea,20-098,2000,14,671,48,32.4,7.5,6,78,2,8,26,4,1.93,13,4,+9,+1.21,+0.89,12.6,3.9,+8.7,+1.17,+0.81,Matches
Niall Huggins,wal WAL,DF,Leeds United,20-057,2000,0,,,,,0,,0,0,,3,,,,,,,,,,,,Matches
Pierre Højbjerg,dk DEN,MF,Tottenham,25-192,1995,22,"1,980",90,100.0,22.0,22,90,22,0,,0,1.64,36,22,+14,+0.64,,28.8,26.0,+2.8,+0.13,,Matches
Frederik Ibsen,dk DEN,DF,West Ham,21-097,1999,0,,,,,0,,0,0,,2,,,,,,,,,,,,Matches
Odion Ighalo,ng NGA,FW,Manchester Utd,31-242,1989,1,10,10,0.5,0.1,0,,0,1,10,1,0.00,0,1,-1,-9.00,-9.87,0.0,0.1,0.0,-0.31,-0.76,Matches
Kelechi Iheanacho,ng NGA,FW,Leicester City,24-133,1996,12,392,33,18.9,4.4,4,73,1,8,13,11,1.67,6,2,+4,+0.92,+0.38,5.9,4.0,+1.9,+0.44,+0.19,Matches
Danny Ings,eng ENG,FW,Southampton,28-205,1992,17,"1,377",81,69.5,15.3,16,83,11,1,45,0,1.41,23,24,-1,-0.07,+0.98,17.0,16.1,+0.9,+0.06,+1.20,Matches
Ryan Inniss,eng ENG,DF,Crystal Palace,25-253,1995,0,,,,,0,,0,0,,1,,,,,,,,,,,,Matches
Branislav Ivanović,rs SRB,DF,West Brom,36-357,1984,11,742,67,35.8,8.2,8,85,6,3,20,7,0.55,4,18,-14,-1.70,-0.21,6.2,14.8,-8.6,-1.04,+0.18,Matches
Alex Iwobi,ng NGA,"FW,DF",Everton,24-286,1996,19,"1,045",55,55.3,11.6,11,80,4,8,21,0,1.79,20,12,+8,+0.69,+0.90,15.2,15.8,-0.6,-0.05,-0.06,Matches
José Izquierdo,co COL,"FW,MF",Brighton,28-221,1992,0,,,,,0,,0,0,,1,,,,,,,,,,,,Matches
Phil Jagielka,eng ENG,DF,Sheffield Utd,38-180,1982,4,232,58,11.2,2.6,2,90,2,2,26,13,1.50,2,7,-5,-1.94,-1.11,2.1,4.5,-2.4,-0.94,-0.46,Matches
Alireza Jahanbakhsh,ir IRN,"FW,DF",Brighton,27-186,1993,11,253,23,12.2,2.8,2,64,0,9,14,2,0.73,3,6,-3,-1.07,-0.97,6.2,4.7,+1.5,+0.54,+0.35,Matches
Daniel James,wal WAL,FW,Manchester Utd,23-095,1997,7,355,51,17.1,3.9,5,64,1,2,18,10,2.00,13,5,+8,+2.03,+1.45,10.0,4.0,+6.1,+1.54,+1.31,Matches
Reece James,eng ENG,DF,Chelsea,21-067,1999,17,"1,372",81,66.3,15.2,15,90,15,2,11,3,1.65,24,18,+6,+0.39,-0.64,24.2,14.9,+9.3,+0.61,-0.03,Matches
Alexandre Jankewitz,ch SUI,MF,Southampton,19-050,2001,2,3,2,0.2,0.0,1,1,0,1,2,1,0.00,0,0,0,0.00,+0.36,0.1,0.0,0.0,+0.96,+1.27,Matches
Jack Jenkins,eng ENG,MF,Leeds United,18-327,2002,0,,,,,0,,0,0,,7,,,,,,,,,,,,Matches
Teddy Jenks,eng ENG,MF,Brighton,18-338,2002,0,,,,,0,,0,0,,2,,,,,,,,,,,,Matches
Gabriel Jesus,br BRA,FW,Manchester City,23-316,1997,14,"1,006",72,50.8,11.2,10,90,10,4,27,0,2.36,24,5,+19,+1.70,+0.78,23.5,5.8,+17.7,+1.58,+0.78,Matches
Raúl Jiménez,mx MEX,FW,Wolves,29-284,1991,10,823,82,39.8,9.1,10,82,8,0,,0,1.70,9,10,-1,-0.11,+0.40,8.8,10.7,-1.9,-0.21,-0.19,Matches
Joelinton,br BRA,"FW,MF",Newcastle Utd,24-183,1996,17,"1,095",64,52.9,12.2,12,82,5,5,23,6,1.12,15,19,-4,-0.33,+0.50,10.5,17.5,-7.0,-0.58,-0.30,Matches
Stefan Johansen,no NOR,MF,Fulham,30-036,1991,0,,,,,0,,0,0,,1,,,,,,,,,,,,Matches
Ben Johnson,eng ENG,DF,West Ham,21-020,2000,5,147,29,7.1,1.6,1,90,1,4,14,13,2.00,5,2,+3,+1.84,+1.70,2.6,1.7,+0.9,+0.53,+0.38,Matches
Sam Johnstone,eng ENG,GK,West Brom,27-325,1993,22,"1,980",90,95.7,22.0,22,90,22,0,,0,0.41,15,52,-37,-1.68,-2.68,13.2,39.7,-26.6,-1.21,-1.22,Matches
Curtis Jones,eng ENG,MF,Liverpool,20-014,2001,16,813,51,39.3,9.0,8,81,4,8,21,7,1.81,18,9,+9,+1.00,+0.57,15.9,11.1,+4.8,+0.53,-0.22,Matches
Jorginho,it ITA,MF,Chelsea,29-055,1991,15,"1,062",71,51.3,11.8,12,83,7,3,23,8,2.07,20,9,+11,+0.93,+0.66,18.0,9.9,+8.1,+0.69,+0.13,Matches
Willian José,br BRA,FW,Wolves,29-082,1991,4,258,65,12.5,2.9,3,80,1,1,19,0,1.25,2,2,0,0.00,+0.40,2.8,2.0,+0.8,+0.28,+0.42,Matches
Diogo Jota,pt POR,"FW,MF",Wolves,24-071,1996,0,,,,,0,,0,0,,1,,,,,,,,,,,,Matches
Diogo Jota,pt POR,FW,Liverpool,24-071,1996,9,503,56,24.3,5.6,5,88,3,4,16,0,2.00,12,11,+1,+0.18,-0.63,11.5,10.2,+1.3,+0.23,-0.57,Matches
James Justin,eng ENG,DF,Leicester City,22-356,1998,23,"2,070",90,100.0,23.0,23,90,23,0,,0,1.87,39,25,+14,+0.61,,33.2,26.5,+6.7,+0.29,,Matches
Ozan Kabak,tr TUR,DF,Liverpool,20-325,2000,0,,,,,0,,0,0,,1,,,,,,,,,,,,Matches
Felix Kalu Nmecha,eng ENG,MF,Manchester City,20-126,2000,0,,,,,0,,0,0,,1,,,,,,,,,,,,Matches
Aboubakar Kamara,fr FRA,"FW,DF",Fulham,25-343,1995,11,315,29,15.9,3.5,2,60,0,9,22,6,0.27,1,9,-8,-2.29,-1.96,3.3,5.7,-2.4,-0.68,-0.41,Matches
Harry Kane,eng ENG,FW,Tottenham,27-200,1993,20,"1,744",87,88.1,19.4,20,87,17,0,,0,1.80,35,17,+18,+0.93,+2.45,27.8,20.5,+7.3,+0.38,+2.10,Matches
N'Golo Kanté,fr FRA,MF,Chelsea,29-321,1991,19,"1,511",80,73.0,16.8,17,87,14,2,17,1,1.68,30,21,+9,+0.54,-0.27,26.6,18.6,+8.0,+0.48,-0.55,Matches
Michał Karbownik,pl POL,DF,Brighton,19-337,2001,0,,,,,0,,0,0,,2,,,,,,,,,,,,Matches
Moise Kean,it ITA,FW,Everton,20-351,2000,2,15,8,0.8,0.2,0,,0,2,8,1,3.00,0,0,0,0.00,-0.29,0.1,0.0,+0.1,+0.78,+0.81,Matches
Michael Keane,eng ENG,DF,Everton,28-033,1993,20,"1,696",85,89.7,18.8,19,89,18,1,11,1,1.85,31,26,+5,+0.27,-0.20,24.2,24.1,+0.1,0.00,+0.28,Matches
Neeskens Kebano,cd COD,"FW,MF",Fulham,28-340,1992,5,119,24,6.0,1.3,1,62,0,4,14,8,0.20,2,3,-1,-0.76,-0.13,1.3,2.0,-0.7,-0.51,-0.19,Matches
Naby Keïta,gn GUI,MF,Liverpool,26-003,1995,7,395,56,19.1,4.4,6,64,1,1,10,2,2.57,17,7,+10,+2.28,+2.01,10.8,4.6,+6.2,+1.41,+0.93,Matches
Caoimhin Kelleher,ie IRL,GK,Liverpool,22-082,1998,2,180,90,8.7,2.0,2,90,2,0,,12,1.50,4,1,+3,+1.50,+0.93,1.9,1.6,+0.3,+0.15,-0.56,Matches
Martin Kelly,eng ENG,"DF,MF",Crystal Palace,30-292,1990,0,,,,,0,,0,0,,10,,,,,,,,,,,,Matches
Jonjoe Kenny,eng ENG,DF,Everton,23-335,1997,4,79,20,4.2,0.9,1,76,0,3,1,7,2.25,0,1,-1,-1.14,-1.49,0.6,1.7,-1.1,-1.30,-1.33,Matches
Reda Khadra,de GER,FW,Brighton,19-224,2001,1,5,5,0.2,0.1,0,,0,1,5,1,0.00,0,0,0,0.00,+0.22,0.0,0.8,-0.8,-13.68,-13.95,Matches
Max Kilman,eng ENG,DF,Wolves,23-266,1997,14,"1,120",80,54.1,12.4,12,90,12,2,20,8,1.43,9,9,0,0.00,+0.76,12.6,13.1,-0.5,-0.04,+0.10,Matches
Joshua King,no NOR,"MF,FW",Everton,29-029,1992,2,14,7,0.7,0.2,0,,0,2,7,0,2.00,1,0,+1,+6.43,+6.19,0.5,0.2,+0.3,+1.85,+1.89,Matches
Cédric Kipré,ci CIV,DF,West Brom,24-066,1996,0,,,,,0,,0,0,,8,,,,,,,,,,,,Matches
Mateusz Klich,pl POL,MF,Leeds United,30-245,1990,22,"1,754",80,88.6,19.5,20,82,13,2,53,0,1.45,34,34,0,0.00,0.00,33.1,32.3,+0.8,+0.04,+1.24,Matches
Anthony Knockaert,fr FRA,"FW,MF",Fulham,29-085,1991,0,,,,,0,,0,0,,3,,,,,,,,,,,,Matches
Robin Koch,de GER,DF,Leeds United,24-211,1996,11,908,83,45.9,10.1,11,83,10,0,,0,1.27,16,17,-1,-0.10,-0.18,18.4,17.0,+1.5,+0.15,+0.46,Matches
Sead Kolašinac,ba BIH,DF,Arsenal,27-238,1993,1,90,90,4.3,1.0,1,90,1,0,,3,3.00,2,1,+1,+1.00,+0.86,1.4,1.9,-0.5,-0.55,-0.72,Matches
Terence Kongolo,nl NED,DF,Fulham,26-365,1994,0,,,,,0,,0,0,,1,,,,,,,,,,,,Matches
Ezri Konsa,eng ENG,DF,Aston Villa,23-113,1997,19,"1,666",88,88.1,18.5,18,90,18,1,46,0,1.63,32,24,+8,+0.43,-1.17,28.4,26.2,+2.2,+0.12,-1.91,Matches
Cheikhou Kouyaté,sn SEN,DF,Crystal Palace,31-054,1989,21,"1,773",84,85.7,19.7,20,89,19,1,1,1,1.38,25,29,-4,-0.20,+2.22,18.4,27.7,-9.3,-0.47,+0.78,Matches
Mateo Kovačić,hr CRO,MF,Chelsea,26-283,1994,18,"1,175",65,56.8,13.1,14,78,7,4,19,2,1.67,13,16,-3,-0.23,-1.94,18.4,12.4,+6.0,+0.46,-0.39,Matches
Emil Krafth,se SWE,DF,Newcastle Utd,26-195,1994,6,445,74,21.5,4.9,4,87,3,2,48,13,1.50,8,14,-6,-1.21,-0.83,4.5,9.0,-4.5,-0.92,-0.61,Matches
Filip Krovinović,hr CRO,MF,West Brom,25-168,1995,11,546,50,26.4,6.1,5,83,3,6,22,5,0.55,2,11,-9,-1.48,+0.11,3.8,9.8,-6.1,-1.00,+0.21,Matches
Alexandre Lacazette,fr FRA,FW,Arsenal,29-261,1991,20,"1,315",66,63.5,14.6,16,78,5,4,18,3,1.30,20,11,+9,+0.62,+1.21,22.2,16.4,+5.8,+0.40,+0.71,Matches
Adam Lallana,eng ENG,"MF,FW",Brighton,32-279,1988,17,820,48,39.6,9.1,10,70,3,7,17,1,1.24,9,8,+1,+0.11,+0.54,12.1,8.3,+3.8,+0.42,+0.31,Matches
Érik Lamela,ar ARG,"FW,MF",Tottenham,28-346,1992,11,370,34,18.7,4.1,3,62,0,8,23,2,1.64,12,7,+5,+1.22,+0.71,7.9,5.9,+2.1,+0.50,+0.46,Matches
Tariq Lamptey,eng ENG,DF,Brighton,20-136,2000,11,886,81,42.8,9.8,11,81,6,0,,0,0.91,12,15,-3,-0.30,-0.15,12.9,9.4,+3.5,+0.36,+0.22,Matches
Daniel Langley,eng ENG,GK,Newcastle Utd,,,0,,,,,0,,0,0,,1,,,,,,,,,,,,Matches
Manuel Lanzini,ar ARG,"MF,FW",West Ham,27-364,1993,11,317,29,15.3,3.5,2,60,0,9,22,11,1.73,9,3,+6,+1.70,+1.70,5.3,3.4,+1.9,+0.53,+0.43,Matches
Aymeric Laporte,fr FRA,DF,Manchester City,26-262,1994,7,579,83,29.2,6.4,6,90,6,1,39,6,2.00,7,4,+3,+0.47,-1.20,10.9,4.5,+6.4,+0.99,-0.29,Matches
Jamaal Lascelles,eng ENG,DF,Newcastle Utd,27-094,1993,12,995,83,48.1,11.1,12,83,9,0,,0,0.92,7,20,-13,-1.18,-1.18,9.8,17.7,-7.8,-0.71,-0.53,Matches
Maxime Le Marchand,fr FRA,DF,Fulham,31-125,1989,2,123,62,6.2,1.4,1,90,1,1,33,3,0.00,0,1,-1,-0.73,-0.10,1.1,1.4,-0.3,-0.21,+0.13,Matches
Mario Lemina,ga GAB,MF,Fulham,27-165,1993,15,688,46,34.7,7.6,7,73,1,8,22,0,0.87,6,11,-5,-0.65,-0.03,9.5,11.1,-1.6,-0.21,+0.19,Matches
Bernd Leno,de GER,GK,Arsenal,28-346,1992,22,"1,961",89,94.7,21.8,22,89,21,0,,0,1.41,27,22,+5,+0.23,+1.06,29.3,26.0,+3.2,+0.15,+0.17,Matches
Khanya Leshabela,za RSA,MF,Leicester City,21-148,1999,0,,,,,0,,0,0,,1,,,,,,,,,,,,Matches
Harry Lewis,eng ENG,GK,Southampton,23-055,1997,0,,,,,0,,0,0,,2,,,,,,,,,,,,Matches
Jamal Lewis,nir NIR,DF,Newcastle Utd,23-019,1998,20,"1,560",78,75.4,17.3,17,89,16,3,17,1,1.20,22,31,-9,-0.52,+0.19,19.1,24.5,-5.4,-0.31,+0.50,Matches
Victor Lindelöf,se SWE,DF,Manchester Utd,26-211,1994,17,"1,505",89,72.7,16.7,17,89,16,0,,2,1.94,40,19,+21,+1.26,+1.57,30.1,19.2,+10.9,+0.65,+0.75,Matches
Jesse Lingard,eng ENG,"MF,FW",West Ham,28-060,1992,2,179,90,8.6,2.0,2,90,1,0,,0,2.00,3,1,+2,+1.01,+0.82,2.0,2.1,0.0,-0.02,-0.21,Matches
Jesse Lingard,eng ENG,"FW,MF",Manchester Utd,28-060,1992,0,,,,,0,,0,0,,4,,,,,,,,,,,,Matches
Jake Livermore,eng ENG,MF,West Brom,31-091,1989,15,"1,200",80,58.0,13.3,15,80,8,0,,2,0.53,13,32,-19,-1.42,+0.33,9.3,24.2,-14.9,-1.12,+0.09,Matches
Diego Llorente,es ESP,DF,Leeds United,27-181,1993,2,91,46,4.6,1.0,1,9,0,1,82,2,1.50,0,3,-3,-2.97,-3.11,0.7,3.5,-2.9,-2.84,-2.86,Matches
Hugo Lloris,fr FRA,GK,Tottenham,34-049,1986,22,"1,980",90,100.0,22.0,22,90,22,0,,0,1.64,36,22,+14,+0.64,,28.8,26.0,+2.8,+0.13,,Matches
Giovani Lo Celso,ar ARG,"MF,FW",Tottenham,24-310,1996,11,439,40,22.2,4.9,4,63,0,7,27,0,1.91,10,4,+6,+1.23,+0.76,8.4,5.2,+3.1,+0.65,+0.67,Matches
Ruben Loftus-Cheek,eng ENG,FW,Chelsea,25-021,1996,1,60,60,2.9,0.7,1,60,0,0,,0,3.00,2,1,+1,+1.50,+0.92,0.9,1.4,-0.4,-0.66,-1.32,Matches
Ruben Loftus-Cheek,eng ENG,"FW,MF",Fulham,25-021,1996,16,"1,124",70,56.8,12.5,13,82,5,3,18,1,0.75,9,12,-3,-0.24,+0.92,14.8,16.7,-1.9,-0.15,+0.42,Matches
Andy Lonergan,ie IRL,GK,West Brom,37-117,1983,0,,,,,0,,0,0,,1,,,,,,,,,,,,Matches
Kevin Long,ie IRL,DF,Burnley,30-179,1990,6,540,90,27.3,6.0,6,90,6,0,,16,0.17,3,12,-9,-1.50,-1.13,5.1,7.1,-2.0,-0.34,+0.43,Matches
Shane Long,ie IRL,"FW,MF",Southampton,34-022,1987,11,210,19,10.6,2.3,1,89,0,10,12,7,1.18,2,6,-4,-1.71,-1.51,1.7,5.3,-3.6,-1.54,-1.37,Matches
Matthew Longstaff,eng ENG,MF,Newcastle Utd,20-329,2000,5,377,75,18.2,4.2,4,87,3,1,30,7,0.20,1,8,-7,-1.67,-1.35,1.2,6.2,-5.1,-1.21,-0.94,Matches
Sean Longstaff,eng ENG,MF,Newcastle Utd,23-106,1997,12,826,69,39.9,9.2,9,90,9,3,5,4,1.42,11,16,-5,-0.54,+0.03,9.4,11.6,-2.2,-0.24,+0.32,Matches
Nigel Lonwijk,nl NED,DF,Wolves,18-109,2002,0,,,,,0,,0,0,,3,,,,,,,,,,,,Matches
Ademola Lookman,eng ENG,FW,Fulham,23-116,1997,19,"1,571",83,79.3,17.5,17,90,12,2,24,0,0.79,14,19,-5,-0.29,+1.69,20.3,22.9,-2.6,-0.15,+0.89,Matches
Jonas Lössl,dk DEN,GK,Everton,32-012,1989,0,,,,,0,,0,0,,8,,,,,,,,,,,,Matches
Max Lowe,eng ENG,DF,Sheffield Utd,23-278,1997,8,550,69,26.6,6.1,7,72,4,1,47,10,0.50,5,10,-5,-0.82,+0.19,5.9,10.5,-4.5,-0.74,-0.30,Matches
Matthew Lowton,eng ENG,DF,Burnley,31-249,1989,18,"1,620",90,81.8,18.0,18,90,18,0,,2,1.22,11,21,-10,-0.56,+0.69,14.7,28.3,-13.5,-0.75,-0.53,Matches
David Luiz,br BRA,DF,Arsenal,33-297,1987,13,885,68,42.8,9.8,11,78,8,2,14,2,1.15,12,10,+2,+0.20,+0.05,12.4,11.9,+0.4,+0.04,-0.17,Matches
Douglas Luiz,br BRA,MF,Aston Villa,22-280,1998,19,"1,659",87,87.8,18.4,19,87,12,0,,1,1.63,33,23,+10,+0.54,-0.24,29.5,24.7,+4.8,+0.26,-0.69,Matches
John Lundstram,eng ENG,MF,Sheffield Utd,26-361,1994,18,"1,308",73,63.2,14.5,15,82,11,3,26,1,0.61,12,21,-9,-0.62,+0.92,13.8,21.5,-7.7,-0.53,0.00,Matches
Alexis Mac Allister,ar ARG,"MF,FW",Brighton,22-051,1998,10,544,54,26.3,6.0,6,80,3,4,16,5,1.00,4,4,0,0.00,+0.29,6.9,7.6,-0.6,-0.10,-0.46,Matches
Matt Macey,eng ENG,GK,Arsenal,26-157,1994,0,,,,,0,,0,0,,2,,,,,,,,,,,,Matches
James Maddison,eng ENG,"MF,FW",Leicester City,24-082,1996,21,"1,475",70,71.3,16.4,16,85,9,5,24,0,2.00,27,17,+10,+0.61,+0.01,22.8,20.8,+2.0,+0.12,-0.59,Matches
Harry Maguire,eng ENG,DF,Manchester Utd,27-345,1993,23,"2,070",90,100.0,23.0,23,90,23,0,,0,1.96,49,30,+19,+0.83,,38.8,28.6,+10.3,+0.45,,Matches
Riyad Mahrez,dz ALG,FW,Manchester City,29-358,1991,16,"1,106",69,55.9,12.3,13,82,7,3,14,5,2.25,24,11,+13,+1.06,-0.59,22.9,10.9,+11.9,+0.97,-0.51,Matches
Ainsley Maitland-Niles,eng ENG,DF,Arsenal,23-168,1997,11,490,45,23.7,5.4,5,85,4,6,11,8,1.64,8,6,+2,+0.37,+0.25,7.7,6.7,+1.0,+0.19,+0.07,Matches
Ainsley Maitland-Niles,eng ENG,MF,West Brom,23-168,1997,1,90,90,4.3,1.0,1,90,1,0,,0,0.00,0,2,-2,-2.00,-0.45,0.4,1.5,-1.1,-1.10,+0.05,Matches
Josh Maja,ng NGA,FW,Fulham,22-048,1998,1,12,12,0.6,0.1,0,,0,1,12,0,1.00,0,0,0,0.00,+0.64,0.3,0.2,+0.1,+1.11,+1.45,Matches
Sadio Mané,sn SEN,FW,Liverpool,28-309,1992,20,"1,690",85,81.6,18.8,19,88,16,1,27,0,1.85,34,20,+14,+0.75,+0.51,37.2,20.3,+16.9,+0.90,+1.29,Matches
Javier Manquillo,es ESP,DF,Newcastle Utd,26-284,1994,10,719,72,34.7,8.0,9,76,5,1,36,8,1.60,11,11,0,0.00,+0.87,10.3,10.6,-0.3,-0.04,+0.60,Matches
Fernando Marçal,br BRA,DF,Wolves,31-360,1989,10,571,57,27.6,6.3,7,76,5,3,13,2,1.40,7,9,-2,-0.32,+0.05,5.9,5.9,0.0,0.00,+0.12,Matches
Solly March,eng ENG,DF,Brighton,26-208,1994,21,"1,672",80,80.8,18.6,19,86,15,2,23,0,1.10,23,25,-2,-0.11,+0.57,27.5,18.4,+9.0,+0.49,+1.30,Matches
Pablo Marí,es ESP,DF,Arsenal,27-166,1993,3,270,90,13.0,3.0,3,90,3,0,,1,3.00,8,1,+7,+2.33,+2.48,6.6,3.4,+3.1,+1.05,+1.05,Matches
Christian Marques,ch SUI,DF,Wolves,18-029,2003,0,,,,,0,,0,0,,1,,,,,,,,,,,,Matches
Anthony Martial,fr FRA,FW,Manchester Utd,25-070,1995,18,"1,247",69,60.2,13.9,14,79,5,4,36,1,2.06,29,17,+12,+0.87,+0.10,24.5,18.5,+6.0,+0.43,-0.04,Matches
David Martin,eng ENG,GK,West Ham,35-022,1986,0,,,,,0,,0,0,,6,,,,,,,,,,,,Matches
Martinelli,br BRA,FW,Arsenal,19-240,2001,5,209,42,10.1,2.3,3,60,0,2,15,4,2.00,4,0,+4,+1.72,+1.72,3.7,1.8,+2.0,+0.84,+0.78,Matches
Emiliano Martínez,ar ARG,GK,Aston Villa,28-164,1992,21,"1,890",90,100.0,21.0,21,90,21,0,,0,1.67,36,24,+12,+0.57,,34.3,27.1,+7.2,+0.34,,Matches
Arthur Masuaku,cd COD,DF,West Ham,27-098,1993,10,850,85,41.1,9.4,10,85,6,0,,0,1.70,17,12,+5,+0.53,+0.46,14.2,10.9,+3.2,+0.34,+0.29,Matches
Juan Mata,es ESP,FW,Manchester Utd,32-291,1988,6,335,56,16.2,3.7,4,72,0,2,23,11,2.67,9,3,+6,+1.61,+0.94,7.4,1.9,+5.5,+1.48,+1.24,Matches
Jean-Philippe Mateta,fr FRA,FW,Crystal Palace,23-230,1997,1,64,64,3.1,0.7,1,64,0,0,,2,0.00,0,2,-2,-2.81,-2.36,0.2,2.4,-2.2,-3.05,-2.55,Matches
Nemanja Matić,rs SRB,MF,Manchester Utd,32-196,1988,12,732,61,35.4,8.1,8,84,7,4,14,10,2.25,15,13,+2,+0.25,-0.90,13.7,11.0,+2.6,+0.33,-0.19,Matches
Joël Matip,cm CMR,DF,Liverpool,29-189,1991,10,691,69,33.4,7.7,9,77,6,1,2,0,1.90,19,5,+14,+1.82,+1.76,16.1,7.2,+8.9,+1.16,+0.75,Matches
Neal Maupay,fr FRA,"FW,MF",Brighton,24-183,1996,21,"1,533",73,74.1,17.0,18,81,10,3,25,1,1.14,21,24,-3,-0.18,+0.16,23.5,18.3,+5.3,+0.31,+0.29,Matches
Luke Mbete-Tatu,eng ENG,DF,Manchester City,20-148,2000,0,,,,,0,,0,0,,2,,,,,,,,,,,,Matches
James McArthur,sco SCO,MF,Crystal Palace,33-129,1987,18,"1,466",81,70.8,16.3,17,85,11,1,17,1,1.11,20,26,-6,-0.37,+0.53,13.2,21.3,-8.1,-0.50,+0.30,Matches
Oliver McBurnie,sco SCO,FW,Sheffield Utd,24-254,1996,16,973,61,47.0,10.8,9,85,8,7,29,0,0.25,7,19,-12,-1.11,-0.29,10.4,17.5,-7.1,-0.66,-0.24,Matches
Alex McCarthy,eng ENG,GK,Southampton,31-072,1989,21,"1,890",90,95.5,21.0,21,90,21,0,,0,1.24,28,37,-9,-0.43,-1.43,21.6,27.9,-6.3,-0.30,+0.19,Matches
James McCarthy,ie IRL,MF,Crystal Palace,30-093,1990,8,467,58,22.6,5.2,6,75,2,2,8,5,1.63,5,9,-4,-0.77,-0.32,3.3,5.6,-2.4,-0.46,+0.16,Matches
Thomas Mcgill,eng ENG,GK,Brighton,20-325,2000,0,,,,,0,,0,0,,1,,,,,,,,,,,,Matches
John McGinn,sco SCO,MF,Aston Villa,26-118,1994,20,"1,800",90,95.2,20.0,20,90,20,0,,0,1.60,34,24,+10,+0.50,-1.50,32.5,26.6,+5.9,+0.29,-1.04,Matches
David McGoldrick,ie IRL,"FW,MF",Sheffield Utd,33-076,1987,21,"1,331",63,64.3,14.8,15,79,8,6,24,2,0.52,11,20,-9,-0.61,+0.97,12.5,19.0,-6.5,-0.44,+0.25,Matches
Dwight McNeil,eng ENG,MF,Burnley,21-083,1999,20,"1,687",84,85.2,18.7,18,90,17,2,36,0,1.00,13,26,-13,-0.69,-0.08,16.5,28.8,-12.3,-0.66,-0.03,Matches
Scott McTominay,sco SCO,MF,Manchester Utd,24-067,1996,20,"1,234",62,59.6,13.7,14,84,11,6,10,2,1.95,33,17,+16,+1.17,+0.84,23.6,17.0,+6.6,+0.48,+0.08,Matches
Ben Mee,eng ENG,DF,Burnley,31-143,1989,16,"1,440",90,72.7,16.0,16,90,16,0,,0,1.38,11,17,-6,-0.37,+1.13,13.7,26.1,-12.4,-0.77,-0.43,Matches
Benjamin Mendy,fr FRA,DF,Manchester City,26-211,1994,6,504,84,25.5,5.6,6,84,4,0,,11,1.83,14,8,+6,+1.07,-0.33,10.7,5.7,+5.0,+0.89,-0.41,Matches
Edouard Mendy,sn SEN,GK,Chelsea,28-349,1992,19,"1,710",90,82.6,19.0,19,90,19,0,,0,1.79,29,15,+14,+0.74,+0.74,29.8,14.7,+15.1,+0.80,+0.99,Matches
Nampalys Mendy,fr FRA,MF,Leicester City,28-235,1992,17,"1,274",75,61.5,14.2,14,85,9,3,30,5,1.71,22,20,+2,+0.14,-1.22,21.3,17.1,+4.3,+0.30,+0.02,Matches
Illan Meslier,fr FRA,GK,Leeds United,20-348,2000,21,"1,890",90,95.5,21.0,21,90,21,0,,0,1.52,38,37,+1,+0.05,+1.05,35.7,36.9,-1.2,-0.06,+0.96,Matches
Max Meyer,de GER,"FW,MF",Crystal Palace,25-148,1995,0,,,,,0,,0,0,,5,,,,,,,,,,,,Matches
Luka Milivojević,rs SRB,MF,Crystal Palace,29-312,1991,19,"1,313",69,63.4,14.6,15,84,8,4,13,1,1.37,15,28,-13,-0.89,-1.01,12.3,22.7,-10.4,-0.72,-0.35,Matches
James Milner,eng ENG,"MF,DF",Liverpool,35-040,1986,15,609,41,29.4,6.8,6,79,3,9,15,4,1.67,9,6,+3,+0.44,-0.30,10.5,9.0,+1.5,+0.23,-0.62,Matches
Yerry Mina,co COL,DF,Everton,26-143,1994,18,"1,620",90,85.7,18.0,18,90,18,0,,3,2.00,30,21,+9,+0.50,+1.50,22.7,20.7,+2.1,+0.12,+0.98,Matches
Takumi Minamino,jp JPN,MF,Southampton,26-028,1995,1,90,90,4.5,1.0,1,90,1,0,,0,0.00,2,3,-1,-1.00,-0.67,1.4,0.8,+0.6,+0.60,+0.95,Matches
Takumi Minamino,jp JPN,"MF,FW",Liverpool,26-028,1995,9,293,33,14.2,3.3,2,90,2,7,16,11,1.89,10,4,+6,+1.84,+1.39,6.3,5.4,+0.9,+0.26,-0.46,Matches
Tyrone Mings,eng ENG,DF,Aston Villa,27-337,1993,20,"1,754",88,92.8,19.5,20,88,19,0,,0,1.70,33,23,+10,+0.51,-0.81,33.5,25.5,+8.0,+0.41,+0.90,Matches
Tyrick Mitchell,eng ENG,DF,Crystal Palace,21-165,1999,12,"1,080",90,52.2,12.0,12,90,12,0,,6,1.25,13,19,-6,-0.50,+0.05,9.2,18.2,-9.0,-0.75,-0.34,Matches
Aleksandar Mitrović,rs SRB,FW,Fulham,26-150,1994,18,"1,005",56,50.8,11.2,10,89,9,8,15,1,0.72,11,17,-6,-0.54,+0.20,14.2,14.8,-0.6,-0.06,+0.56,Matches
Jakub Moder,pl POL,MF,Brighton,21-312,1999,0,,,,,0,,0,0,,4,,,,,,,,,,,,Matches
Jayson Molumby,ie IRL,MF,Brighton,21-191,1999,1,1,1,0.0,0.0,0,,0,1,1,5,3.00,0,0,0,0.00,+0.22,0.0,0.0,0.0,0.00,-0.23,Matches
Wes Morgan,jm JAM,DF,Leicester City,37-023,1984,3,18,6,0.9,0.2,0,,0,3,6,8,3.00,1,0,+1,+5.00,+4.43,0.9,0.1,+0.8,+4.20,+3.94,Matches
Mason Mount,eng ENG,"MF,FW",Chelsea,22-034,1999,22,"1,798",82,86.9,20.0,20,89,18,2,14,1,1.64,33,23,+10,+0.50,-0.82,32.4,20.3,+12.2,+0.61,-0.11,Matches
Lucas Moura,br BRA,"FW,MF",Tottenham,28-184,1992,17,609,36,30.8,6.8,5,75,2,12,20,4,1.76,8,7,+1,+0.15,-0.71,9.7,6.1,+3.7,+0.54,+0.60,Matches
Lys Mousset,fr FRA,FW,Sheffield Utd,25-005,1996,6,203,34,9.8,2.3,2,61,0,4,20,4,0.00,1,5,-4,-1.77,-0.91,2.5,2.7,-0.1,-0.07,+0.51,Matches
João Moutinho,pt POR,MF,Wolves,34-158,1986,21,"1,490",71,72.0,16.6,17,85,8,4,11,1,1.14,16,26,-10,-0.60,-0.91,18.3,20.9,-2.6,-0.16,-0.25,Matches
Joel Mumbongo,se SWE,FW,Burnley,22-035,1999,2,29,15,1.5,0.3,0,,0,2,15,3,0.00,0,1,-1,-3.10,-2.46,0.2,0.4,-0.2,-0.63,+0.03,Matches
Jacob Murphy,eng ENG,"DF,MF",Newcastle Utd,25-355,1995,13,741,57,35.8,8.2,8,82,5,5,17,5,0.69,9,16,-7,-0.85,-0.44,7.2,12.3,-5.1,-0.62,-0.29,Matches
Shkodran Mustafi,de GER,DF,Arsenal,28-302,1992,3,47,16,2.3,0.5,0,,0,3,16,6,2.00,0,1,-1,-1.91,-2.14,0.1,1.3,-1.2,-2.35,-2.55,Matches
Marvelous Nakamba,zw ZIM,MF,Aston Villa,27-025,1994,7,287,41,15.2,3.2,3,90,3,4,4,14,2.71,3,0,+3,+0.94,+0.44,5.4,2.2,+3.2,+1.01,+0.78,Matches
Richard Nartey,eng ENG,DF,Burnley,22-160,1998,0,,,,,0,,0,0,,1,,,,,,,,,,,,Matches
Iliman Ndiaye,fr FRA,MF,Sheffield Utd,,,0,,,,,0,,0,0,,1,,,,,,,,,,,,Matches
Wilfred Ndidi,ng NGA,"MF,DF",Leicester City,24-059,1996,11,862,78,41.6,9.6,10,84,8,1,22,1,2.36,21,8,+13,+1.36,+1.28,13.6,9.8,+3.7,+0.39,+0.17,Matches
Tanguy Ndombele,fr FRA,MF,Tottenham,24-047,1996,20,"1,294",65,65.4,14.4,18,70,3,2,15,1,1.65,25,12,+13,+0.90,+0.77,16.7,17.5,-0.9,-0.06,-0.54,Matches
Reiss Nelson,eng ENG,FW,Arsenal,21-065,1999,2,71,36,3.4,0.8,0,,0,2,36,0,0.50,0,0,0,0.00,-0.18,0.7,1.1,-0.4,-0.50,-0.66,Matches
Pedro Neto,pt POR,"FW,MF",Wolves,20-341,2000,23,"1,890",82,91.3,21.0,22,85,13,1,21,0,1.17,23,28,-5,-0.24,+1.26,21.6,23.3,-1.7,-0.08,+0.11,Matches
Rúben Neves,pt POR,MF,Wolves,23-337,1997,22,"1,555",71,75.1,17.3,18,83,12,4,14,1,1.23,16,26,-10,-0.58,-0.93,16.4,21.6,-5.3,-0.31,-0.87,Matches
Eddie Nketiah,eng ENG,FW,Arsenal,21-259,1999,14,327,23,15.8,3.6,3,65,0,11,12,7,1.07,3,6,-3,-0.83,-1.19,3.9,3.4,+0.5,+0.15,+0.01,Matches
Niels Nkounkou,fr FRA,DF,Everton,20-104,2000,1,68,68,3.6,0.8,1,68,0,0,,8,0.00,0,1,-1,-1.32,-1.67,0.4,1.6,-1.1,-1.51,-1.54,Matches
Dan Nlundulu,eng ENG,"FW,MF",Southampton,22-008,1999,9,91,10,4.6,1.0,0,,0,9,10,6,1.11,0,1,-1,-0.99,-0.66,1.1,2.1,-1.0,-1.02,-0.75,Matches
Mark Noble,eng ENG,MF,West Ham,33-281,1987,12,285,24,13.8,3.2,3,67,1,9,9,7,1.92,2,7,-5,-1.58,-2.13,2.1,6.0,-3.9,-1.23,-1.62,Matches
Will Norris,eng ENG,GK,Burnley,27-185,1993,0,,,,,0,,0,0,,7,,,,,,,,,,,,Matches
Oliver Norwood,nir NIR,MF,Sheffield Utd,29-307,1991,17,"1,032",61,49.9,11.5,12,75,5,5,27,5,0.59,7,20,-13,-1.13,-0.35,9.8,15.4,-5.6,-0.49,+0.08,Matches
Jack O'Connell,eng ENG,DF,Sheffield Utd,26-321,1994,2,180,90,8.7,2.0,2,90,2,0,,0,0.00,0,3,-3,-1.50,-0.60,1.5,2.1,-0.6,-0.32,+0.23,Matches
Dara O'Shea,ie IRL,DF,West Brom,21-346,1999,17,"1,384",81,66.9,15.4,16,86,15,1,11,4,0.41,13,43,-30,-1.95,-1.16,9.8,29.7,-19.9,-1.29,-0.42,Matches
Michael Obafemi,ie IRL,FW,Southampton,20-222,2000,1,14,14,0.7,0.2,0,,0,1,14,8,3.00,0,0,0,0.00,+0.37,0.1,0.0,0.0,+0.15,+0.47,Matches
Denis Odoi,be BEL,DF,Fulham,32-262,1988,3,270,90,13.6,3.0,3,90,3,0,,10,0.00,3,10,-7,-2.33,-1.96,2.7,5.1,-2.4,-0.81,-0.56,Matches
Ademipo Odubeko,ng NGA,FW,West Ham,18-115,2002,0,,,,,0,,0,0,,4,,,,,,,,,,,,Matches
Angelo Ogbonna,it ITA,DF,West Ham,32-266,1988,23,"2,042",89,98.6,22.7,23,89,22,0,,0,1.70,33,28,+5,+0.22,-2.99,30.4,25.7,+4.7,+0.20,+2.37,Matches
Robin Olsen,se SWE,GK,Everton,31-036,1990,4,360,90,19.0,4.0,4,90,4,0,,11,1.75,8,6,+2,+0.50,+0.26,5.3,5.5,-0.3,-0.07,-0.05,Matches
Josh Onomah,eng ENG,MF,Fulham,23-292,1997,4,144,36,7.3,1.6,2,66,0,2,7,6,0.25,1,7,-6,-3.75,-3.36,1.2,3.2,-2.0,-1.26,-1.00,Matches
Tyler Onyango,eng ENG,MF,Everton,17-346,2003,0,,,,,0,,0,0,,1,,,,,,,,,,,,Matches
Divock Origi,be BEL,FW,Liverpool,25-301,1995,8,182,23,8.8,2.0,2,68,0,6,8,11,1.50,2,0,+2,+0.99,+0.37,2.9,1.4,+1.5,+0.76,+0.10,Matches
Ben Osborn,eng ENG,"MF,DF",Sheffield Utd,26-192,1994,12,768,64,37.1,8.5,8,81,5,4,31,7,0.33,2,13,-11,-1.29,-0.53,7.7,12.3,-4.7,-0.55,-0.03,Matches
Nicolás Otamendi,ar ARG,DF,Manchester City,33-001,1988,0,,,,,0,,0,0,,1,,,,,,,,,,,,Matches
Owen Otasowie,us USA,MF,Wolves,19-299,2001,4,116,29,5.6,1.3,1,59,0,3,19,10,1.25,3,3,0,0.00,+0.37,1.5,1.6,-0.1,-0.10,-0.02,Matches
Alex Oxlade-Chamberlain,eng ENG,"MF,FW",Liverpool,27-182,1993,6,174,29,8.4,1.9,2,56,0,4,16,6,1.17,3,2,+1,+0.52,-0.15,3.2,1.4,+1.8,+0.92,+0.28,Matches
Cole Palmer,eng ENG,MF,Manchester City,18-283,2002,0,,,,,0,,0,0,,4,,,,,,,,,,,,Matches
Emerson Palmieri,it ITA,DF,Chelsea,26-194,1994,2,90,45,4.3,1.0,0,,0,2,45,9,3.00,2,0,+2,+2.00,+1.45,2.1,0.8,+1.3,+1.30,+0.70,Matches
Thomas Partey,gh GHA,MF,Arsenal,27-245,1993,11,679,62,32.8,7.5,9,72,3,2,15,0,1.00,7,7,0,0.00,-0.26,9.3,6.9,+2.3,+0.31,+0.25,Matches
Rui Patrício,pt POR,GK,Wolves,32-364,1988,23,"2,070",90,100.0,23.0,23,90,23,0,,0,1.17,23,31,-8,-0.35,,24.2,26.2,-2.1,-0.09,,Matches
Bailey Peacock-Farrell,nir NIR,GK,Burnley,24-107,1996,1,90,90,4.5,1.0,1,90,1,0,,18,0.00,0,5,-5,-5.00,-4.52,0.4,2.8,-2.4,-2.41,-1.84,Matches
Lee Peltier,eng ENG,DF,West Brom,34-064,1986,3,184,61,8.9,2.0,2,90,2,1,4,9,0.33,0,7,-7,-3.42,-2.04,1.0,3.0,-2.1,-1.02,+0.15,Matches
Nicolas Pépé,ci CIV,"FW,MF",Arsenal,25-260,1995,16,811,51,39.2,9.0,8,77,2,8,25,4,1.19,9,14,-5,-0.55,-1.20,10.7,15.6,-4.9,-0.55,-1.13,Matches
Matheus Pereira,br BRA,"MF,FW",West Brom,24-284,1996,19,"1,375",72,66.4,15.3,16,82,10,3,20,0,0.58,16,35,-19,-1.24,+0.96,12.0,29.3,-17.4,-1.14,+0.05,Matches
Ricardo Pereira,pt POR,DF,Leicester City,27-130,1993,4,248,62,12.0,2.8,2,90,2,2,34,2,1.75,2,2,0,0.00,-0.69,3.1,3.8,-0.6,-0.24,-0.60,Matches
Ayoze Pérez,es ESP,"FW,MF",Leicester City,27-205,1993,15,867,58,41.9,9.6,11,73,4,4,17,4,1.67,15,11,+4,+0.42,-0.33,13.4,9.5,+4.0,+0.41,+0.21,Matches
Taylor Perry,eng ENG,MF,Wolves,19-213,2001,0,,,,,0,,0,0,,3,,,,,,,,,,,,Matches
Kalvin Phillips,eng ENG,MF,Leeds United,25-073,1995,18,"1,572",87,79.4,17.5,18,87,16,0,,0,1.61,32,27,+5,+0.29,+1.39,29.1,28.7,+0.4,+0.03,+0.62,Matches
Matt Phillips,sco SCO,"MF,DF",West Brom,29-337,1991,18,783,44,37.8,8.7,8,79,3,10,15,1,0.50,5,22,-17,-1.95,-0.63,4.7,15.1,-10.4,-1.20,-0.07,Matches
Nathaniel Phillips,eng ENG,DF,Liverpool,23-329,1997,6,495,83,23.9,5.5,5,90,5,1,45,12,1.83,8,5,+3,+0.55,-0.14,6.4,5.0,+1.4,+0.26,-0.53,Matches
Jordan Pickford,eng ENG,GK,Everton,26-343,1994,17,"1,530",90,81.0,17.0,17,90,17,0,,2,1.76,26,22,+4,+0.24,-0.26,20.8,21.0,-0.3,-0.02,+0.05,Matches
Erik Pieters,nl NED,"DF,MF",Burnley,32-190,1988,15,940,63,47.5,10.4,9,88,8,6,25,4,1.20,7,15,-8,-0.77,-0.16,9.8,17.4,-7.6,-0.73,-0.13,Matches
Daniel Podence,pt POR,"FW,MF",Wolves,25-115,1995,18,"1,316",73,63.6,14.6,17,75,3,1,36,0,1.39,14,17,-3,-0.21,+0.39,14.0,16.2,-2.2,-0.15,-0.17,Matches
Paul Pogba,fr FRA,"MF,FW",Manchester Utd,27-335,1993,19,"1,349",71,65.2,15.0,15,83,12,4,25,2,1.74,22,17,+5,+0.33,-1.41,20.0,20.7,-0.8,-0.05,-1.43,Matches
Nick Pope,eng ENG,GK,Burnley,28-300,1992,21,"1,890",90,95.5,21.0,21,90,21,0,,0,1.10,14,24,-10,-0.48,+4.52,18.4,30.4,-12.0,-0.57,+1.84,Matches
Dennis Praet,be BEL,"MF,FW",Leicester City,26-275,1994,13,654,50,31.6,7.3,9,67,0,4,13,3,2.15,12,8,+4,+0.55,-0.09,11.1,7.7,+3.5,+0.48,+0.28,Matches
Davy Pröpper,nl NED,MF,Brighton,29-164,1991,5,197,39,9.5,2.2,2,67,0,3,21,4,1.00,1,2,-1,-0.46,-0.26,2.4,3.7,-1.3,-0.59,-0.92,Matches
Christian Pulisic,us USA,"FW,MF",Chelsea,22-148,1998,15,961,64,46.4,10.7,9,88,6,6,29,0,1.53,14,13,+1,+0.09,-0.96,15.9,11.5,+4.4,+0.41,-0.40,Matches
Aaron Ramsdale,eng ENG,GK,Sheffield Utd,22-275,1998,23,"2,070",90,100.0,23.0,23,90,23,0,,0,0.48,15,37,-22,-0.96,,21.0,33.1,-12.1,-0.53,,Matches
Jacob Ramsey,eng ENG,"MF,FW",Aston Villa,19-261,2001,8,165,21,8.7,1.8,1,89,0,7,11,5,2.00,0,2,-2,-1.09,-1.82,2.3,3.8,-1.5,-0.82,-1.27,Matches
Kayne Ramsey,eng ENG,DF,Southampton,20-126,2000,1,90,90,4.5,1.0,1,90,1,0,,5,0.00,0,9,-9,-9.00,-9.05,0.5,3.7,-3.2,-3.21,-3.04,Matches
Darren Randolph,ie IRL,GK,West Ham,33-277,1987,1,90,90,4.3,1.0,1,90,1,0,,18,3.00,1,0,+1,+1.00,+0.77,1.3,0.3,+0.9,+0.94,+0.80,Matches
Marcus Rashford,eng ENG,FW,Manchester Utd,23-105,1997,23,"1,856",81,89.7,20.6,21,86,16,2,26,0,1.96,42,27,+15,+0.73,-0.95,32.6,24.2,+8.4,+0.41,-0.37,Matches
Tim Ream,us USA,DF,Fulham,33-131,1987,5,450,90,22.7,5.0,5,90,5,0,,17,0.20,2,10,-8,-1.60,-1.25,4.4,8.7,-4.2,-0.84,-0.66,Matches
Nathan Redmond,eng ENG,"MF,FW",Southampton,26-344,1994,13,627,48,31.7,7.0,5,87,4,8,24,1,1.31,10,13,-3,-0.43,-0.10,9.7,8.0,+1.7,+0.25,+0.82,Matches
Harrison Reed,eng ENG,MF,Fulham,26-017,1995,18,"1,249",69,63.1,13.9,14,83,10,4,22,1,0.72,11,20,-9,-0.65,-0.03,14.4,19.2,-4.8,-0.35,-0.04,Matches
Sergio Reguilón,es ESP,DF,Tottenham,24-059,1996,13,"1,059",81,53.5,11.8,12,87,9,1,15,3,1.77,22,11,+11,+0.93,+0.64,15.7,12.1,+3.6,+0.31,+0.39,Matches
Bobby Reid,jm JAM,"DF,FW",Fulham,28-011,1993,20,"1,365",68,68.9,15.2,16,80,5,4,22,1,0.70,12,16,-4,-0.26,+1.20,15.8,21.2,-5.4,-0.35,-0.07,Matches
Declan Rice,eng ENG,MF,West Ham,22-030,1999,23,"2,070",90,100.0,23.0,23,90,23,0,,0,1.70,34,28,+6,+0.26,,30.8,26.8,+4.0,+0.17,,Matches
Lewis Richards,ie IRL,DF,Wolves,,,0,,,,,0,,0,0,,5,,,,,,,,,,,,Matches
Lewis Richardson,eng ENG,MF,Burnley,18-006,2003,0,,,,,0,,0,0,,1,,,,,,,,,,,,Matches
Richarlison,br BRA,"FW,MF",Everton,23-279,1997,17,"1,359",80,71.9,15.1,16,84,9,1,15,0,2.00,27,18,+9,+0.60,+1.10,20.9,18.3,+2.6,+0.17,+0.71,Matches
Jaïro Riedewald,nl NED,MF,Crystal Palace,24-157,1996,19,865,46,41.8,9.6,8,82,3,11,19,2,1.11,14,16,-2,-0.21,+0.54,8.9,15.8,-6.9,-0.72,-0.23,Matches
Matt Ritchie,sco SCO,"DF,MF",Newcastle Utd,31-156,1989,8,528,66,25.5,5.9,6,81,3,2,20,7,1.13,6,7,-1,-0.17,+0.53,4.5,7.0,-2.5,-0.43,0.00,Matches
Tyler Roberts,wal WAL,"MF,FW",Leeds United,22-032,1999,11,324,29,16.4,3.6,2,50,0,9,25,10,1.18,6,7,-1,-0.28,-0.33,3.8,8.5,-4.7,-1.30,-1.43,Matches
Andrew Robertson,sco SCO,DF,Liverpool,26-339,1994,23,"2,064",90,99.7,22.9,23,90,22,0,,0,1.74,44,29,+15,+0.65,+0.65,43.1,27.9,+15.2,+0.66,+0.66,Matches
Antonee Robinson,us USA,DF,Fulham,23-189,1997,17,"1,471",87,74.3,16.3,17,87,15,0,,1,0.82,13,18,-5,-0.31,+1.29,18.8,21.7,-2.9,-0.18,+0.61,Matches
Callum Robinson,ie IRL,"FW,MF",West Brom,26-011,1995,21,"1,184",56,57.2,13.2,15,69,5,6,25,2,0.52,12,33,-21,-1.60,-0.07,10.6,24.8,-14.2,-1.08,+0.17,Matches
Jack Robinson,eng ENG,DF,Sheffield Utd,27-165,1993,8,607,76,29.3,6.7,6,84,5,2,51,5,0.25,5,10,-5,-0.74,+0.30,7.4,10.5,-3.1,-0.46,+0.09,Matches
Hal Robson-Kanu,wal WAL,"FW,MF",West Brom,31-268,1989,9,225,25,10.9,2.5,0,,0,9,25,3,0.78,0,6,-6,-2.40,-0.94,0.8,7.0,-6.2,-2.49,-1.50,Matches
Marek Rodák,sk SVK,GK,Fulham,24-062,1996,1,90,90,4.5,1.0,1,90,1,0,,21,0.00,0,3,-3,-3.00,-2.48,0.2,1.8,-1.6,-1.60,-1.33,Matches
Joe Rodon,wal WAL,DF,Tottenham,23-114,1997,7,372,53,18.8,4.1,4,90,4,3,4,9,1.86,4,5,-1,-0.24,-1.08,2.1,6.0,-4.0,-0.96,-1.33,Matches
Rodri,es ESP,MF,Manchester City,24-236,1996,21,"1,722",82,87.0,19.1,20,86,18,1,1,1,2.24,36,14,+22,+1.15,-1.29,38.5,15.4,+23.1,+1.21,+0.09,Matches
Rodrigo,es ESP,MF,Leeds United,29-344,1991,18,988,55,49.9,11.0,12,70,4,6,25,0,1.61,22,20,+2,+0.18,+0.36,19.7,19.9,-0.3,-0.02,+0.16,Matches
James Rodríguez,co COL,"FW,MF",Everton,29-216,1991,15,"1,194",80,63.2,13.3,14,83,5,1,27,1,1.47,24,21,+3,+0.23,-0.16,17.8,16.6,+1.1,+0.08,+0.29,Matches
Jay Rodriguez,eng ENG,"FW,MF",Burnley,31-199,1989,17,764,45,38.6,8.5,8,74,2,9,19,2,0.94,4,17,-13,-1.53,-1.38,6.1,17.0,-10.9,-1.28,-1.02,Matches
Oriol Romeu,es ESP,MF,Southampton,29-142,1991,17,"1,483",87,74.9,16.5,17,87,13,0,,0,1.47,25,20,+5,+0.30,+2.66,17.7,17.3,+0.4,+0.03,+1.33,Matches
John Ruddy,eng ENG,GK,Wolves,34-112,1986,0,,,,,0,,0,0,,23,,,,,,,,,,,,Matches
Antonio Rüdiger,de GER,DF,Chelsea,27-347,1993,8,720,90,34.8,8.0,8,90,8,0,,11,2.13,9,4,+5,+0.62,+0.03,11.0,4.6,+6.4,+0.80,+0.27,Matches
Mathew Ryan,au AUS,GK,Arsenal,28-311,1992,1,90,90,4.3,1.0,1,90,1,0,,1,0.00,0,1,-1,-1.00,-1.23,1.1,1.1,0.0,-0.02,-0.17,Matches
Mathew Ryan,au AUS,GK,Brighton,28-311,1992,11,990,90,47.8,11.0,11,90,11,0,,1,0.91,14,19,-5,-0.45,-0.45,16.4,11.0,+5.4,+0.49,+0.49,Matches
Allan Saint-Maximin,fr FRA,"FW,MF",Newcastle Utd,23-338,1997,13,747,57,36.1,8.3,9,72,2,4,25,0,1.23,10,13,-3,-0.36,+0.32,8.5,10.6,-2.1,-0.26,+0.28,Matches
Romain Saïss,ma MAR,DF,Wolves,30-324,1990,14,"1,237",88,59.8,13.7,14,88,13,0,,5,1.07,15,21,-6,-0.44,-0.22,14.0,16.9,-2.9,-0.21,-0.31,Matches
Bukayo Saka,eng ENG,"FW,DF",Arsenal,19-161,2001,20,"1,681",84,81.2,18.7,19,87,14,1,33,2,1.35,23,19,+4,+0.21,+0.21,24.5,19.7,+4.9,+0.26,+0.65,Matches
Mamadou Sakho,fr FRA,DF,Crystal Palace,31-000,1990,4,276,69,13.3,3.1,3,90,3,1,6,8,1.50,4,8,-4,-1.30,-0.90,2.6,5.7,-3.2,-1.04,-0.52,Matches
Mohamed Salah,eg EGY,FW,Liverpool,28-243,1992,22,"1,832",83,88.5,20.4,20,88,16,2,34,0,1.68,37,28,+9,+0.44,-1.83,37.0,25.1,+11.9,+0.58,-0.68,Matches
Mohammed Salisu,gh GHA,DF,Southampton,21-302,1999,0,,,,,0,,0,0,,7,,,,,,,,,,,,Matches
Davinson Sánchez,co COL,DF,Tottenham,24-246,1996,9,676,75,34.1,7.5,8,84,7,1,1,4,1.78,19,10,+9,+1.20,+0.85,14.0,8.5,+5.5,+0.73,+0.92,Matches
Robert Sánchez,es ESP,GK,Brighton,23-087,1997,12,"1,080",90,52.2,12.0,12,90,12,0,,0,1.25,11,11,0,0.00,+0.45,14.4,14.4,0.0,0.00,-0.49,Matches
Max Sanders,eng ENG,MF,Brighton,22-040,1999,0,,,,,0,,0,0,,2,,,,,,,,,,,,Matches
Morgan Sanson,fr FRA,MF,Aston Villa,26-179,1994,1,11,11,0.6,0.1,0,,0,1,11,2,0.00,1,1,0,0.00,-0.57,0.3,0.3,-0.1,-0.44,-0.79,Matches
Romaine Sawyers,kn SKN,MF,West Brom,29-103,1991,19,"1,487",78,71.8,16.5,17,85,12,2,24,3,0.53,14,42,-28,-1.69,-0.46,10.4,32.8,-22.4,-1.35,-0.71,Matches
Dane Scarlett,eng ENG,FW,Tottenham,16-326,2004,1,1,1,0.1,0.0,0,,0,1,1,0,3.00,0,0,0,0.00,-0.64,0.0,0.0,0.0,0.00,-0.13,Matches
Fabian Schär,ch SUI,DF,Newcastle Utd,29-055,1991,16,"1,210",76,58.5,13.4,13,86,11,3,29,0,1.06,12,21,-9,-0.67,-0.25,12.1,17.6,-5.5,-0.41,+0.06,Matches
Jeffrey Schlupp,gh GHA,MF,Crystal Palace,28-052,1992,15,976,65,47.1,10.8,12,77,3,3,17,0,1.47,13,17,-4,-0.37,+0.29,11.9,15.2,-3.3,-0.31,+0.53,Matches
Kasper Schmeichel,dk DEN,GK,Leicester City,34-100,1986,23,"2,070",90,100.0,23.0,23,90,23,0,,0,1.87,39,25,+14,+0.61,,33.2,26.5,+6.7,+0.29,,Matches
Nélson Semedo,pt POR,DF,Wolves,27-089,1993,20,"1,769",88,85.5,19.7,20,88,18,0,,1,1.20,20,26,-6,-0.31,+0.29,21.4,22.1,-0.7,-0.03,+0.38,Matches
Meritan Shabani,al ALB,MF,Wolves,21-335,1999,0,,,,,0,,0,0,,3,,,,,,,,,,,,Matches
Jamie Shackleton,eng ENG,"MF,DF",Leeds United,21-128,1999,10,305,31,15.4,3.4,1,45,0,9,29,8,1.50,5,6,-1,-0.30,-0.35,5.7,8.4,-2.7,-0.81,-0.83,Matches
Xherdan Shaqiri,ch SUI,"MF,FW",Liverpool,29-126,1991,9,400,44,19.3,4.4,4,72,0,5,22,3,1.00,3,5,-2,-0.45,-1.37,6.4,5.2,+1.2,+0.26,-0.50,Matches
Billy Sharp,eng ENG,FW,Sheffield Utd,35-008,1986,11,430,39,20.8,4.8,4,76,1,7,18,8,0.91,6,6,0,0.00,+1.21,5.4,6.6,-1.2,-0.25,+0.35,Matches
Luke Shaw,eng ENG,DF,Manchester Utd,25-216,1995,19,"1,484",78,71.7,16.5,17,84,14,2,27,1,1.74,30,22,+8,+0.49,-1.20,21.9,20.9,+1.0,+0.06,-1.36,Matches
Jonjo Shelvey,eng ENG,MF,Newcastle Utd,28-352,1992,15,"1,267",84,61.2,14.1,14,89,13,1,26,3,1.33,20,22,-2,-0.14,+1.09,16.2,19.7,-3.5,-0.25,+0.48,Matches
Cheikh Sidya Diaby,fr FRA,FW,West Brom,20-343,2000,0,,,,,0,,0,0,,1,,,,,,,,,,,,Matches
Gylfi Sigurðsson,is ISL,MF,Everton,31-158,1989,20,"1,106",55,58.5,12.3,12,81,6,8,17,1,1.85,18,14,+4,+0.33,+0.10,13.0,14.9,-1.9,-0.16,-0.31,Matches
Bernardo Silva,pt POR,"MF,FW",Manchester City,26-187,1994,16,"1,212",76,61.2,13.5,14,83,10,2,28,4,2.44,26,5,+21,+1.56,+0.62,26.8,7.7,+19.1,+1.42,+0.57,Matches
Fábio Silva,pt POR,FW,Wolves,18-209,2002,17,738,43,35.7,8.2,6,82,3,11,22,6,0.88,10,18,-8,-0.98,-0.98,11.0,10.5,+0.5,+0.06,+0.24,Matches
Thiago Silva,br BRA,DF,Chelsea,36-144,1984,17,"1,457",86,70.4,16.2,17,86,15,0,,1,1.65,26,16,+10,+0.62,+0.03,25.3,13.5,+11.8,+0.73,+0.35,Matches
Ellis Simms,eng ENG,FW,Everton,20-039,2001,0,,,,,0,,0,0,,1,,,,,,,,,,,,Matches
Moussa Sissoko,fr FRA,MF,Tottenham,31-181,1989,17,"1,329",78,67.1,14.8,14,89,13,3,27,4,1.53,19,15,+4,+0.27,-1.11,17.2,18.0,-0.9,-0.06,-0.56,Matches
Islam Slimani,dz ALG,FW,Leicester City,32-240,1988,1,20,20,1.0,0.2,0,,0,1,20,0,0.00,0,1,-1,-4.50,-5.16,0.2,0.2,0.0,-0.20,-0.49,Matches
William Smallbone,ie IRL,MF,Southampton,20-358,2000,3,172,57,8.7,1.9,2,68,0,1,36,5,0.00,1,5,-4,-2.09,-1.89,2.1,2.8,-0.7,-0.37,-0.07,Matches
Emile Smith-Rowe,eng ENG,MF,Arsenal,20-200,2000,9,732,81,35.4,8.1,9,81,3,0,,2,1.89,15,4,+11,+1.35,+1.82,13.0,7.3,+5.7,+0.70,+0.86,Matches
Robert Snodgrass,sco SCO,"MF,FW",West Brom,33-159,1987,5,407,81,19.7,4.5,5,81,3,0,,0,0.80,6,13,-7,-1.55,+0.02,5.0,8.3,-3.3,-0.73,+0.53,Matches
Robert Snodgrass,sco SCO,"FW,DF",West Ham,33-159,1987,3,5,2,0.2,0.1,0,,0,3,2,8,1.67,1,0,+1,+18.00,+17.78,0.1,0.2,-0.1,-1.73,-1.91,Matches
Cédric Soares,pt POR,DF,Arsenal,29-166,1991,6,430,72,20.8,4.8,5,85,4,1,6,5,1.33,7,4,+3,+0.63,+0.57,7.2,5.5,+1.7,+0.35,+0.27,Matches
Tomáš Souček,cz CZE,MF,West Ham,25-352,1995,23,"2,069",90,100.0,23.0,23,90,22,0,,0,1.70,34,28,+6,+0.26,+0.26,30.8,26.8,+4.0,+0.17,+0.17,Matches
Çağlar Söyüncü,tr TUR,DF,Leicester City,24-266,1996,10,649,65,31.4,7.2,6,90,6,4,27,2,2.00,15,10,+5,+0.69,+0.12,11.5,9.3,+2.2,+0.31,+0.02,Matches
Jason Steele,eng ENG,GK,Brighton,30-179,1990,0,,,,,0,,0,0,,16,,,,,,,,,,,,Matches
Jed Steer,eng ENG,GK,Aston Villa,28-143,1992,0,,,,,0,,0,0,,12,,,,,,,,,,,,Matches
Zack Steffen,us USA,GK,Manchester City,25-317,1995,1,90,90,4.5,1.0,1,90,1,0,,19,3.00,3,1,+2,+2.00,+0.71,2.4,0.8,+1.6,+1.62,+0.44,Matches
Dale Stephens,eng ENG,MF,Brighton,31-246,1989,0,,,,,0,,0,0,,1,,,,,,,,,,,,Matches
Dale Stephens,eng ENG,MF,Burnley,31-246,1989,6,251,42,12.7,2.8,3,67,1,3,16,9,0.50,1,4,-3,-1.08,-0.45,1.5,2.6,-1.1,-0.41,+0.28,Matches
Jack Stephens,eng ENG,DF,Southampton,27-017,1994,12,"1,025",85,51.8,11.4,11,89,10,1,45,10,0.92,9,27,-18,-1.58,-2.52,10.0,17.3,-7.3,-0.64,-0.70,Matches
Raheem Sterling,eng ENG,FW,Manchester City,26-067,1994,20,"1,619",81,81.8,18.0,18,88,16,2,14,2,2.20,33,12,+21,+1.17,-0.83,34.6,14.3,+20.3,+1.13,-0.37,Matches
Enda Stevens,ie IRL,DF,Sheffield Utd,30-219,1990,15,"1,350",90,65.2,15.0,15,90,15,0,,0,0.13,8,28,-20,-1.33,-1.08,12.8,21.8,-8.9,-0.60,-0.20,Matches
John Stones,eng ENG,DF,Manchester City,26-261,1994,13,"1,170",90,59.1,13.0,13,90,13,0,,7,2.85,34,3,+31,+2.38,+2.61,29.9,7.3,+22.6,+1.74,+1.33,Matches
Pascal Struijk,nl NED,"DF,MF",Leeds United,21-186,1999,13,"1,010",78,51.0,11.2,11,80,8,2,63,9,1.38,19,19,0,0.00,0.00,14.7,18.2,-3.5,-0.31,-0.43,Matches
Andreas Søndergaard,dk DEN,GK,Wolves,20-027,2001,0,,,,,0,,0,0,,1,,,,,,,,,,,,Matches
Japhet Tanganga,eng ENG,DF,Tottenham,21-319,1999,0,,,,,0,,0,0,,4,,,,,,,,,,,,Matches
Matt Targett,eng ENG,DF,Aston Villa,25-148,1995,21,"1,874",89,99.2,20.8,21,89,20,0,,0,1.67,36,22,+14,+0.67,+11.92,34.0,26.2,+7.8,+0.38,+3.79,Matches
James Tarkowski,eng ENG,DF,Burnley,28-086,1992,20,"1,800",90,90.9,20.0,20,90,20,0,,0,1.15,12,24,-12,-0.60,+0.90,16.4,31.2,-14.8,-0.74,-0.95,Matches
Percy Tau,za RSA,"FW,MF",Brighton,26-276,1994,2,85,43,4.1,0.9,1,67,0,1,18,4,1.50,0,1,-1,-1.06,-0.88,0.2,1.9,-1.7,-1.78,-2.10,Matches
Charlie Taylor,eng ENG,DF,Burnley,27-148,1993,16,"1,316",82,66.5,14.6,16,82,14,0,,0,1.19,8,20,-12,-0.82,-0.41,13.0,21.9,-8.9,-0.61,+0.14,Matches
Neil Taylor,wal WAL,DF,Aston Villa,32-006,1989,1,16,16,0.8,0.2,0,,0,1,16,12,0.00,0,2,-2,-11.25,-11.92,0.3,0.9,-0.6,-3.41,-3.79,Matches
Allan Tchaptchet,fr FRA,DF,Southampton,19-054,2001,1,13,13,0.7,0.1,0,,0,1,13,1,0.00,0,3,-3,-20.77,-20.54,0.0,1.7,-1.7,-11.66,-11.43,Matches
Nathan Tella,eng ENG,"FW,MF",Southampton,21-223,1999,5,160,32,8.1,1.8,0,,0,5,32,7,1.40,2,2,0,0.00,+0.40,2.1,2.9,-0.9,-0.48,-0.19,Matches
Alex Telles,br BRA,DF,Manchester Utd,28-060,1992,7,510,73,24.6,5.7,6,80,3,1,31,10,2.57,12,8,+4,+0.71,-0.16,13.0,6.9,+6.1,+1.07,+0.83,Matches
Kenny Tete,nl NED,DF,Fulham,25-127,1995,9,597,66,30.2,6.6,8,73,4,1,10,0,0.44,4,12,-8,-1.21,-0.82,7.0,10.2,-3.2,-0.49,-0.22,Matches
Bobby Thomas,eng ENG,DF,Burnley,,,0,,,,,0,,0,0,,2,,,,,,,,,,,,Matches
Luke Thomas,eng ENG,DF,Leicester City,19-248,2001,4,270,68,13.0,3.0,4,68,2,0,,12,1.75,6,4,+2,+0.67,+0.07,7.4,3.0,+4.5,+1.48,+1.37,Matches
Max Thompson,eng ENG,FW,Burnley,19-004,2002,0,,,,,0,,0,0,,2,,,,,,,,,,,,Matches
Youri Tielemans,be BEL,MF,Leicester City,23-282,1997,23,"2,014",88,97.3,22.4,22,90,22,1,34,0,1.87,39,25,+14,+0.63,+0.63,31.8,26.2,+5.6,+0.25,-1.54,Matches
Kieran Tierney,sco SCO,DF,Arsenal,23-253,1997,17,"1,520",89,73.4,16.9,17,89,16,0,,0,1.35,21,18,+3,+0.18,+0.01,23.6,18.6,+5.0,+0.30,+0.59,Matches
James Tomkins,eng ENG,DF,Crystal Palace,31-321,1989,5,388,78,18.7,4.3,4,90,4,1,28,4,1.00,3,8,-5,-1.16,-0.79,2.1,4.1,-2.0,-0.47,+0.15,Matches
Fikayo Tomori,eng ENG,DF,Chelsea,23-056,1997,1,45,45,2.2,0.5,0,,0,1,45,4,0.00,0,2,-2,-4.00,-4.71,1.0,1.9,-0.9,-1.86,-2.54,Matches
Ferrán Torres,es ESP,FW,Manchester City,20-350,2000,13,717,55,36.2,8.0,8,75,1,5,24,8,2.08,15,6,+9,+1.13,-0.30,12.7,6.1,+6.6,+0.83,-0.58,Matches
Cenk Tosun,tr TUR,FW,Everton,29-251,1991,5,48,10,2.5,0.5,0,,0,5,10,6,0.80,1,3,-2,-3.75,-4.14,1.6,2.3,-0.7,-1.38,-1.39,Matches
Andros Townsend,eng ENG,MF,Crystal Palace,29-212,1991,21,"1,435",68,69.3,15.9,16,83,10,5,20,2,1.24,17,22,-5,-0.31,+0.68,13.7,21.3,-7.6,-0.47,+0.36,Matches
Conor Townsend,eng ENG,DF,West Brom,27-346,1993,10,884,88,42.7,9.8,10,88,9,0,,2,0.60,6,14,-8,-0.81,+1.31,7.6,14.8,-7.1,-0.73,+0.74,Matches
James Trafford,eng ENG,GK,Manchester City,18-126,2002,0,,,,,0,,0,0,,1,,,,,,,,,,,,Matches
Adama Traoré,es ESP,"FW,DF",Wolves,25-019,1996,22,"1,423",65,68.7,15.8,14,88,12,8,24,0,1.23,19,22,-3,-0.19,+0.51,19.3,18.1,+1.3,+0.08,+0.54,Matches
Bertrand Traoré,bf BFA,FW,Aston Villa,25-160,1995,19,"1,039",55,55.0,11.5,12,72,2,7,25,0,1.53,15,14,+1,+0.09,-1.08,17.2,14.3,+2.9,+0.26,-0.20,Matches
Trézéguet,eg EGY,FW,Aston Villa,26-135,1994,13,782,60,41.4,8.7,8,82,2,5,26,1,1.62,20,11,+9,+1.04,+0.79,14.9,11.0,+3.9,+0.45,+0.18,Matches
Leandro Trossard,be BEL,"FW,MF",Brighton,26-071,1994,20,"1,466",73,70.8,16.3,16,84,8,4,30,1,1.05,20,21,-1,-0.06,+0.53,21.9,15.9,+6.0,+0.37,+0.46,Matches
Kostas Tsimikas,gr GRE,DF,Liverpool,24-277,1996,1,6,6,0.3,0.1,0,,0,1,6,8,0.00,0,0,0,0.00,-0.65,0.0,0.0,0.0,0.00,-0.66,Matches
Axel Tuanzebe,eng ENG,DF,Manchester Utd,23-091,1997,6,134,22,6.5,1.5,1,82,0,5,10,9,1.83,3,4,-1,-0.67,-1.60,3.0,2.7,+0.3,+0.21,-0.25,Matches
Cengiz Ünder,tr TUR,"MF,FW",Leicester City,23-214,1997,8,241,30,11.6,2.7,1,61,0,7,26,10,0.88,4,4,0,0.00,-0.69,5.0,4.3,+0.7,+0.26,-0.03,Matches
Yan Valery,fr FRA,"DF,MF",Southampton,21-357,1999,3,103,34,5.2,1.1,1,90,1,2,7,6,1.00,1,4,-3,-2.62,-2.38,1.4,2.6,-1.2,-1.03,-0.76,Matches
Jamie Vardy,eng ENG,FW,Leicester City,34-033,1987,19,"1,507",79,72.8,16.7,16,89,11,3,29,0,2.05,32,19,+13,+0.78,+0.62,24.4,20.2,+4.2,+0.25,-0.15,Matches
Joël Veltman,nl NED,DF,Brighton,29-029,1992,17,"1,291",76,62.4,14.3,14,85,11,3,34,5,1.00,12,18,-6,-0.42,-0.53,17.4,16.8,+0.5,+0.04,-0.53,Matches
Michael Verrips,nl NED,GK,Sheffield Utd,24-072,1996,0,,,,,0,,0,0,,13,,,,,,,,,,,,Matches
Jannik Vestergaard,dk DEN,DF,Southampton,28-194,1992,14,"1,215",87,61.4,13.5,13,90,13,1,45,1,1.71,25,16,+9,+0.67,+2.67,15.0,14.9,+0.1,+0.01,+0.82,Matches
Rúben Vinagre,pt POR,DF,Wolves,21-310,1999,2,173,87,8.4,1.9,1,90,1,1,83,1,0.00,1,7,-6,-3.12,-3.03,1.5,3.5,-2.0,-1.03,-1.02,Matches
Carlos Vinícius,br BRA,FW,Tottenham,25-325,1995,6,162,27,8.2,1.8,1,90,1,5,14,8,1.67,1,1,0,0.00,-0.69,1.3,3.5,-2.2,-1.25,-1.50,Matches
João Virgínia,pt POR,GK,Everton,21-126,1999,0,,,,,0,,0,0,,5,,,,,,,,,,,,Matches
Vitinha,pt POR,MF,Wolves,21-000,2000,12,232,19,11.2,2.6,2,59,0,10,12,7,1.00,5,3,+2,+0.78,+1.27,4.3,2.9,+1.3,+0.51,+0.68,Matches
Jake Vokins,eng ENG,DF,Southampton,20-333,2000,1,66,66,3.3,0.7,1,66,0,0,,7,0.00,1,2,-1,-1.36,-1.03,0.9,1.5,-0.6,-0.76,-0.47,Matches
Matěj Vydra,cz CZE,FW,Burnley,28-288,1992,14,466,33,23.5,5.2,4,82,3,10,14,5,0.64,5,6,-1,-0.19,+0.64,4.9,6.6,-1.7,-0.33,+0.43,Matches
Theo Walcott,eng ENG,"MF,FW",Southampton,31-334,1989,15,"1,234",82,62.3,13.7,15,82,8,0,,0,1.33,18,19,-1,-0.07,+0.77,12.3,19.7,-7.4,-0.54,-0.61,Matches
Theo Walcott,eng ENG,FW,Everton,31-334,1989,1,13,13,0.7,0.1,0,,0,1,13,1,3.00,0,1,-1,-6.92,-7.26,0.0,0.6,-0.6,-4.04,-4.04,Matches
Kyle Walker,eng ENG,DF,Manchester City,30-261,1990,15,"1,200",80,60.6,13.3,14,85,12,1,16,3,1.93,21,11,+10,+0.75,-1.44,20.1,11.5,+8.6,+0.64,-1.40,Matches
Kyle Walker-Peters,eng ENG,DF,Southampton,23-306,1997,18,"1,619",90,81.8,18.0,18,90,17,0,,0,1.61,26,20,+6,+0.33,+3.82,17.3,21.7,-4.5,-0.25,+0.33,Matches
Christian Walton,eng ENG,GK,Brighton,25-096,1995,0,,,,,0,,0,0,,6,,,,,,,,,,,,Matches
Aaron Wan-Bissaka,eng ENG,DF,Manchester Utd,23-079,1997,21,"1,890",90,91.3,21.0,21,90,21,0,,1,2.10,46,25,+21,+1.00,+2.00,35.6,25.8,+9.8,+0.47,+0.24,Matches
Danny Ward,wal WAL,GK,Leicester City,27-236,1993,0,,,,,0,,0,0,,23,,,,,,,,,,,,Matches
Joel Ward,eng ENG,DF,Crystal Palace,31-107,1989,12,996,83,48.1,11.1,11,90,11,1,6,6,1.25,11,19,-8,-0.72,-0.39,7.6,16.2,-8.6,-0.78,-0.38,Matches
James Ward-Prowse,eng ENG,MF,Southampton,26-104,1994,22,"1,980",90,100.0,22.0,22,90,22,0,,0,1.32,29,37,-8,-0.36,,22.2,29.0,-6.8,-0.31,,Matches
Ollie Watkins,eng ENG,FW,Aston Villa,25-045,1995,21,"1,890",90,100.0,21.0,21,90,21,0,,0,1.67,36,24,+12,+0.57,,34.3,27.1,+7.2,+0.34,,Matches
Caleb Watts,au AUS,"MF,FW",Southampton,19-028,2002,1,17,17,0.9,0.2,0,,0,1,17,4,0.00,0,0,0,0.00,+0.37,0.3,0.1,+0.3,+1.44,+1.77,Matches
Adam Webster,eng ENG,DF,Brighton,26-040,1995,22,"1,964",89,94.9,21.8,22,89,21,0,,1,1.14,25,27,-2,-0.09,+2.46,29.6,23.6,+6.1,+0.28,+0.85,Matches
Jensen Weir,sco SCO,MF,Brighton,19-043,2002,0,,,,,0,,0,0,,2,,,,,,,,,,,,Matches
Danny Welbeck,eng ENG,FW,Brighton,30-079,1990,10,650,65,31.4,7.2,7,83,3,3,24,2,0.90,7,9,-2,-0.28,-0.09,11.1,7.8,+3.3,+0.46,+0.32,Matches
Timo Werner,de GER,FW,Chelsea,24-344,1996,22,"1,650",75,79.7,18.3,19,84,12,3,19,1,1.73,36,19,+17,+0.93,+1.57,30.1,17.3,+12.8,+0.70,+0.36,Matches
Ashley Westwood,eng ENG,MF,Burnley,30-318,1990,22,"1,970",90,99.5,21.9,22,90,21,0,,0,1.05,14,29,-15,-0.69,-0.69,18.8,33.1,-14.3,-0.65,0.00,Matches
Ben White,eng ENG,"DF,MF",Brighton,23-128,1997,22,"1,939",88,93.7,21.5,22,88,19,0,,1,1.14,24,29,-5,-0.23,-0.23,27.9,23.7,+4.3,+0.20,-0.58,Matches
Georginio Wijnaldum,nl NED,MF,Liverpool,30-094,1990,23,"1,863",81,90.0,20.7,21,88,18,2,12,0,1.74,40,27,+13,+0.63,-0.24,39.4,26.1,+13.3,+0.64,-0.19,Matches
Brandon Williams,eng ENG,DF,Manchester Utd,20-163,2000,1,7,7,0.3,0.1,0,,0,1,7,5,3.00,1,0,+1,+12.86,+12.07,0.3,0.0,+0.3,+3.66,+3.23,Matches
Neco Williams,wal WAL,DF,Liverpool,19-306,2001,4,173,43,8.4,1.9,2,56,0,2,31,14,2.00,5,0,+5,+2.60,+2.13,4.5,2.3,+2.2,+1.13,+0.51,Matches
Rhys Williams,eng ENG,DF,Liverpool,20-010,2001,2,121,61,5.8,1.3,1,90,1,1,31,9,2.00,2,2,0,0.00,-0.69,1.7,1.8,0.0,-0.02,-0.73,Matches
Willian,br BRA,"FW,MF",Arsenal,32-188,1988,17,995,59,48.1,11.1,12,74,3,5,23,3,1.35,10,13,-3,-0.27,-0.86,14.5,13.2,+1.3,+0.12,-0.04,Matches
Joe Willock,eng ENG,MF,Arsenal,21-177,1999,7,238,34,11.5,2.6,2,73,1,5,18,10,1.57,1,3,-2,-0.76,-1.05,2.7,5.5,-2.8,-1.06,-1.35,Matches
Joe Willock,eng ENG,MF,Newcastle Utd,21-177,1999,1,90,90,4.3,1.0,1,90,1,0,,0,3.00,3,2,+1,+1.00,+1.64,0.8,1.4,-0.6,-0.60,-0.17,Matches
Callum Wilson,eng ENG,FW,Newcastle Utd,28-352,1992,21,"1,812",86,87.5,20.1,21,86,17,0,,1,1.19,23,31,-8,-0.40,+1.35,20.8,27.3,-6.6,-0.33,+0.86,Matches
Harry Winks,eng ENG,MF,Tottenham,25-011,1996,9,568,63,28.7,6.3,6,80,3,3,30,6,1.11,12,11,+1,+0.16,-0.67,11.6,7.1,+4.5,+0.71,+0.82,Matches
Chris Wood,nz NZL,FW,Burnley,29-068,1991,20,"1,679",84,84.8,18.7,20,84,13,0,,0,1.10,12,24,-12,-0.64,+0.25,15.3,27.8,-12.4,-0.67,-0.07,Matches
Sam Woods,eng ENG,DF,Crystal Palace,22-155,1998,0,,,,,0,,0,0,,1,,,,,,,,,,,,Matches
Granit Xhaka,ch SUI,MF,Arsenal,28-139,1992,19,"1,536",81,74.2,17.1,18,85,13,1,10,2,1.42,22,15,+7,+0.41,+0.92,24.8,21.9,+2.9,+0.17,+0.13,Matches
Andriy Yarmolenko,ua UKR,"FW,MF",West Ham,31-113,1989,14,357,26,17.2,4.0,1,71,0,13,22,5,1.29,8,7,+1,+0.25,-0.01,5.1,6.3,-1.2,-0.30,-0.57,Matches
DeAndre Yedlin,us USA,DF,Newcastle Utd,27-219,1993,6,436,73,21.1,4.8,5,86,3,1,5,3,0.83,1,6,-5,-1.03,-0.59,2.6,5.9,-3.3,-0.68,-0.31,Matches
Okay Yokuşlu,tr TUR,MF,West Brom,26-341,1994,1,13,13,0.6,0.1,0,,0,1,13,0,0.00,0,0,0,0.00,+1.58,0.0,0.0,0.0,+0.32,+1.49,Matches
Wilfried Zaha,ci CIV,FW,Crystal Palace,28-095,1992,19,"1,667",88,80.5,18.5,19,88,17,0,,0,1.53,26,30,-4,-0.22,+1.57,16.3,26.0,-9.6,-0.52,+0.33,Matches
Andre-Frank Zambo Anguissa,cm CMR,MF,Fulham,25-089,1995,22,"1,685",77,85.1,18.7,19,86,15,3,19,0,0.68,15,24,-9,-0.48,+1.04,20.1,26.9,-6.8,-0.36,-0.19,Matches
Andi Zeqiri,ch SUI,"FW,DF",Brighton,21-236,1999,3,68,23,3.3,0.8,0,,0,3,23,8,1.67,2,0,+2,+2.65,+2.96,3.1,1.0,+2.1,+2.78,+2.63,Matches
Karlo Ziger,hr CRO,GK,Chelsea,19-278,2001,0,,,,,0,,0,0,,1,,,,,,,,,,,,Matches
Oleksandr Zinchenko,ua UKR,DF,Manchester City,24-060,1996,9,643,71,32.5,7.1,6,90,6,3,34,5,2.78,20,2,+18,+2.52,+1.78,16.3,3.9,+12.4,+1.74,+0.80,Matches
Hakim Ziyech,ma MAR,"FW,MF",Chelsea,27-331,1993,11,630,57,30.4,7.0,8,72,1,3,18,2,1.73,10,6,+4,+0.57,-0.05,10.0,6.4,+3.6,+0.51,-0.17,Matches
Kurt Zouma,fr FRA,DF,Chelsea,26-109,1994,15,"1,350",90,65.2,15.0,15,90,15,0,,5,1.60,28,17,+11,+0.73,+0.36,24.6,16.9,+7.7,+0.51,-0.31,Matches
Martin Ødegaard,no NOR,"MF,DF",Arsenal,22-058,1998,2,34,17,1.6,0.4,0,,0,2,17,1,0.50,0,0,0,0.00,-0.18,0.5,0.5,-0.1,-0.16,-0.30,Matches
