player,nationality,position,squad,age,birth_year,minutes_90s,passes_completed,passes,passes_pct,passes_total_distance,passes_progressive_distance,passes_completed_short,passes_short,passes_pct_short,passes_completed_medium,passes_medium,passes_pct_medium,passes_completed_long,passes_long,passes_pct_long,assists,xa,xa_net,assisted_shots,passes_into_final_third,passes_into_penalty_area,crosses_into_penalty_area,progressive_passes,matches
Patrick van Aanholt,nl NED,DF,Crystal Palace,30-173,1990,12.7,613,769,79.7,10184,4722,322,366,88.0,224,276,81.2,55,103,53.4,1,0.8,+0.2,11,47,21,4,79,Matches
Tammy Abraham,eng ENG,FW,Chelsea,23-139,1997,10.8,142,205,69.3,1972,327,87,111,78.4,37,59,62.7,9,15,60.0,1,0.9,+0.1,8,12,2,0,11,Matches
Che Adams,eng ENG,FW,Southampton,24-220,1996,19.3,289,417,69.3,4747,1079,148,197,75.1,94,122,77.0,32,45,71.1,4,4.3,-0.3,22,20,12,0,38,Matches
Tosin Adarabioyo,eng ENG,DF,Fulham,23-147,1997,20.0,881,1022,86.2,20990,7121,162,180,90.0,497,534,93.1,215,295,72.9,0,0.1,-0.1,3,41,2,0,39,Matches
Adrián,es ESP,GK,Liverpool,34-046,1987,2.0,43,62,69.4,1147,723,12,12,100.0,18,19,94.7,11,29,37.9,0,0.0,0.0,0,0,0,0,0,Matches
Sergio Agüero,ar ARG,FW,Manchester City,32-261,1988,1.6,33,42,78.6,386,58,19,23,82.6,5,6,83.3,2,2,100.0,0,0.6,-0.6,3,2,1,0,1,Matches
Ola Aina,ng NGA,DF,Fulham,24-133,1996,19.7,896,1152,77.8,17363,7116,360,394,91.4,399,474,84.2,126,249,50.6,1,1.2,-0.2,10,75,11,6,74,Matches
Rayan Aït Nouri,fr FRA,DF,Wolves,19-257,2001,7.7,299,357,83.8,4713,1365,158,171,92.4,122,142,85.9,15,27,55.6,1,0.7,+0.3,6,13,6,3,18,Matches
Semi Ajayi,ng NGA,DF,West Brom,27-101,1993,23.0,568,781,72.7,12345,5271,164,192,85.4,297,368,80.7,106,211,50.2,0,0.1,-0.1,2,51,3,0,49,Matches
Nathan Aké,nl NED,DF,Manchester City,26-000,1995,5.2,429,461,93.1,7845,2158,177,185,95.7,214,226,94.7,36,44,81.8,0,0.0,0.0,1,36,0,0,23,Matches
Marc Albrighton,eng ENG,"FW,DF",Leicester City,31-092,1989,12.4,359,533,67.4,6194,2542,186,226,82.3,123,157,78.3,38,100,38.0,2,2.6,-0.6,18,33,25,11,52,Matches
Thiago Alcántara,es ESP,MF,Liverpool,29-313,1991,9.1,705,792,89.0,14933,3675,243,267,91.0,315,334,94.3,137,172,79.7,0,0.8,-0.8,12,90,11,1,87,Matches
Toby Alderweireld,be BEL,DF,Tottenham,31-353,1989,13.9,541,670,80.7,12608,3626,135,149,90.6,276,300,92.0,128,211,60.7,0,0.2,-0.2,3,45,4,1,31,Matches
Rúnar Alex Rúnarsson,is ISL,GK,Arsenal,26-000,1995,0.2,7,11,63.6,126,51,2,2,100.0,5,5,100.0,0,4,0.0,0,0.0,0.0,0,0,0,0,0,Matches
Trent Alexander-Arnold,eng ENG,DF,Liverpool,22-134,1998,20.5,1396,1831,76.2,30177,11830,488,552,88.4,625,748,83.6,269,477,56.4,3,3.1,-0.1,30,144,61,13,178,Matches
Ezgjan Alioski,mk MKD,"DF,MF",Leeds United,29-006,1992,15.6,837,1015,82.5,13526,4386,437,484,90.3,338,388,87.1,52,102,51.0,0,1.5,-1.5,15,62,17,7,63,Matches
Alisson,br BRA,GK,Liverpool,28-139,1992,20.0,571,670,85.2,15078,7844,90,90,100.0,308,314,98.1,171,263,65.0,0,0.0,0.0,0,4,0,0,0,Matches
Allan,br BRA,MF,Everton,30-041,1991,11.4,467,538,86.8,8789,1888,197,215,91.6,187,209,89.5,71,93,76.3,0,0.3,-0.3,7,40,7,0,26,Matches
Dele Alli,eng ENG,MF,Tottenham,24-313,1996,1.2,45,57,78.9,731,145,21,24,87.5,19,23,82.6,4,4,100.0,0,0.0,0.0,0,4,1,0,3,Matches
Miguel Almirón,py PAR,"MF,FW",Newcastle Utd,27-008,1994,16.2,451,559,80.7,7750,1770,230,259,88.8,162,192,84.4,46,73,63.0,1,1.9,-0.9,20,35,19,7,40,Matches
Marcos Alonso,es ESP,DF,Chelsea,30-052,1990,5.8,303,363,83.5,5072,1885,156,172,90.7,121,137,88.3,23,40,57.5,0,0.4,-0.4,5,11,4,0,30,Matches
Steven Alzate,co COL,"MF,DF",Brighton,22-163,1998,7.5,280,319,87.8,5052,972,130,146,89.0,111,118,94.1,37,45,82.2,0,0.4,-0.4,8,21,5,0,24,Matches
Daniel Amartey,gh GHA,DF,Leicester City,26-059,1994,4.1,179,215,83.3,3276,946,65,69,94.2,92,108,85.2,19,29,65.5,0,0.0,0.0,0,8,0,0,11,Matches
Ethan Ampadu,wal WAL,"DF,MF",Sheffield Utd,20-157,2000,15.8,584,737,79.2,11527,3699,215,255,84.3,284,328,86.6,78,131,59.5,0,0.8,-0.8,8,56,13,1,63,Matches
Joachim Andersen,dk DEN,DF,Fulham,24-263,1996,17.7,815,986,82.7,19636,5667,158,180,87.8,465,506,91.9,187,287,65.2,1,0.3,+0.7,4,60,4,0,57,Matches
Elliot Anderson,sco SCO,MF,Newcastle Utd,18-104,2002,0.0,1,1,100.0,10,0,1,1,100.0,0,0,,0,0,,0,0.0,0.0,0,0,0,0,0,Matches
Felipe Anderson,br BRA,"FW,MF",West Ham,27-309,1993,0.0,4,6,66.7,61,28,2,2,100.0,2,4,50.0,0,0,,0,0.0,0.0,0,0,0,0,2,Matches
Michail Antonio,eng ENG,FW,West Ham,30-327,1990,11.9,152,244,62.3,2410,377,83,123,67.5,44,72,61.1,15,25,60.0,3,1.3,+1.7,12,12,3,0,10,Matches
Alphonse Areola,fr FRA,GK,Fulham,27-357,1993,23.0,437,610,71.6,12497,7927,119,119,100.0,149,150,99.3,160,332,48.2,0,0.0,0.0,0,4,0,0,0,Matches
Stuart Armstrong,sco SCO,MF,Southampton,28-325,1992,17.2,522,665,78.5,8020,2375,298,351,84.9,180,214,84.1,33,50,66.0,3,1.5,+1.5,19,45,19,5,56,Matches
Kepa Arrizabalaga,es ESP,GK,Chelsea,26-138,1994,4.0,106,138,76.8,3073,1637,24,25,96.0,43,43,100.0,39,70,55.7,0,0.0,0.0,0,1,0,0,0,Matches
Pierre-Emerick Aubameyang,ga GAB,FW,Arsenal,31-245,1989,18.5,385,512,75.2,5926,1213,213,259,82.2,134,176,76.1,24,43,55.8,1,1.6,-0.6,16,14,24,9,42,Matches
Serge Aurier,ci CIV,DF,Tottenham,28-056,1992,11.9,444,578,76.8,7235,3021,228,258,88.4,174,234,74.4,32,59,54.2,1,1.3,-0.3,7,13,16,6,40,Matches
Charlie Austin,eng ENG,FW,West Brom,31-228,1989,1.5,24,33,72.7,363,124,11,13,84.6,12,16,75.0,1,2,50.0,0,0.0,0.0,0,0,0,0,4,Matches
Jordan Ayew,gh GHA,"FW,MF",Crystal Palace,29-160,1991,13.6,300,368,81.5,4155,764,194,219,88.6,82,102,80.4,12,19,63.2,2,0.5,+1.5,9,10,10,0,28,Matches
Luke Ayling,eng ENG,DF,Leeds United,29-177,1991,22.8,1397,1748,79.9,28767,11091,474,538,88.1,695,794,87.5,219,371,59.0,0,1.9,-1.9,19,126,23,8,146,Matches
César Azpilicueta,es ESP,DF,Chelsea,31-174,1989,12.6,916,1067,85.8,16456,5832,356,383,93.0,478,529,90.4,70,123,56.9,1,0.6,+0.4,12,77,12,3,60,Matches
Eric Bailly,ci CIV,DF,Manchester Utd,26-312,1994,6.1,288,321,89.7,5887,1953,89,96,92.7,159,171,93.0,39,52,75.0,0,0.0,0.0,0,22,0,0,18,Matches
Fabián Balbuena,py PAR,DF,West Ham,29-179,1991,12.0,319,420,76.0,7819,3040,62,71,87.3,173,198,87.4,80,142,56.3,0,0.0,0.0,0,29,0,0,27,Matches
George Baldock,eng ENG,DF,Sheffield Utd,27-346,1993,18.5,538,706,76.2,8164,2814,322,354,91.0,175,232,75.4,28,72,38.9,1,1.3,-0.3,12,26,21,6,38,Matches
Gareth Bale,wal WAL,FW,Tottenham,31-217,1989,2.8,55,97,56.7,1081,365,28,38,73.7,12,21,57.1,12,28,42.9,0,0.3,-0.3,4,5,1,0,5,Matches
Patrick Bamford,eng ENG,FW,Leeds United,27-166,1993,21.8,249,321,77.6,3427,478,141,183,77.0,71,85,83.5,16,16,100.0,5,2.6,+2.4,16,12,8,2,14,Matches
Phil Bardsley,sco SCO,DF,Burnley,35-235,1985,3.0,116,165,70.3,2256,949,47,49,95.9,51,67,76.1,16,40,40.0,0,0.0,0.0,0,9,6,1,11,Matches
Ross Barkley,eng ENG,MF,Aston Villa,27-075,1993,11.0,351,435,80.7,6416,1576,174,203,85.7,119,139,85.6,53,76,69.7,1,2.7,-1.7,27,31,15,0,44,Matches
Ross Barkley,eng ENG,MF,Chelsea,27-075,1993,0.5,22,26,84.6,441,72,10,13,76.9,8,9,88.9,4,4,100.0,0,0.1,-0.1,1,2,1,0,2,Matches
Ashley Barnes,eng ENG,FW,Burnley,31-111,1989,14.4,186,290,64.1,2432,542,123,162,75.9,43,70,61.4,7,28,25.0,0,0.7,-0.7,13,13,7,1,19,Matches
Harvey Barnes,eng ENG,"FW,MF",Leicester City,23-071,1997,20.1,433,584,74.1,6642,1668,250,315,79.4,144,184,78.3,29,45,64.4,3,1.3,+1.7,21,34,18,2,58,Matches
Kyle Bartley,eng ENG,DF,West Brom,29-272,1991,14.8,351,448,78.3,7293,2245,107,119,89.9,184,221,83.3,57,101,56.4,1,0.0,+1.0,1,25,2,1,14,Matches
Chris Basham,eng ENG,"DF,MF",Sheffield Utd,32-213,1988,22.1,707,880,80.3,12491,3671,325,364,89.3,298,357,83.5,74,126,58.7,1,0.7,+0.3,8,44,12,5,54,Matches
Michy Batshuayi,be BEL,FW,Crystal Palace,27-139,1993,7.8,111,154,72.1,1566,319,61,77,79.2,37,50,74.0,6,8,75.0,1,1.4,-0.4,7,6,3,1,9,Matches
Jan Bednarek,pl POL,DF,Southampton,24-312,1996,21.9,1195,1404,85.1,23115,7687,428,460,93.0,627,687,91.3,129,236,54.7,1,0.2,+0.8,3,63,4,0,64,Matches
Donny van de Beek,nl NED,"MF,FW",Manchester Utd,23-306,1997,3.6,144,171,84.2,2074,393,85,97,87.6,53,57,93.0,3,5,60.0,0,0.1,-0.1,2,7,1,1,5,Matches
Héctor Bellerín,es ESP,DF,Arsenal,25-336,1995,20.2,946,1141,82.9,15839,4551,442,506,87.4,431,503,85.7,55,86,64.0,2,2.3,-0.3,21,49,26,8,74,Matches
Saïd Benrahma,dz ALG,"MF,FW",West Ham,25-192,1995,9.5,240,306,78.4,3832,1025,134,147,91.2,81,99,81.8,17,41,41.5,4,1.8,+2.2,15,25,10,3,29,Matches
Josh Benson,eng ENG,MF,Burnley,21-075,1999,2.9,62,85,72.9,865,322,38,42,90.5,17,24,70.8,4,12,33.3,0,0.0,0.0,0,4,0,0,7,Matches
Christian Benteke,be BEL,FW,Crystal Palace,30-077,1990,8.9,160,244,65.6,2141,518,95,141,67.4,43,69,62.3,8,13,61.5,1,0.8,+0.2,9,11,9,1,18,Matches
Jóhann Berg Guðmundsson,is ISL,MF,Burnley,30-114,1990,8.3,190,251,75.7,3080,774,107,123,87.0,55,73,75.3,21,43,48.8,0,0.2,-0.2,4,12,4,2,21,Matches
Sander Berge,no NOR,MF,Sheffield Utd,23-004,1998,11.3,349,426,81.9,6398,1336,149,179,83.2,151,171,88.3,43,60,71.7,1,1.2,-0.2,12,32,4,2,29,Matches
Steven Bergwijn,nl NED,"FW,MF",Tottenham,23-133,1997,11.3,281,345,81.4,3855,730,172,190,90.5,85,105,81.0,7,25,28.0,2,1.0,+1.0,10,18,6,0,14,Matches
Bernard,br BRA,"FW,MF",Everton,28-163,1992,3.3,139,175,79.4,2238,552,68,78,87.2,59,73,80.8,8,13,61.5,0,0.6,-0.6,7,12,8,2,14,Matches
Bernardo,br BRA,"DF,MF",Brighton,25-280,1995,2.3,62,87,71.3,1042,288,32,38,84.2,24,34,70.6,5,6,83.3,0,0.2,-0.2,2,3,2,1,6,Matches
Ryan Bertrand,eng ENG,DF,Southampton,31-197,1989,20.9,898,1170,76.8,14790,5584,459,519,88.4,355,440,80.7,62,148,41.9,1,0.6,+0.4,8,48,19,4,73,Matches
Yves Bissouma,ml MLI,MF,Brighton,24-172,1996,20.6,864,998,86.6,17764,3314,298,340,87.6,399,437,91.3,152,195,77.9,0,0.3,-0.3,7,81,15,2,77,Matches
Jayden Bogle,eng ENG,DF,Sheffield Utd,20-206,2000,7.8,210,268,78.4,3348,1310,121,138,87.7,64,80,80.0,18,33,54.5,0,0.2,-0.2,4,13,7,1,19,Matches
Willy Boly,ci CIV,DF,Wolves,30-015,1991,16.0,620,748,82.9,12418,4211,196,222,88.3,323,358,90.2,94,152,61.8,1,0.4,+0.6,2,40,1,0,33,Matches
Jarrod Bowen,eng ENG,"FW,MF",West Ham,24-060,1996,19.6,361,539,67.0,7404,1612,147,199,73.9,141,180,78.3,68,134,50.7,3,1.9,+1.1,19,17,16,5,30,Matches
Robbie Brady,ie IRL,MF,Burnley,29-035,1992,11.2,258,379,68.1,4555,1593,130,158,82.3,85,121,70.2,33,76,43.4,1,0.9,+0.1,7,23,6,4,31,Matches
Rhian Brewster,eng ENG,FW,Sheffield Utd,20-323,2000,8.2,112,151,74.2,1796,408,66,79,83.5,31,38,81.6,12,23,52.2,0,1.1,-1.1,4,8,2,0,10,Matches
Josh Brownhill,eng ENG,MF,Burnley,25-061,1995,17.8,569,705,80.7,9117,1844,292,333,87.7,201,246,81.7,49,82,59.8,0,0.6,-0.6,10,37,5,0,26,Matches
Joe Bryan,eng ENG,"DF,FW",Fulham,27-154,1993,5.0,187,272,68.8,3414,1618,94,112,83.9,67,84,79.8,25,63,39.7,0,0.2,-0.2,3,13,3,2,17,Matches
Kean Bryan,eng ENG,DF,Sheffield Utd,24-109,1996,3.3,78,116,67.2,1434,728,35,40,87.5,30,41,73.2,11,31,35.5,0,0.0,0.0,1,3,1,0,3,Matches
Oliver Burke,sco SCO,FW,Sheffield Utd,23-317,1997,10.0,121,172,70.3,1604,185,72,92,78.3,33,44,75.0,4,7,57.1,1,1.7,-0.7,12,4,5,1,6,Matches
Dan Burn,eng ENG,DF,Brighton,28-285,1992,13.4,548,729,75.2,9800,3010,225,284,79.2,277,330,83.9,42,94,44.7,0,0.2,-0.2,3,37,6,2,46,Matches
David Button,eng ENG,GK,West Brom,31-357,1989,1.0,16,37,43.2,687,484,2,2,100.0,2,2,100.0,12,33,36.4,0,0.0,0.0,0,0,0,0,0,Matches
Oskar Buur,dk DEN,DF,Wolves,22-324,1998,0.2,14,15,93.3,201,47,9,9,100.0,5,5,100.0,0,1,0.0,0,0.0,0.0,0,0,0,0,0,Matches
Willy Caballero,ar ARG,GK,Chelsea,39-143,1981,1.0,24,26,92.3,496,302,8,8,100.0,13,13,100.0,3,5,60.0,0,0.0,0.0,0,0,0,0,0,Matches
Gary Cahill,eng ENG,DF,Crystal Palace,35-061,1985,9.0,296,346,85.5,6436,2219,89,105,84.8,157,169,92.9,48,68,70.6,0,0.4,-0.4,3,22,1,0,18,Matches
Tom Cairney,sco SCO,MF,Fulham,30-029,1991,8.4,551,621,88.7,11165,2009,214,227,94.3,227,247,91.9,100,128,78.1,1,1.4,-0.4,20,61,10,5,32,Matches
Dominic Calvert-Lewin,eng ENG,FW,Everton,23-339,1997,19.6,301,420,71.7,4578,629,168,213,78.9,92,134,68.7,27,34,79.4,0,0.9,-0.9,11,19,5,0,18,Matches
João Cancelo,pt POR,DF,Manchester City,26-267,1994,17.9,1297,1504,86.2,22999,6601,633,686,92.3,506,573,88.3,143,200,71.5,2,3.4,-1.4,34,113,53,7,129,Matches
Ian Carlo Poveda,eng ENG,"MF,DF",Leeds United,21-009,2000,2.8,61,88,69.3,956,384,32,41,78.0,21,28,75.0,6,12,50.0,0,0.4,-0.4,2,6,7,1,16,Matches
Andy Carroll,eng ENG,FW,Newcastle Utd,32-043,1989,4.2,83,131,63.4,1278,378,50,70,71.4,24,42,57.1,6,12,50.0,0,0.1,-0.1,2,9,3,0,10,Matches
Matty Cash,eng ENG,DF,Aston Villa,23-195,1997,20.2,735,984,74.7,14067,4991,315,354,89.0,303,385,78.7,106,217,48.8,2,1.7,+0.3,18,56,17,13,42,Matches
Kiko Casilla,es ESP,GK,Leeds United,34-139,1986,1.0,32,33,97.0,813,519,12,12,100.0,10,10,100.0,10,11,90.9,0,0.0,0.0,0,0,0,0,0,Matches
Timothy Castagne,be BEL,DF,Leicester City,25-075,1995,12.1,527,656,80.3,8357,3130,275,310,88.7,218,264,82.6,30,63,47.6,2,0.7,+1.3,10,31,13,2,40,Matches
Jonny Castro,es ESP,DF,Wolves,26-352,1994,1.3,59,76,77.6,814,235,38,43,88.4,13,15,86.7,5,7,71.4,0,0.0,0.0,1,1,0,0,3,Matches
Ivan Cavaleiro,pt POR,"FW,MF",Fulham,27-123,1993,16.4,371,508,73.0,5975,1319,204,247,82.6,123,155,79.4,33,69,47.8,0,1.7,-1.7,25,12,15,3,31,Matches
Edinson Cavani,uy URU,FW,Manchester Utd,34-004,1987,9.5,169,217,77.9,2912,421,83,101,82.2,59,74,79.7,21,23,91.3,2,1.6,+0.4,8,8,9,1,13,Matches
Dani Ceballos,es ESP,MF,Arsenal,24-195,1996,12.3,746,867,86.0,14870,3652,270,301,89.7,345,379,91.0,123,162,75.9,2,2.2,-0.2,18,96,16,2,84,Matches
Ben Chilwell,eng ENG,DF,Chelsea,24-059,1996,16.5,1011,1281,78.9,17455,5808,490,537,91.2,398,486,81.9,96,194,49.5,4,1.1,+2.9,16,71,17,6,96,Matches
Hamza Choudhury,eng ENG,MF,Leicester City,23-140,1997,2.5,154,187,82.4,3014,552,59,73,80.8,71,82,86.6,22,28,78.6,0,0.0,0.0,0,13,0,0,8,Matches
Andreas Christensen,dk DEN,DF,Chelsea,24-314,1996,7.1,483,523,92.4,10491,2722,134,146,91.8,264,280,94.3,82,94,87.2,0,0.0,0.0,0,16,0,0,25,Matches
Ciaran Clark,ie IRL,DF,Newcastle Utd,31-145,1989,12.4,391,474,82.5,7892,2767,138,159,86.8,182,205,88.8,65,97,67.0,0,0.1,-0.1,2,28,2,0,27,Matches
Nathaniel Clyne,eng ENG,DF,Crystal Palace,29-319,1991,12.7,437,569,76.8,6900,2750,235,257,91.4,164,206,79.6,29,75,38.7,1,0.4,+0.6,4,19,13,6,25,Matches
Conor Coady,eng ENG,DF,Wolves,27-359,1993,22.7,985,1126,87.5,25017,9054,179,188,95.2,520,547,95.1,280,378,74.1,0,0.1,-0.1,2,42,0,0,37,Matches
Séamus Coleman,ie IRL,DF,Everton,32-130,1988,8.8,381,458,83.2,6669,2550,182,201,90.5,160,180,88.9,36,66,54.5,1,0.8,+0.2,6,16,5,1,21,Matches
Aaron Connolly,ie IRL,FW,Brighton,21-021,2000,7.4,68,88,77.3,1003,154,38,47,80.9,23,27,85.2,4,5,80.0,1,0.2,+0.8,4,2,1,0,3,Matches
Liam Cooper,sco SCO,DF,Leeds United,29-172,1991,16.8,1030,1161,88.7,24088,6693,205,217,94.5,601,631,95.2,221,306,72.2,0,0.0,0.0,0,54,2,0,47,Matches
Jack Cork,eng ENG,MF,Burnley,31-238,1989,5.3,121,155,78.1,1849,451,63,73,86.3,45,50,90.0,8,17,47.1,0,0.0,0.0,1,9,1,0,12,Matches
Hélder Costa,pt POR,MF,Leeds United,27-037,1994,8.2,181,241,75.1,2494,627,112,126,88.9,56,74,75.7,5,17,29.4,2,0.8,+1.2,8,5,10,4,11,Matches
Vladimír Coufal,cz CZE,DF,West Ham,28-180,1992,19.9,701,979,71.6,12348,6159,317,366,86.6,299,397,75.3,73,166,44.0,3,2.4,+0.6,26,55,26,14,79,Matches
Aaron Cresswell,eng ENG,DF,West Ham,31-065,1989,24.0,1069,1429,74.8,21565,10365,441,500,88.2,439,516,85.1,175,360,48.6,6,3.8,+2.2,37,104,16,11,90,Matches
Patrick Cutrone,it ITA,"FW,MF",Wolves,23-046,1998,0.3,4,5,80.0,67,2,2,3,66.7,2,2,100.0,0,0,,0,0.0,0.0,0,0,0,0,0,Matches
Stuart Dallas,nir NIR,"DF,MF",Leeds United,29-305,1991,22.9,1221,1485,82.2,20744,6827,633,701,90.3,471,563,83.7,105,176,59.7,2,1.2,+0.8,16,90,26,7,117,Matches
Scott Dann,eng ENG,DF,Crystal Palace,34-004,1987,12.0,455,530,85.8,9328,4256,151,166,91.0,238,254,93.7,64,103,62.1,0,0.0,0.0,1,20,0,0,26,Matches
Karl Darlow,eng ENG,GK,Newcastle Utd,30-133,1990,24.0,353,697,50.6,15140,11179,23,23,100.0,107,111,96.4,223,563,39.6,0,0.0,0.0,1,8,0,0,0,Matches
Ben Davies,wal WAL,DF,Tottenham,27-300,1993,13.6,569,729,78.1,10129,3843,248,276,89.9,263,311,84.6,49,117,41.9,1,0.6,+0.4,7,38,9,4,39,Matches
Tom Davies,eng ENG,"MF,DF",Everton,22-233,1998,8.7,328,397,82.6,6229,1548,132,149,88.6,151,173,87.3,41,60,68.3,0,0.5,-0.5,3,21,7,2,26,Matches
Keinan Davis,eng ENG,FW,Aston Villa,23-005,1998,0.6,18,24,75.0,235,56,11,12,91.7,6,10,60.0,0,0,,0,0.0,0.0,1,0,2,0,2,Matches
Leif Davis,eng ENG,DF,Leeds United,21-037,2000,0.4,17,20,85.0,381,158,5,5,100.0,10,11,90.9,2,4,50.0,0,0.0,0.0,0,0,1,0,1,Matches
Craig Dawson,eng ENG,DF,West Ham,30-288,1990,9.0,232,295,78.6,5455,1520,48,51,94.1,125,139,89.9,58,103,56.3,0,0.0,0.0,1,19,0,0,15,Matches
Kevin De Bruyne,be BEL,MF,Manchester City,29-235,1991,15.7,725,962,75.4,14129,4313,314,372,84.4,279,341,81.8,117,196,59.7,10,6.9,+3.1,54,82,56,6,120,Matches
Liam Delap,eng ENG,FW,Manchester City,18-010,2003,0.4,5,7,71.4,45,0,4,6,66.7,0,0,,0,0,,0,0.0,0.0,0,0,0,0,0,Matches
Fabian Delph,eng ENG,"MF,DF",Everton,31-089,1989,2.4,174,197,88.3,3031,830,81,87,93.1,75,80,93.8,16,26,61.5,0,0.0,0.0,1,14,1,0,15,Matches
Leander Dendoncker,be BEL,"MF,DF",Wolves,25-309,1995,16.7,590,679,86.9,10726,2269,247,277,89.2,250,283,88.3,76,89,85.4,0,0.6,-0.6,15,40,5,2,38,Matches
Mbaye Diagne,sn SEN,FW,West Brom,29-113,1991,3.2,32,42,76.2,536,89,17,19,89.5,11,17,64.7,3,4,75.0,1,0.2,+0.8,2,4,1,1,3,Matches
Ibrahima Diallo,fr FRA,MF,Southampton,21-347,1999,4.9,210,254,82.7,3670,741,95,108,88.0,95,106,89.6,16,35,45.7,0,0.1,-0.1,3,7,1,0,12,Matches
Grady Diangana,eng ENG,"MF,FW",West Brom,22-305,1998,11.9,223,302,73.8,3062,762,129,160,80.6,81,99,81.8,5,21,23.8,0,0.1,-0.1,4,14,6,0,23,Matches
Raphael Dias Belloli,br BRA,MF,Leeds United,24-066,1996,15.0,435,630,69.0,8103,3104,191,223,85.7,173,228,75.9,60,133,45.1,5,3.4,+1.6,31,47,29,6,92,Matches
Rúben Dias,pt POR,DF,Manchester City,23-280,1997,20.8,1647,1767,93.2,35506,9503,414,439,94.3,937,975,96.1,286,336,85.1,0,0.1,-0.1,2,111,4,1,78,Matches
Eric Dier,eng ENG,DF,Tottenham,27-034,1994,20.0,950,1131,84.0,22085,7131,246,274,89.8,485,521,93.1,213,318,67.0,0,0.0,0.0,1,49,5,0,42,Matches
Lucas Digne,fr FRA,"DF,MF",Everton,27-213,1993,14.8,652,888,73.4,11915,4498,297,344,86.3,262,331,79.2,77,160,48.1,6,2.5,+3.5,19,41,17,12,59,Matches
Virgil van Dijk,nl NED,DF,Liverpool,29-225,1991,4.1,295,327,90.2,7035,2127,61,65,93.8,176,186,94.6,58,75,77.3,0,0.0,0.0,0,26,0,0,20,Matches
Issa Diop,fr FRA,DF,West Ham,24-040,1997,4.3,180,204,88.2,3756,1081,58,61,95.1,86,91,94.5,34,48,70.8,0,0.0,0.0,0,9,0,0,7,Matches
Moussa Djenepo,ml MLI,MF,Southampton,22-248,1998,9.3,199,272,73.2,3095,780,106,130,81.5,75,92,81.5,13,23,56.5,0,0.5,-0.5,6,16,10,0,20,Matches
Matt Doherty,ie IRL,DF,Tottenham,29-033,1992,9.1,400,517,77.4,6308,2414,234,266,88.0,131,175,74.9,28,57,49.1,1,0.5,+0.5,6,14,6,2,29,Matches
Gabriel Dos Santos,br BRA,DF,Arsenal,23-061,1997,14.2,876,1012,86.6,18601,4970,235,258,91.1,479,515,93.0,155,225,68.9,0,0.0,0.0,1,51,1,0,30,Matches
Abdoulaye Doucouré,fr FRA,MF,Everton,28-048,1993,21.0,918,1060,86.6,15692,3300,432,483,89.4,373,409,91.2,88,114,77.2,3,2.2,+0.8,16,59,15,1,48,Matches
Paul Dummett,wal WAL,DF,Newcastle Utd,29-145,1991,1.9,38,49,77.6,604,333,24,24,100.0,12,16,75.0,2,7,28.6,0,0.0,0.0,0,6,0,0,2,Matches
Lewis Dunk,eng ENG,DF,Brighton,29-089,1991,21.0,1133,1279,88.6,26026,7111,284,301,94.4,592,627,94.4,247,335,73.7,0,0.5,-0.5,6,66,0,0,43,Matches
Jimmy Dunne,ie IRL,DF,Burnley,23-122,1997,2.0,60,89,67.4,1301,256,18,24,75.0,29,40,72.5,12,24,50.0,0,0.1,-0.1,2,0,1,0,1,Matches
Ederson,br BRA,GK,Manchester City,27-185,1993,23.0,560,665,84.2,15107,8765,73,76,96.1,321,323,99.4,160,259,61.8,1,0.4,+0.6,1,2,2,0,0,Matches
Kyle Edwards,eng ENG,"MF,FW",West Brom,23-001,1998,1.3,30,35,85.7,420,91,18,18,100.0,12,13,92.3,0,2,0.0,0,0.0,0.0,0,3,0,0,3,Matches
John Egan,ie IRL,DF,Sheffield Utd,28-121,1992,21.1,667,797,83.7,15612,5072,169,188,89.9,348,386,90.2,146,211,69.2,1,0.2,+0.8,2,61,5,0,50,Matches
Ahmed Elmohamady,eg EGY,DF,Aston Villa,33-162,1987,1.8,93,126,73.8,1663,696,38,43,88.4,43,58,74.1,10,20,50.0,0,0.3,-0.3,5,7,9,3,11,Matches
Mohamed Elneny,eg EGY,MF,Arsenal,28-222,1992,10.3,543,588,92.3,10742,2219,203,215,94.4,258,270,95.6,78,95,82.1,0,0.2,-0.2,4,43,5,0,31,Matches
Jonny Evans,nir NIR,DF,Leicester City,33-046,1988,19.7,1044,1210,86.3,22804,6603,266,294,90.5,585,628,93.2,187,275,68.0,1,0.2,+0.8,6,51,0,0,39,Matches
Eberechi Eze,eng ENG,MF,Crystal Palace,22-234,1998,17.7,603,763,79.0,9246,2934,359,402,89.3,176,221,79.6,48,104,46.2,3,1.7,+1.3,27,49,23,3,81,Matches
Łukasz Fabiański,pl POL,GK,West Ham,35-306,1985,23.0,410,651,63.0,16494,12007,39,40,97.5,127,129,98.4,243,481,50.5,0,0.0,0.0,0,15,0,0,0,Matches
Fabinho,br BRA,"DF,MF",Liverpool,27-118,1993,17.4,1268,1377,92.1,26865,6945,339,359,94.4,719,752,95.6,199,249,79.9,0,0.4,-0.4,3,59,3,1,57,Matches
Bruno Fernandes,pt POR,MF,Manchester Utd,26-163,1994,22.4,1102,1504,73.3,21359,6606,505,613,82.4,394,487,80.9,180,312,57.7,9,8.7,+0.3,66,128,69,6,163,Matches
Federico Fernández,ar ARG,DF,Newcastle Utd,31-363,1989,15.3,446,568,78.5,9971,2936,133,153,86.9,211,246,85.8,100,159,62.9,0,0.2,-0.2,3,14,2,1,15,Matches
Fernandinho,br BRA,MF,Manchester City,35-290,1985,5.8,433,499,86.8,8273,2009,191,208,91.8,183,204,89.7,56,79,70.9,0,0.0,0.0,1,69,5,1,48,Matches
Sam Field,eng ENG,MF,West Brom,22-286,1998,0.7,15,23,65.2,223,41,10,14,71.4,4,5,80.0,1,3,33.3,0,0.0,0.0,0,1,0,0,2,Matches
Roberto Firmino,br BRA,FW,Liverpool,29-139,1991,20.8,654,821,79.7,9654,2139,390,463,84.2,197,246,80.1,41,57,71.9,5,3.6,+1.4,27,46,21,0,71,Matches
John Fleck,sco SCO,MF,Sheffield Utd,29-178,1991,14.7,529,678,78.0,8476,2769,278,309,90.0,184,225,81.8,47,111,42.3,2,1.8,+0.2,21,68,17,1,60,Matches
Phil Foden,eng ENG,"FW,MF",Manchester City,20-266,2000,13.4,508,621,81.8,7664,1538,305,336,90.8,160,193,82.9,30,63,47.6,3,3.3,-0.3,25,25,16,1,44,Matches
Wesley Fofana,fr FRA,DF,Leicester City,20-063,2000,15.5,797,924,86.3,16900,4639,233,262,88.9,419,459,91.3,138,189,73.0,0,0.1,-0.1,3,59,0,0,44,Matches
Pablo Fornals,es ESP,"FW,MF",West Ham,24-362,1996,17.1,455,591,77.0,7558,2134,246,276,89.1,160,212,75.5,44,73,60.3,2,1.6,+0.4,16,39,20,3,60,Matches
Fraser Forster,eng ENG,GK,Southampton,32-338,1988,1.0,9,43,20.9,425,331,1,1,100.0,1,3,33.3,7,38,18.4,0,0.0,0.0,0,1,0,0,0,Matches
Timothy Fosu-Mensah,nl NED,DF,Manchester Utd,23-047,1998,0.9,65,75,86.7,1070,258,30,34,88.2,32,34,94.1,3,6,50.0,0,0.3,-0.3,2,4,1,1,1,Matches
Ryan Fraser,sco SCO,"MF,FW",Newcastle Utd,26-360,1994,6.6,174,257,67.7,3066,1080,81,92,88.0,65,84,77.4,23,68,33.8,1,1.7,-0.7,17,5,9,8,15,Matches
Fred,br BRA,MF,Manchester Utd,27-350,1993,15.6,892,1022,87.3,17755,4457,336,368,91.3,388,423,91.7,155,196,79.1,0,1.8,-1.8,15,103,13,0,95,Matches
Ryan Fredericks,eng ENG,"DF,FW",West Ham,28-131,1992,4.9,157,219,71.7,2353,828,91,107,85.0,55,80,68.8,7,21,33.3,1,1.2,-0.2,12,8,11,7,13,Matches
Christian Fuchs,at AUT,DF,Leicester City,34-317,1986,7.8,478,589,81.2,9088,3503,204,229,89.1,218,256,85.2,55,93,59.1,0,0.0,0.0,1,42,2,1,33,Matches
Darnell Furlong,eng ENG,DF,West Brom,25-110,1995,18.6,424,703,60.3,7832,3328,201,253,79.4,160,262,61.1,55,156,35.3,2,1.7,+0.3,12,36,10,9,44,Matches
Conor Gallagher,eng ENG,MF,West Brom,21-012,2000,17.1,483,591,81.7,8706,1958,226,260,86.9,184,204,90.2,62,99,62.6,1,0.3,+0.7,7,52,10,1,34,Matches
Eric García,es ESP,DF,Manchester City,20-040,2001,2.2,208,221,94.1,4185,1213,68,72,94.4,111,114,97.4,28,34,82.4,0,0.1,-0.1,2,20,0,0,12,Matches
Dwight Gayle,eng ENG,FW,Newcastle Utd,30-124,1990,1.8,29,36,80.6,406,50,16,18,88.9,12,14,85.7,0,2,0.0,0,0.0,0.0,1,0,0,0,1,Matches
David de Gea,es ESP,GK,Manchester Utd,30-103,1990,21.5,365,475,76.8,9534,5848,104,105,99.0,145,150,96.7,113,216,52.3,0,0.0,0.0,0,3,0,0,0,Matches
Anwar El Ghazi,nl NED,FW,Aston Villa,25-291,1995,6.3,142,218,65.1,2001,570,90,112,80.4,37,56,66.1,9,30,30.0,0,0.9,-0.9,10,7,9,4,18,Matches
Kieran Gibbs,eng ENG,DF,West Brom,31-145,1989,9.0,223,313,71.2,3929,1436,103,118,87.3,97,133,72.9,21,55,38.2,0,0.3,-0.3,3,15,3,3,16,Matches
Morgan Gibbs-White,eng ENG,"FW,MF",Wolves,21-022,2000,1.1,44,56,78.6,655,139,28,32,87.5,12,13,92.3,3,8,37.5,0,0.1,-0.1,3,3,0,0,5,Matches
Billy Gilmour,sco SCO,MF,Chelsea,19-252,2001,0.4,30,36,83.3,672,59,8,9,88.9,13,18,72.2,8,8,100.0,0,0.0,0.0,0,2,0,0,0,Matches
Olivier Giroud,fr FRA,FW,Chelsea,34-141,1986,7.1,135,180,75.0,1607,201,98,125,78.4,21,31,67.7,5,5,100.0,0,0.7,-0.7,7,6,1,0,5,Matches
Ben Godfrey,eng ENG,DF,Everton,23-034,1998,15.7,557,662,84.1,10798,2828,193,220,87.7,274,305,89.8,72,103,69.9,1,0.0,+1.0,0,37,3,1,24,Matches
André Gomes,pt POR,MF,Everton,27-203,1993,10.7,459,547,83.9,9014,2082,197,227,86.8,177,195,90.8,75,105,71.4,1,0.2,+0.8,8,49,9,1,44,Matches
Joe Gomez,eng ENG,DF,Liverpool,23-271,1997,6.6,481,533,90.2,11374,3066,99,106,93.4,280,298,94.0,98,122,80.3,0,0.0,0.0,1,30,0,0,38,Matches
Anthony Gordon,eng ENG,"FW,MF",Everton,19-360,2001,1.0,22,26,84.6,365,94,12,13,92.3,8,8,100.0,2,4,50.0,0,0.0,0.0,1,1,2,0,3,Matches
Karlan Grant,eng ENG,"FW,MF",West Brom,23-153,1997,12.0,156,217,71.9,2224,307,88,113,77.9,54,63,85.7,7,14,50.0,0,0.0,0.0,0,4,4,0,8,Matches
Demarai Gray,eng ENG,FW,Leicester City,24-235,1996,0.2,7,12,58.3,87,14,5,5,100.0,2,2,100.0,0,1,0.0,0,0.0,0.0,0,1,0,0,1,Matches
Jack Grealish,eng ENG,"FW,MF",Aston Villa,25-161,1995,22.0,783,1002,78.1,13417,4649,399,473,84.4,272,320,85.0,87,144,60.4,10,8.0,+2.0,76,72,64,4,150,Matches
Mason Greenwood,eng ENG,FW,Manchester Utd,19-140,2001,11.1,333,394,84.5,5237,913,197,219,90.0,107,126,84.9,24,40,60.0,1,0.8,+0.2,9,13,9,2,24,Matches
Pascal Groß,de GER,MF,Brighton,29-248,1991,14.0,597,797,74.9,12165,3485,246,295,83.4,234,281,83.3,110,204,53.9,4,3.4,+0.6,40,48,29,11,61,Matches
Kamil Grosicki,pl POL,"FW,MF",West Brom,32-255,1988,1.6,32,49,65.3,532,171,13,16,81.3,15,20,75.0,2,10,20.0,1,0.1,+0.9,3,4,1,0,5,Matches
Vicente Guaita,es ESP,GK,Crystal Palace,34-039,1987,24.0,367,662,55.4,13502,9543,53,54,98.1,124,128,96.9,190,480,39.6,0,0.0,0.0,0,7,0,0,0,Matches
İlkay Gündoğan,de GER,MF,Manchester City,30-117,1990,15.3,1029,1143,90.0,17366,3469,520,550,94.5,405,441,91.8,86,118,72.9,1,3.4,-2.4,29,92,23,0,92,Matches
Antwoine Hackford,eng ENG,"DF,FW",Sheffield Utd,16-335,2004,0.1,1,1,100.0,4,0,0,0,,0,0,,0,0,,0,0.0,0.0,0,0,0,0,0,Matches
Sébastien Haller,ci CIV,FW,West Ham,26-241,1994,10.4,171,252,67.9,2749,525,99,137,72.3,47,64,73.4,17,28,60.7,0,1.2,-1.2,9,13,5,1,19,Matches
Rekeem Harper,eng ENG,MF,West Brom,20-347,2000,0.4,13,16,81.3,242,33,5,6,83.3,7,7,100.0,1,3,33.3,0,0.0,0.0,0,2,0,0,1,Matches
Jack Harrison,eng ENG,MF,Leeds United,24-090,1996,20.0,515,753,68.4,8611,2702,266,337,78.9,202,260,77.7,41,111,36.9,4,4.3,-0.3,38,22,43,12,70,Matches
Kortney Hause,eng ENG,DF,Aston Villa,25-217,1995,4.0,105,141,74.5,2305,613,22,29,75.9,63,74,85.1,18,34,52.9,0,0.0,0.0,0,8,0,0,6,Matches
Kai Havertz,de GER,"MF,FW",Chelsea,21-252,1999,10.9,463,544,85.1,6836,1107,271,299,90.6,144,168,85.7,30,39,76.9,2,1.3,+0.7,13,32,13,2,32,Matches
Isaac Hayden,eng ENG,"MF,DF",Newcastle Utd,25-333,1995,17.1,533,663,80.4,10459,2359,195,228,85.5,265,305,86.9,71,100,71.0,0,0.3,-0.3,4,36,1,1,30,Matches
Michael Hector,jm JAM,DF,Fulham,28-214,1992,2.9,139,175,79.4,3485,1313,21,25,84.0,78,83,94.0,39,64,60.9,0,0.0,0.0,1,10,1,0,11,Matches
Ahmed Hegazi,eg EGY,DF,West Brom,30-024,1991,1.0,37,52,71.2,829,381,11,13,84.6,18,25,72.0,8,13,61.5,0,0.0,0.0,0,1,0,0,2,Matches
Dean Henderson,eng ENG,GK,Manchester Utd,23-343,1997,2.5,49,63,77.8,1188,609,9,9,100.0,26,26,100.0,14,27,51.9,0,0.0,0.0,0,0,0,0,0,Matches
Jordan Henderson,eng ENG,"MF,DF",Liverpool,30-246,1990,18.6,1545,1784,86.6,32206,8382,505,549,92.0,768,813,94.5,255,386,66.1,1,1.4,-0.4,12,202,29,1,140,Matches
Jeff Hendrick,ie IRL,MF,Newcastle Utd,29-018,1992,14.5,396,491,80.7,7045,1701,178,208,85.6,163,183,89.1,46,70,65.7,1,0.7,+0.3,4,27,5,1,34,Matches
Pablo Hernández,es ESP,MF,Leeds United,35-313,1985,3.1,203,273,74.4,3964,1297,85,107,79.4,85,105,81.0,31,46,67.4,2,0.6,+1.4,5,33,8,1,44,Matches
Son Heung-min,kr KOR,FW,Tottenham,28-225,1992,21.9,542,714,75.9,8432,2113,304,355,85.6,162,203,79.8,51,112,45.5,6,4.4,+1.6,41,22,15,1,40,Matches
Ki-Jana Hoever,nl NED,DF,Wolves,19-031,2002,3.3,140,187,74.9,2389,839,71,80,88.8,55,81,67.9,11,17,64.7,0,0.1,-0.1,2,8,2,1,9,Matches
Rob Holding,eng ENG,DF,Arsenal,25-151,1995,19.5,1076,1210,88.9,24620,6739,256,270,94.8,593,637,93.1,223,294,75.9,1,0.2,+0.8,4,78,6,0,74,Matches
Mason Holgate,eng ENG,DF,Everton,24-119,1996,12.8,524,662,79.2,11959,4025,131,152,86.2,288,338,85.2,103,155,66.5,0,0.2,-0.2,5,26,9,4,35,Matches
Conor Hourihane,ie IRL,MF,Aston Villa,30-016,1991,2.5,116,155,74.8,2503,557,31,35,88.6,52,64,81.3,27,46,58.7,1,0.8,+0.2,4,18,2,1,9,Matches
Callum Hudson-Odoi,eng ENG,"FW,DF",Chelsea,20-103,2000,8.3,372,454,81.9,6391,1493,209,234,89.3,114,135,84.4,45,71,63.4,2,1.8,+0.2,22,16,25,8,39,Matches
Niall Huggins,wal WAL,DF,Leeds United,20-062,2000,0.4,17,23,73.9,240,57,11,14,78.6,6,6,100.0,0,3,0.0,0,0.0,0.0,0,1,0,0,0,Matches
Pierre Højbjerg,dk DEN,MF,Tottenham,25-197,1995,23.0,1459,1645,88.7,27929,7599,565,626,90.3,665,729,91.2,204,258,79.1,3,1.2,+1.8,11,155,11,1,118,Matches
Odion Ighalo,ng NGA,FW,Manchester Utd,31-247,1989,0.1,1,1,100.0,7,0,1,1,100.0,0,0,,0,0,,0,0.0,0.0,0,0,0,0,0,Matches
Kelechi Iheanacho,ng NGA,FW,Leicester City,24-138,1996,4.4,88,104,84.6,1140,183,58,65,89.2,23,25,92.0,3,6,50.0,0,0.7,-0.7,6,6,3,0,6,Matches
Danny Ings,eng ENG,FW,Southampton,28-210,1992,16.3,222,346,64.2,3340,906,130,173,75.1,63,97,64.9,20,42,47.6,3,2.0,+1.0,17,15,14,4,31,Matches
Branislav Ivanović,rs SRB,DF,West Brom,36-362,1984,8.2,264,308,85.7,5953,1426,65,72,90.3,147,162,90.7,52,71,73.2,0,0.1,-0.1,1,11,3,0,10,Matches
Alex Iwobi,ng NGA,"FW,DF",Everton,24-291,1996,12.4,387,513,75.4,7018,2177,158,182,86.8,168,217,77.4,48,81,59.3,2,1.7,+0.3,12,20,23,8,51,Matches
Phil Jagielka,eng ENG,DF,Sheffield Utd,38-185,1982,2.6,58,81,71.6,1348,279,19,22,86.4,24,32,75.0,15,25,60.0,0,0.0,0.0,0,2,0,0,4,Matches
Alireza Jahanbakhsh,ir IRN,"FW,DF",Brighton,27-191,1993,2.8,79,109,72.5,1246,305,37,44,84.1,27,36,75.0,9,15,60.0,1,1.8,-0.8,7,3,8,3,8,Matches
Daniel James,wal WAL,FW,Manchester Utd,23-100,1997,3.9,111,140,79.3,1581,390,72,84,85.7,32,41,78.0,3,4,75.0,0,0.2,-0.2,4,1,8,2,14,Matches
Reece James,eng ENG,DF,Chelsea,21-072,1999,15.4,983,1175,83.7,18852,4459,408,446,91.5,434,491,88.4,131,205,63.9,2,2.1,-0.1,22,48,35,20,75,Matches
Alexandre Jankewitz,ch SUI,MF,Southampton,19-055,2001,0.0,2,3,66.7,31,25,1,1,100.0,1,1,100.0,0,0,,0,0.0,0.0,0,0,1,0,1,Matches
Gabriel Jesus,br BRA,FW,Manchester City,23-321,1997,13.0,337,404,83.4,4396,485,220,247,89.1,82,97,84.5,14,24,58.3,3,2.0,+1.0,15,14,7,0,14,Matches
Raúl Jiménez,mx MEX,FW,Wolves,29-289,1991,9.1,207,263,78.7,3241,561,126,150,84.0,52,64,81.3,22,32,68.8,0,0.8,-0.8,8,16,9,0,19,Matches
Joelinton,br BRA,"FW,MF",Newcastle Utd,24-188,1996,12.5,275,378,72.8,3959,751,167,203,82.3,84,115,73.0,14,26,53.8,2,1.2,+0.8,8,12,6,1,14,Matches
Ben Johnson,eng ENG,DF,West Ham,21-025,2000,2.6,73,98,74.5,1124,527,44,48,91.7,19,27,70.4,6,15,40.0,0,0.0,0.0,1,7,0,0,6,Matches
Sam Johnstone,eng ENG,GK,West Brom,27-330,1993,23.0,409,786,52.0,16770,11291,36,36,100.0,123,130,94.6,250,618,40.5,0,0.0,0.0,0,16,0,0,0,Matches
Curtis Jones,eng ENG,MF,Liverpool,20-019,2001,9.9,714,782,91.3,12261,2634,337,363,92.8,286,298,96.0,76,93,81.7,1,0.6,+0.4,9,83,17,1,56,Matches
Jorginho,it ITA,MF,Chelsea,29-060,1991,12.8,907,1017,89.2,16591,3843,403,440,91.6,394,429,91.8,97,127,76.4,1,1.4,-0.4,15,92,10,0,65,Matches
Willian José,br BRA,FW,Wolves,29-087,1991,3.8,68,85,80.0,1308,120,32,40,80.0,22,27,81.5,12,12,100.0,0,0.0,0.0,1,3,0,0,4,Matches
Diogo Jota,pt POR,FW,Liverpool,24-076,1996,5.6,173,215,80.5,2764,645,102,114,89.5,53,70,75.7,15,21,71.4,0,1.2,-1.2,6,18,4,0,20,Matches
James Justin,eng ENG,DF,Leicester City,22-361,1998,23.0,989,1249,79.2,16489,5528,495,556,89.0,414,499,83.0,67,139,48.2,1,1.7,-0.7,18,56,33,7,92,Matches
Ozan Kabak,tr TUR,DF,Liverpool,20-330,2000,1.0,45,48,93.8,973,176,13,14,92.9,23,24,95.8,9,10,90.0,0,0.0,0.0,0,0,0,0,2,Matches
Aboubakar Kamara,fr FRA,"FW,DF",Fulham,25-348,1995,3.5,92,128,71.9,1499,404,46,57,80.7,35,41,85.4,7,21,33.3,0,0.4,-0.4,6,4,4,1,11,Matches
Harry Kane,eng ENG,FW,Tottenham,27-205,1993,20.4,376,530,70.9,7241,2578,166,212,78.3,140,186,75.3,60,97,61.9,11,4.9,+6.1,30,68,29,6,87,Matches
N'Golo Kanté,fr FRA,MF,Chelsea,29-326,1991,17.0,937,1077,87.0,17800,3829,360,405,88.9,448,491,91.2,110,147,74.8,1,0.9,+0.1,15,74,9,1,71,Matches
Moise Kean,it ITA,FW,Everton,20-356,2000,0.2,7,9,77.8,124,0,2,3,66.7,4,4,100.0,1,1,100.0,0,0.0,0.0,0,0,0,0,0,Matches
Michael Keane,eng ENG,DF,Everton,28-038,1993,20.2,1095,1239,88.4,24731,7822,244,268,91.0,637,669,95.2,199,279,71.3,1,0.8,+0.2,5,71,3,0,59,Matches
Neeskens Kebano,cd COD,"FW,MF",Fulham,28-345,1992,1.3,33,42,78.6,409,99,25,25,100.0,6,11,54.5,1,3,33.3,0,0.0,0.0,0,1,0,0,2,Matches
Naby Keïta,gn GUI,MF,Liverpool,26-008,1995,4.4,229,259,88.4,3959,869,104,120,86.7,100,105,95.2,20,24,83.3,0,0.6,-0.6,3,23,8,0,25,Matches
Caoimhin Kelleher,ie IRL,GK,Liverpool,22-087,1998,2.0,51,62,82.3,1459,732,6,6,100.0,26,26,100.0,19,30,63.3,0,0.0,0.0,0,0,0,0,0,Matches
Jonjoe Kenny,eng ENG,DF,Everton,23-340,1997,0.9,47,61,77.0,783,221,28,29,96.6,13,20,65.0,6,8,75.0,0,0.0,0.0,0,3,1,0,4,Matches
Reda Khadra,de GER,FW,Brighton,19-229,2001,0.1,0,1,0.0,0,0,0,1,0.0,0,0,,0,0,,0,0.0,0.0,0,0,0,0,0,Matches
Max Kilman,eng ENG,DF,Wolves,23-271,1997,12.5,542,618,87.7,10129,3644,210,222,94.6,279,302,92.4,49,86,57.0,1,0.5,+0.5,4,49,1,0,35,Matches
Joshua King,no NOR,"FW,MF",Everton,29-034,1992,0.8,8,14,57.1,101,17,5,10,50.0,3,3,100.0,0,1,0.0,0,0.0,0.0,0,0,0,0,1,Matches
Mateusz Klich,pl POL,MF,Leeds United,30-250,1990,20.0,945,1189,79.5,16359,4311,455,522,87.2,345,413,83.5,112,181,61.9,5,3.5,+1.5,39,86,37,6,118,Matches
Robin Koch,de GER,DF,Leeds United,24-216,1996,10.1,578,673,85.9,12381,3748,121,141,85.8,367,387,94.8,83,133,62.4,0,0.2,-0.2,4,32,2,0,38,Matches
Sead Kolašinac,ba BIH,DF,Arsenal,27-243,1993,1.0,54,64,84.4,801,177,30,35,85.7,22,24,91.7,1,3,33.3,0,0.0,0.0,0,3,1,0,4,Matches
Ezri Konsa,eng ENG,DF,Aston Villa,23-118,1997,19.5,549,637,86.2,12643,2625,117,136,86.0,324,350,92.6,104,142,73.2,0,0.0,0.0,0,17,1,0,14,Matches
Cheikhou Kouyaté,sn SEN,DF,Crystal Palace,31-059,1989,20.7,617,787,78.4,12456,3777,224,267,83.9,273,317,86.1,110,182,60.4,0,0.1,-0.1,3,23,2,1,22,Matches
Mateo Kovačić,hr CRO,MF,Chelsea,26-288,1994,14.1,1076,1171,91.9,21278,5116,413,441,93.7,485,512,94.7,166,196,84.7,1,1.4,-0.4,15,124,16,0,118,Matches
Emil Krafth,se SWE,DF,Newcastle Utd,26-200,1994,5.9,174,246,70.7,2745,1192,92,111,82.9,62,87,71.3,13,34,38.2,0,0.1,-0.1,2,5,1,1,8,Matches
Filip Krovinović,hr CRO,MF,West Brom,25-173,1995,6.1,308,365,84.4,5338,1511,140,156,89.7,127,147,86.4,31,44,70.5,0,0.3,-0.3,5,37,7,0,40,Matches
Alexandre Lacazette,fr FRA,FW,Arsenal,29-266,1991,14.6,259,336,77.1,3814,744,145,183,79.2,85,101,84.2,16,29,55.2,2,1.9,+0.1,14,14,13,0,29,Matches
Adam Lallana,eng ENG,"MF,FW",Brighton,32-284,1988,9.4,346,424,81.6,5368,1137,175,194,90.2,126,153,82.4,28,46,60.9,1,2.5,-1.5,21,26,13,3,30,Matches
Érik Lamela,ar ARG,FW,Tottenham,28-351,1992,4.9,171,220,77.7,2992,650,84,97,86.6,58,70,82.9,25,40,62.5,0,0.3,-0.3,3,14,4,0,15,Matches
Tariq Lamptey,eng ENG,DF,Brighton,20-141,2000,9.8,390,500,78.0,6346,1711,209,234,89.3,141,188,75.0,32,56,57.1,1,1.1,-0.1,11,12,12,7,27,Matches
Manuel Lanzini,ar ARG,"MF,FW",West Ham,28-003,1993,4.2,177,209,84.7,2919,559,95,109,87.2,69,76,90.8,11,19,57.9,1,0.6,+0.4,8,12,4,0,11,Matches
Aymeric Laporte,fr FRA,DF,Manchester City,26-267,1994,8.4,639,709,90.1,12930,3681,204,220,92.7,338,356,94.9,94,123,76.4,0,0.2,-0.2,2,55,1,0,36,Matches
Jamaal Lascelles,eng ENG,DF,Newcastle Utd,27-099,1993,12.1,337,411,82.0,7428,2336,83,94,88.3,191,212,90.1,60,99,60.6,0,0.0,0.0,1,21,3,0,23,Matches
Maxime Le Marchand,fr FRA,DF,Fulham,31-130,1989,1.4,78,82,95.1,1841,642,18,18,100.0,43,45,95.6,16,18,88.9,0,0.0,0.0,0,3,1,0,6,Matches
Mario Lemina,ga GAB,MF,Fulham,27-170,1993,9.3,421,492,85.6,8282,1963,148,171,86.5,205,228,89.9,57,79,72.2,0,0.4,-0.4,5,33,5,0,30,Matches
Bernd Leno,de GER,GK,Arsenal,28-351,1992,22.8,631,777,81.2,14839,7368,174,174,100.0,327,328,99.7,126,271,46.5,0,0.0,0.0,0,4,0,0,2,Matches
Jamal Lewis,nir NIR,DF,Newcastle Utd,23-024,1998,18.3,562,750,74.9,9874,3999,262,300,87.3,224,280,80.0,63,129,48.8,1,1.6,-0.6,14,31,15,10,28,Matches
Victor Lindelöf,se SWE,DF,Manchester Utd,26-216,1994,17.7,1043,1152,90.5,20153,6674,361,386,93.5,567,596,95.1,106,147,72.1,1,0.5,+0.5,5,68,2,0,61,Matches
Jesse Lingard,eng ENG,"MF,FW",West Ham,28-065,1992,2.9,99,116,85.3,1584,400,58,61,95.1,27,30,90.0,11,17,64.7,0,0.2,-0.2,3,12,4,2,10,Matches
Jake Livermore,eng ENG,MF,West Brom,31-096,1989,13.6,280,376,74.5,4903,1134,124,151,82.1,110,145,75.9,35,60,58.3,0,0.2,-0.2,5,29,2,1,24,Matches
Diego Llorente,es ESP,DF,Leeds United,27-186,1993,1.0,65,84,77.4,1470,307,7,9,77.8,49,58,84.5,8,14,57.1,0,0.0,0.0,0,2,0,0,2,Matches
Hugo Lloris,fr FRA,GK,Tottenham,34-054,1986,23.0,444,631,70.4,12810,8224,120,121,99.2,158,160,98.8,164,348,47.1,0,0.0,0.0,0,2,0,0,0,Matches
Giovani Lo Celso,ar ARG,"MF,FW",Tottenham,24-315,1996,4.9,178,241,73.9,3344,849,84,98,85.7,60,79,75.9,31,51,60.8,1,1.0,0.0,9,18,5,0,21,Matches
Ruben Loftus-Cheek,eng ENG,"MF,FW",Fulham,25-026,1996,14.5,389,465,83.7,6106,1376,197,228,86.4,149,167,89.2,28,40,70.0,0,1.2,-1.2,10,36,7,2,45,Matches
Ruben Loftus-Cheek,eng ENG,FW,Chelsea,25-026,1996,0.7,11,16,68.8,166,22,6,6,100.0,4,5,80.0,1,3,33.3,0,0.0,0.0,0,1,0,0,1,Matches
Kevin Long,ie IRL,DF,Burnley,30-184,1990,7.1,181,255,71.0,4324,1387,41,51,80.4,91,115,79.1,46,80,57.5,0,0.0,0.0,0,9,2,0,15,Matches
Shane Long,ie IRL,"FW,MF",Southampton,34-027,1987,2.3,38,59,64.4,494,168,27,34,79.4,8,16,50.0,2,2,100.0,0,0.0,0.0,0,3,0,0,4,Matches
Matthew Longstaff,eng ENG,MF,Newcastle Utd,20-334,2000,4.2,117,148,79.1,2122,341,53,64,82.8,44,50,88.0,19,30,63.3,0,0.1,-0.1,2,4,1,1,3,Matches
Sean Longstaff,eng ENG,MF,Newcastle Utd,23-111,1997,9.2,290,359,80.8,6388,1445,105,118,89.0,111,124,89.5,65,99,65.7,0,0.2,-0.2,4,31,2,1,30,Matches
Ademola Lookman,eng ENG,"FW,MF",Fulham,23-121,1997,19.4,560,719,77.9,9415,2700,265,307,86.3,225,274,82.1,51,92,55.4,3,2.8,+0.2,33,29,27,5,71,Matches
Max Lowe,eng ENG,DF,Sheffield Utd,23-283,1997,6.1,149,227,65.6,2461,819,81,101,80.2,52,77,67.5,14,35,40.0,0,0.2,-0.2,3,16,5,1,17,Matches
Matthew Lowton,eng ENG,DF,Burnley,31-254,1989,20.0,589,850,69.3,11615,5162,259,292,88.7,218,296,73.6,103,235,43.8,0,0.6,-0.6,9,65,16,4,66,Matches
David Luiz,br BRA,DF,Arsenal,33-302,1987,10.8,590,705,83.7,13616,3521,123,135,91.1,330,356,92.7,133,199,66.8,0,0.4,-0.4,2,42,6,0,41,Matches
Douglas Luiz,br BRA,MF,Aston Villa,22-285,1998,19.4,747,882,84.7,15617,3470,249,279,89.2,332,371,89.5,146,191,76.4,2,1.0,+1.0,14,76,11,2,66,Matches
John Lundstram,eng ENG,MF,Sheffield Utd,27-000,1994,15.5,619,766,80.8,11182,2696,293,316,92.7,237,271,87.5,75,149,50.3,2,1.2,+0.8,18,53,10,2,54,Matches
Alexis Mac Allister,ar ARG,"MF,FW",Brighton,22-056,1998,7.0,191,238,80.3,3196,809,92,108,85.2,72,87,82.8,20,27,74.1,1,1.7,-0.7,9,17,8,0,22,Matches
James Maddison,eng ENG,"MF,FW",Leicester City,24-087,1996,17.4,599,800,74.9,10365,3019,316,364,86.8,187,232,80.6,78,158,49.4,5,3.8,+1.2,42,59,22,2,71,Matches
Harry Maguire,eng ENG,DF,Manchester Utd,27-350,1993,24.0,1355,1531,88.5,30172,8443,340,378,89.9,744,800,93.0,262,336,78.0,0,0.2,-0.2,4,126,6,0,70,Matches
Riyad Mahrez,dz ALG,FW,Manchester City,29-363,1991,13.4,559,678,82.4,9056,1951,299,328,91.2,209,243,86.0,40,72,55.6,2,4.4,-2.4,29,22,30,4,54,Matches
Ainsley Maitland-Niles,eng ENG,DF,Arsenal,23-173,1997,5.4,226,288,78.5,4035,1099,109,126,86.5,93,108,86.1,22,42,52.4,0,0.2,-0.2,3,15,3,1,14,Matches
Ainsley Maitland-Niles,eng ENG,MF,West Brom,23-173,1997,2.0,37,48,77.1,674,169,19,22,86.4,8,12,66.7,8,12,66.7,0,0.1,-0.1,1,2,1,0,2,Matches
Josh Maja,ng NGA,FW,Fulham,22-053,1998,1.9,36,39,92.3,584,45,19,20,95.0,15,16,93.8,2,3,66.7,0,0.1,-0.1,1,0,2,0,3,Matches
Sadio Mané,sn SEN,FW,Liverpool,28-314,1992,19.8,502,682,73.6,8189,1722,269,336,80.1,169,224,75.4,51,73,69.9,3,3.5,-0.5,36,20,42,4,67,Matches
Javier Manquillo,es ESP,DF,Newcastle Utd,26-289,1994,8.0,252,338,74.6,4055,1698,149,160,93.1,74,106,69.8,24,53,45.3,0,0.2,-0.2,4,13,4,2,17,Matches
Fernando Marçal,br BRA,DF,Wolves,31-365,1989,6.6,294,350,84.0,5272,1986,147,156,94.2,113,131,86.3,33,55,60.0,0,0.1,-0.1,3,15,2,1,24,Matches
Solly March,eng ENG,DF,Brighton,26-213,1994,18.6,681,975,69.8,12842,4325,319,374,85.3,261,350,74.6,94,205,45.9,1,1.7,-0.7,27,39,34,13,77,Matches
Pablo Marí,es ESP,DF,Arsenal,27-171,1993,3.0,155,175,88.6,3311,734,38,40,95.0,89,93,95.7,24,36,66.7,0,0.0,0.0,0,5,0,0,7,Matches
Anthony Martial,fr FRA,FW,Manchester Utd,25-075,1995,14.6,362,442,81.9,5056,1013,229,262,87.4,106,127,83.5,14,18,77.8,3,2.0,+1.0,13,26,14,0,39,Matches
Martinelli,br BRA,FW,Arsenal,19-245,2001,2.3,29,40,72.5,427,161,19,24,79.2,8,10,80.0,2,4,50.0,0,0.0,0.0,1,1,1,0,4,Matches
Emiliano Martínez,ar ARG,GK,Aston Villa,28-169,1992,22.0,482,765,63.0,17035,11317,52,52,100.0,215,216,99.5,213,494,43.1,0,0.2,-0.2,2,13,0,0,0,Matches
Arthur Masuaku,cd COD,DF,West Ham,27-103,1993,9.4,389,486,80.0,6552,2246,218,241,90.5,129,166,77.7,37,60,61.7,1,1.6,-0.6,11,22,15,10,32,Matches
Juan Mata,es ESP,FW,Manchester Utd,32-296,1988,3.7,154,186,82.8,2343,588,96,105,91.4,42,51,82.4,14,24,58.3,2,0.8,+1.2,8,13,3,1,15,Matches
Jean-Philippe Mateta,fr FRA,FW,Crystal Palace,23-235,1997,0.9,18,23,78.3,190,50,15,16,93.8,2,5,40.0,0,0,,0,0.0,0.0,1,0,0,0,2,Matches
Nemanja Matić,rs SRB,MF,Manchester Utd,32-201,1988,8.1,563,612,92.0,10491,2979,224,237,94.5,265,283,93.6,66,78,84.6,0,0.3,-0.3,5,55,6,2,51,Matches
Joël Matip,cm CMR,DF,Liverpool,29-194,1991,7.7,466,527,88.4,10049,2586,128,137,93.4,255,270,94.4,80,114,70.2,2,1.0,+1.0,2,30,1,0,15,Matches
Neal Maupay,fr FRA,"FW,MF",Brighton,24-188,1996,17.9,321,403,79.7,4906,886,167,198,84.3,115,132,87.1,20,33,60.6,1,1.7,-0.7,17,24,16,1,29,Matches
James McArthur,sco SCO,MF,Crystal Palace,33-134,1987,16.3,627,770,81.4,11875,3392,239,277,86.3,290,328,88.4,82,127,64.6,2,0.9,+1.1,13,62,6,0,58,Matches
Oliver McBurnie,sco SCO,FW,Sheffield Utd,24-259,1996,11.1,212,327,64.8,2821,849,135,190,71.1,61,97,62.9,6,11,54.5,0,1.0,-1.0,13,17,14,0,34,Matches
Alex McCarthy,eng ENG,GK,Southampton,31-077,1989,22.0,502,788,63.7,13280,8292,135,136,99.3,216,219,98.6,148,429,34.5,0,0.0,0.0,0,7,2,0,0,Matches
James McCarthy,ie IRL,MF,Crystal Palace,30-098,1990,5.2,142,186,76.3,2980,621,48,57,84.2,63,77,81.8,28,44,63.6,0,0.0,0.0,2,10,2,1,14,Matches
John McGinn,sco SCO,MF,Aston Villa,26-123,1994,21.0,585,757,77.3,12349,4083,199,231,86.1,258,311,83.0,108,172,62.8,4,1.9,+2.1,20,98,19,3,96,Matches
David McGoldrick,ie IRL,"FW,MF",Sheffield Utd,33-081,1987,15.8,425,560,75.9,7171,1331,228,288,79.2,147,189,77.8,44,60,73.3,1,1.0,0.0,8,37,12,3,35,Matches
Dwight McNeil,eng ENG,MF,Burnley,21-088,1999,20.7,527,753,70.0,10715,2835,208,242,86.0,202,253,79.8,103,209,49.3,3,3.3,-0.3,25,39,24,17,39,Matches
Scott McTominay,sco SCO,MF,Manchester Utd,24-072,1996,14.7,686,787,87.2,13623,3461,252,278,90.6,328,363,90.4,96,127,75.6,1,0.8,+0.2,10,71,7,0,65,Matches
Ben Mee,eng ENG,DF,Burnley,31-148,1989,16.9,437,594,73.6,10138,4051,133,160,83.1,190,227,83.7,107,196,54.6,0,0.1,-0.1,3,21,0,0,28,Matches
Benjamin Mendy,fr FRA,DF,Manchester City,26-216,1994,5.6,310,381,81.4,5582,1556,122,141,86.5,158,177,89.3,28,49,57.1,0,0.0,0.0,1,15,3,1,26,Matches
Edouard Mendy,sn SEN,GK,Chelsea,28-354,1992,19.0,524,629,83.3,13670,7112,124,126,98.4,243,246,98.8,157,257,61.1,0,0.0,0.0,0,4,0,0,0,Matches
Nampalys Mendy,fr FRA,MF,Leicester City,28-240,1992,14.2,784,856,91.6,13409,2816,365,391,93.4,334,356,93.8,70,88,79.5,1,0.3,+0.7,4,70,0,0,46,Matches
Illan Meslier,fr FRA,GK,Leeds United,20-353,2000,22.0,718,853,84.2,17812,8546,179,181,98.9,340,344,98.8,197,326,60.4,0,0.1,-0.1,1,2,0,0,0,Matches
Luka Milivojević,rs SRB,MF,Crystal Palace,29-317,1991,15.6,664,817,81.3,13287,4018,245,273,89.7,305,359,85.0,104,160,65.0,0,0.5,-0.5,10,64,7,1,71,Matches
James Milner,eng ENG,"MF,DF",Liverpool,35-045,1986,6.9,482,569,84.7,9206,2526,213,231,92.2,190,211,90.0,74,100,74.0,1,1.1,-0.1,10,47,18,5,52,Matches
Yerry Mina,co COL,DF,Everton,26-148,1994,18.2,948,1047,90.5,19428,5214,252,269,93.7,541,568,95.2,131,177,74.0,0,0.0,0.0,0,44,0,0,41,Matches
Takumi Minamino,jp JPN,MF,Southampton,26-033,1995,1.7,47,63,74.6,617,77,27,30,90.0,15,21,71.4,1,5,20.0,0,0.0,0.0,0,4,0,0,2,Matches
Takumi Minamino,jp JPN,"MF,FW",Liverpool,26-033,1995,3.3,111,139,79.9,1589,332,66,73,90.4,40,49,81.6,3,12,25.0,0,0.0,0.0,0,11,2,0,4,Matches
Tyrone Mings,eng ENG,DF,Aston Villa,27-342,1993,20.5,730,926,78.8,17236,6509,168,190,88.4,399,439,90.9,157,277,56.7,1,0.2,+0.8,5,66,1,0,58,Matches
Tyrick Mitchell,eng ENG,DF,Crystal Palace,21-170,1999,12.0,365,517,70.6,6013,3878,179,209,85.6,151,208,72.6,28,68,41.2,0,0.3,-0.3,2,35,8,4,43,Matches
Aleksandar Mitrović,rs SRB,FW,Fulham,26-155,1994,11.2,218,284,76.8,2958,477,134,161,83.2,61,84,72.6,10,16,62.5,3,2.4,+0.6,19,8,10,1,15,Matches
Jayson Molumby,ie IRL,MF,Brighton,21-196,1999,0.0,0,1,0.0,0,0,0,0,,0,0,,0,1,0.0,0,0.0,0.0,0,0,0,0,0,Matches
Wes Morgan,jm JAM,DF,Leicester City,37-028,1984,0.2,5,5,100.0,93,78,2,2,100.0,3,3,100.0,0,0,,0,0.0,0.0,0,0,0,0,2,Matches
Mason Mount,eng ENG,"MF,FW",Chelsea,22-039,1999,20.7,1037,1244,83.4,18693,5130,498,543,91.7,365,418,87.3,142,209,67.9,3,4.4,-1.4,63,104,34,5,118,Matches
Lucas Moura,br BRA,"FW,MF",Tottenham,28-189,1992,7.3,192,267,71.9,2845,719,114,143,79.7,64,80,80.0,9,22,40.9,1,0.4,+0.6,4,10,5,1,20,Matches
Lys Mousset,fr FRA,FW,Sheffield Utd,25-010,1996,2.3,28,35,80.0,444,80,16,22,72.7,10,11,90.9,1,1,100.0,0,0.3,-0.3,3,4,0,0,2,Matches
João Moutinho,pt POR,MF,Wolves,34-163,1986,17.6,960,1126,85.3,19480,4520,339,368,92.1,431,470,91.7,173,251,68.9,0,1.7,-1.7,26,73,11,4,74,Matches
Joel Mumbongo,se SWE,FW,Burnley,22-040,1999,0.3,3,4,75.0,25,0,3,3,100.0,0,0,,0,0,,0,0.0,0.0,0,0,0,0,0,Matches
Jacob Murphy,eng ENG,"DF,MF",Newcastle Utd,25-360,1995,8.2,148,236,62.7,2502,1013,69,88,78.4,55,81,67.9,18,48,37.5,1,0.6,+0.4,8,9,17,4,20,Matches
Shkodran Mustafi,de GER,DF,Arsenal,28-307,1992,0.5,41,48,85.4,1100,210,2,2,100.0,31,34,91.2,8,12,66.7,0,0.0,0.0,0,2,0,0,4,Matches
Marvelous Nakamba,zw ZIM,MF,Aston Villa,27-030,1994,3.2,108,120,90.0,1975,489,51,55,92.7,41,46,89.1,15,18,83.3,0,0.0,0.0,1,9,0,0,3,Matches
Wilfred Ndidi,ng NGA,"MF,DF",Leicester City,24-064,1996,10.6,514,584,88.0,9892,2288,204,233,87.6,216,232,93.1,78,96,81.3,1,0.5,+0.5,4,26,0,0,20,Matches
Tanguy Ndombele,fr FRA,MF,Tottenham,24-052,1996,15.1,629,760,82.8,9968,2532,338,388,87.1,215,262,82.1,51,69,73.9,1,1.9,-0.9,12,63,11,0,60,Matches
Reiss Nelson,eng ENG,FW,Arsenal,21-070,1999,0.8,17,30,56.7,319,94,9,9,100.0,6,9,66.7,2,9,22.2,0,0.0,0.0,0,2,1,0,2,Matches
Pedro Neto,pt POR,"FW,MF",Wolves,20-346,2000,22.0,738,936,78.8,11791,2487,404,445,90.8,243,298,81.5,66,134,49.3,4,4.5,-0.5,48,24,29,20,34,Matches
Rúben Neves,pt POR,MF,Wolves,23-342,1997,18.3,1009,1194,84.5,24208,5090,237,277,85.6,494,546,90.5,270,345,78.3,1,1.4,-0.4,19,119,15,2,85,Matches
Eddie Nketiah,eng ENG,FW,Arsenal,21-264,1999,3.6,54,68,79.4,695,64,39,48,81.3,13,17,76.5,1,1,100.0,1,0.6,+0.4,3,0,1,0,1,Matches
Niels Nkounkou,fr FRA,DF,Everton,20-109,2000,0.8,24,29,82.8,441,89,13,13,100.0,7,9,77.8,4,6,66.7,0,0.0,0.0,0,2,0,0,1,Matches
Dan Nlundulu,eng ENG,"FW,MF",Southampton,22-013,1999,1.0,21,28,75.0,376,55,10,13,76.9,10,12,83.3,1,1,100.0,0,0.0,0.0,1,3,1,0,2,Matches
Mark Noble,eng ENG,MF,West Ham,33-286,1987,3.5,166,192,86.5,3185,739,66,73,90.4,74,83,89.2,23,28,82.1,0,0.1,-0.1,2,17,3,1,11,Matches
Oliver Norwood,nir NIR,MF,Sheffield Utd,29-312,1991,12.1,613,780,78.6,13749,3692,182,206,88.3,291,332,87.7,137,235,58.3,0,0.8,-0.8,15,68,15,3,60,Matches
Jack O'Connell,eng ENG,DF,Sheffield Utd,26-326,1994,2.0,60,77,77.9,1225,531,23,24,95.8,24,30,80.0,12,20,60.0,0,0.0,0.0,0,4,2,0,6,Matches
Dara O'Shea,ie IRL,DF,West Brom,21-351,1999,15.4,391,596,65.6,8189,4156,167,193,86.5,140,207,67.6,78,174,44.8,0,0.1,-0.1,4,44,1,0,37,Matches
Michael Obafemi,ie IRL,FW,Southampton,20-227,2000,0.2,3,3,100.0,22,12,3,3,100.0,0,0,,0,0,,0,0.0,0.0,0,0,0,0,0,Matches
Denis Odoi,be BEL,DF,Fulham,32-267,1988,3.0,153,185,82.7,3165,1036,54,60,90.0,72,82,87.8,25,36,69.4,0,0.1,-0.1,1,11,2,1,10,Matches
Angelo Ogbonna,it ITA,DF,West Ham,32-271,1988,22.7,649,776,83.6,14350,3787,146,166,88.0,373,414,90.1,119,179,66.5,0,1.0,-1.0,3,20,0,0,21,Matches
Robin Olsen,se SWE,GK,Everton,31-041,1990,5.0,98,139,70.5,3553,2497,11,11,100.0,41,41,100.0,46,87,52.9,0,0.0,0.0,0,1,0,0,0,Matches
Josh Onomah,eng ENG,MF,Fulham,23-297,1997,1.6,40,50,80.0,563,116,20,27,74.1,17,18,94.4,0,2,0.0,0,0.0,0.0,1,4,2,0,3,Matches
Divock Origi,be BEL,FW,Liverpool,25-306,1995,2.0,45,59,76.3,565,79,25,30,83.3,15,19,78.9,0,2,0.0,0,0.2,-0.2,2,2,0,0,1,Matches
Ben Osborn,eng ENG,"MF,DF",Sheffield Utd,26-197,1994,9.5,392,499,78.6,6401,2549,218,244,89.3,126,150,84.0,39,84,46.4,0,1.4,-1.4,12,39,16,8,41,Matches
Owen Otasowie,us USA,MF,Wolves,19-304,2001,1.3,35,46,76.1,566,88,17,24,70.8,14,17,82.4,3,4,75.0,1,0.1,+0.9,2,0,0,0,1,Matches
Alex Oxlade-Chamberlain,eng ENG,"MF,FW",Liverpool,27-187,1993,2.1,80,106,75.5,1643,333,30,39,76.9,35,43,81.4,12,14,85.7,1,0.2,+0.8,2,12,2,0,10,Matches
Emerson Palmieri,it ITA,DF,Chelsea,26-199,1994,1.0,51,63,81.0,927,203,27,28,96.4,15,19,78.9,8,11,72.7,0,0.0,0.0,0,1,1,1,0,Matches
Thomas Partey,gh GHA,MF,Arsenal,27-250,1993,7.5,400,454,88.1,8042,2283,151,165,91.5,177,191,92.7,63,83,75.9,1,0.5,+0.5,6,57,6,0,49,Matches
Rui Patrício,pt POR,GK,Wolves,33-003,1988,24.0,347,508,68.3,12262,7966,61,62,98.4,99,100,99.0,186,344,54.1,0,0.0,0.0,0,2,0,0,0,Matches
Bailey Peacock-Farrell,nir NIR,GK,Burnley,24-112,1996,1.0,14,32,43.8,798,717,0,0,,3,3,100.0,11,28,39.3,0,0.0,0.0,0,0,0,0,0,Matches
Lee Peltier,eng ENG,DF,West Brom,34-069,1986,2.5,48,76,63.2,895,258,21,23,91.3,22,28,78.6,5,21,23.8,0,0.0,0.0,1,4,2,1,2,Matches
Nicolas Pépé,ci CIV,"FW,MF",Arsenal,25-265,1995,9.0,208,295,70.5,3081,682,118,146,80.8,72,90,80.0,12,31,38.7,0,0.4,-0.4,6,6,8,1,17,Matches
Matheus Pereira,br BRA,"MF,FW",West Brom,24-289,1996,16.3,436,598,72.9,7778,2664,220,256,85.9,135,173,78.0,66,130,50.8,3,2.1,+0.9,33,41,24,6,55,Matches
Ricardo Pereira,pt POR,DF,Leicester City,27-135,1993,3.8,124,172,72.1,1905,720,65,76,85.5,50,65,76.9,7,18,38.9,0,0.1,-0.1,1,4,2,0,10,Matches
Ayoze Pérez,es ESP,"FW,MF",Leicester City,27-210,1993,9.8,247,322,76.7,3436,995,161,187,86.1,68,86,79.1,11,25,44.0,0,1.1,-1.1,18,15,19,4,35,Matches
Kalvin Phillips,eng ENG,MF,Leeds United,25-078,1995,17.5,867,1047,82.8,20266,5102,236,258,91.5,392,433,90.5,226,327,69.1,2,3.0,-1.0,24,105,12,3,75,Matches
Matt Phillips,sco SCO,"MF,DF",West Brom,29-342,1991,8.7,198,291,68.0,3338,1153,96,121,79.3,70,98,71.4,23,51,45.1,1,1.2,-0.2,14,12,12,8,18,Matches
Nathaniel Phillips,eng ENG,DF,Liverpool,23-334,1997,5.5,325,377,86.2,7098,2239,84,93,90.3,181,191,94.8,57,87,65.5,0,0.0,0.0,1,29,0,0,21,Matches
Jordan Pickford,eng ENG,GK,Everton,26-348,1994,18.0,427,649,65.8,14538,10329,107,109,98.2,130,131,99.2,185,402,46.0,0,0.0,0.0,1,14,0,0,0,Matches
Erik Pieters,nl NED,"DF,MF",Burnley,32-195,1988,11.4,338,455,74.3,5968,2219,148,167,88.6,139,175,79.4,38,86,44.2,1,0.2,+0.8,4,24,2,0,23,Matches
Daniel Podence,pt POR,"FW,MF",Wolves,25-120,1995,14.6,380,506,75.1,7045,1871,189,221,85.5,131,174,75.3,53,80,66.3,2,1.0,+1.0,16,38,14,2,55,Matches
Paul Pogba,fr FRA,"MF,FW",Manchester Utd,27-340,1993,15.0,829,999,83.0,15872,3750,376,421,89.3,302,336,89.9,130,195,66.7,0,1.1,-1.1,14,80,20,0,78,Matches
Nick Pope,eng ENG,GK,Burnley,28-305,1992,23.0,363,713,50.9,17087,13677,20,22,90.9,75,79,94.9,268,611,43.9,0,0.2,-0.2,1,26,1,0,0,Matches
Dennis Praet,be BEL,"MF,FW",Leicester City,26-280,1994,7.3,215,272,79.0,3376,766,116,131,88.5,78,100,78.0,14,28,50.0,1,0.8,+0.2,7,9,7,2,18,Matches
Davy Pröpper,nl NED,MF,Brighton,29-169,1991,2.2,67,87,77.0,1260,381,24,32,75.0,36,44,81.8,6,8,75.0,0,0.0,0.0,0,7,5,1,13,Matches
Christian Pulisic,us USA,"FW,MF",Chelsea,22-153,1998,10.7,281,367,76.6,4499,1126,156,185,84.3,99,133,74.4,20,30,66.7,1,1.4,-0.4,12,16,24,1,39,Matches
Aaron Ramsdale,eng ENG,GK,Sheffield Utd,22-280,1998,24.0,318,692,46.0,14829,11728,31,32,96.9,83,85,97.6,204,573,35.6,0,0.1,-0.1,1,34,0,0,0,Matches
Jacob Ramsey,eng ENG,"MF,FW",Aston Villa,19-266,2001,1.8,36,47,76.6,506,128,22,26,84.6,11,13,84.6,1,2,50.0,0,0.0,0.0,1,2,0,0,4,Matches
Kayne Ramsey,eng ENG,DF,Southampton,20-131,2000,1.0,18,26,69.2,286,101,6,7,85.7,8,10,80.0,1,4,25.0,0,0.0,0.0,0,0,0,0,0,Matches
Darren Randolph,ie IRL,GK,West Ham,33-282,1987,1.0,13,22,59.1,496,411,3,3,100.0,3,3,100.0,7,16,43.8,0,0.0,0.0,0,0,0,0,0,Matches
Marcus Rashford,eng ENG,FW,Manchester Utd,23-110,1997,21.6,646,815,79.3,10131,1855,353,408,86.5,223,271,82.3,50,81,61.7,6,2.1,+3.9,25,19,30,3,58,Matches
Tim Ream,us USA,DF,Fulham,33-136,1987,5.0,267,292,91.4,5879,1834,74,76,97.4,139,146,95.2,53,67,79.1,0,0.0,0.0,0,15,0,0,13,Matches
Nathan Redmond,eng ENG,"MF,FW",Southampton,26-349,1994,8.0,266,338,78.7,4503,1027,133,155,85.8,103,129,79.8,24,37,64.9,0,1.0,-1.0,8,16,18,2,37,Matches
Harrison Reed,eng ENG,MF,Fulham,26-022,1995,15.9,827,955,86.6,15634,3850,313,343,91.3,407,449,90.6,96,140,68.6,2,1.1,+0.9,15,65,8,3,60,Matches
Sergio Reguilón,es ESP,DF,Tottenham,24-064,1996,11.8,448,597,75.0,7784,2680,216,250,86.4,192,237,81.0,33,88,37.5,3,1.0,+2.0,8,24,10,6,36,Matches
Bobby Reid,jm JAM,"DF,FW",Fulham,28-016,1993,16.9,385,522,73.8,6335,1894,200,232,86.2,136,180,75.6,35,80,43.8,0,0.7,-0.7,9,24,19,2,43,Matches
Declan Rice,eng ENG,MF,West Ham,22-035,1999,24.0,1001,1171,85.5,19618,4814,399,446,89.5,431,481,89.6,162,215,75.3,1,2.0,-1.0,16,90,19,9,78,Matches
Richarlison,br BRA,"FW,MF",Everton,23-284,1997,17.1,323,449,71.9,4962,1055,188,232,81.0,109,144,75.7,21,36,58.3,3,1.9,+1.1,12,11,8,1,20,Matches
Jaïro Riedewald,nl NED,MF,Crystal Palace,24-162,1996,10.6,328,373,87.9,6049,1577,135,146,92.5,147,163,90.2,39,53,73.6,0,0.9,-0.9,8,34,6,0,31,Matches
Matt Ritchie,sco SCO,"DF,MF",Newcastle Utd,31-161,1989,5.9,166,266,62.4,3285,1463,71,85,83.5,61,87,70.1,32,81,39.5,0,0.7,-0.7,12,13,7,5,17,Matches
Tyler Roberts,wal WAL,"MF,FW",Leeds United,22-037,1999,4.1,97,135,71.9,1591,399,46,59,78.0,35,45,77.8,9,15,60.0,1,0.7,+0.3,5,6,7,0,16,Matches
Andrew Robertson,sco SCO,DF,Liverpool,26-344,1994,23.9,1711,2151,79.5,31410,10363,742,838,88.5,779,903,86.3,171,346,49.4,5,4.2,+0.8,42,123,45,17,178,Matches
Antonee Robinson,us USA,DF,Fulham,23-194,1997,16.5,670,926,72.4,12235,4848,293,341,85.9,297,376,79.0,76,173,43.9,0,1.2,-1.2,21,25,28,16,60,Matches
Callum Robinson,ie IRL,"FW,MF",West Brom,26-016,1995,13.2,229,340,67.4,3581,698,122,156,78.2,74,99,74.7,22,47,46.8,0,0.6,-0.6,10,11,8,6,9,Matches
Jack Robinson,eng ENG,DF,Sheffield Utd,27-170,1993,6.7,251,319,78.7,4971,1727,99,110,90.0,104,125,83.2,44,74,59.5,0,0.0,0.0,0,21,1,0,17,Matches
Hal Robson-Kanu,wal WAL,"FW,MF",West Brom,31-273,1989,2.5,16,24,66.7,255,63,7,11,63.6,5,6,83.3,2,4,50.0,0,0.0,0.0,1,2,1,0,3,Matches
Marek Rodák,sk SVK,GK,Fulham,24-067,1996,1.0,19,26,73.1,596,359,3,3,100.0,8,8,100.0,8,15,53.3,0,0.0,0.0,0,0,0,0,0,Matches
Joe Rodon,wal WAL,DF,Tottenham,23-119,1997,4.1,221,249,88.8,4726,1144,61,65,93.8,124,131,94.7,35,51,68.6,0,0.0,0.0,0,5,0,0,7,Matches
Rodri,es ESP,MF,Manchester City,24-241,1996,21.1,1700,1878,90.5,34305,7392,632,674,93.8,752,815,92.3,297,352,84.4,1,1.4,-0.4,17,172,13,1,117,Matches
Rodrigo,es ESP,MF,Leeds United,29-349,1991,11.0,351,465,75.5,6239,1495,168,203,82.8,129,164,78.7,43,67,64.2,1,1.7,-0.7,20,33,15,3,46,Matches
James Rodríguez,co COL,"FW,MF",Everton,29-221,1991,14.3,620,797,77.8,13064,4005,255,296,86.1,206,245,84.1,145,223,65.0,3,3.8,-0.8,32,73,31,5,102,Matches
Jay Rodriguez,eng ENG,"FW,MF",Burnley,31-204,1989,10.5,159,214,74.3,1959,420,106,134,79.1,35,51,68.6,6,12,50.0,2,1.2,+0.8,6,7,6,1,14,Matches
Oriol Romeu,es ESP,MF,Southampton,29-147,1991,17.5,971,1164,83.4,16460,3306,468,529,88.5,413,466,88.6,74,134,55.2,1,1.0,0.0,13,57,13,1,75,Matches
Antonio Rüdiger,de GER,DF,Chelsea,27-352,1993,9.0,665,718,92.6,14227,3517,175,178,98.3,372,383,97.1,112,145,77.2,0,0.3,-0.3,2,41,3,1,22,Matches
Mathew Ryan,au AUS,GK,Brighton,28-316,1992,11.0,314,399,78.7,8454,4146,62,62,100.0,160,160,100.0,92,177,52.0,0,0.0,0.0,0,1,0,0,0,Matches
Mathew Ryan,au AUS,GK,Arsenal,28-316,1992,1.0,17,17,100.0,509,310,2,2,100.0,8,8,100.0,7,7,100.0,0,0.0,0.0,0,0,0,0,0,Matches
Allan Saint-Maximin,fr FRA,"FW,MF",Newcastle Utd,23-343,1997,9.1,182,224,81.3,3113,687,83,97,85.6,81,91,89.0,15,22,68.2,3,1.8,+1.2,12,12,5,1,23,Matches
Romain Saïss,ma MAR,DF,Wolves,30-329,1990,14.7,653,785,83.2,14018,5467,198,212,93.4,330,374,88.2,118,179,65.9,0,0.1,-0.1,1,56,2,1,63,Matches
Bukayo Saka,eng ENG,"FW,DF",Arsenal,19-166,2001,19.7,583,793,73.5,9184,2495,321,377,85.1,199,248,80.2,46,118,39.0,2,3.3,-1.3,26,38,20,8,48,Matches
Mamadou Sakho,fr FRA,DF,Crystal Palace,31-005,1990,3.1,72,82,87.8,1518,639,22,26,84.6,33,33,100.0,16,22,72.7,0,0.0,0.0,0,2,0,0,3,Matches
Mohamed Salah,eg EGY,FW,Liverpool,28-248,1992,21.4,706,843,83.7,10819,2399,419,456,91.9,219,260,84.2,47,76,61.8,3,3.5,-0.5,32,42,48,7,85,Matches
Mohammed Salisu,gh GHA,DF,Southampton,21-307,1999,0.2,9,11,81.8,168,51,3,4,75.0,6,6,100.0,0,0,,0,0.0,0.0,0,1,0,0,0,Matches
Davinson Sánchez,co COL,DF,Tottenham,24-251,1996,8.5,439,501,87.6,9395,2355,126,139,90.6,233,253,92.1,76,97,78.4,0,0.0,0.0,0,7,0,0,18,Matches
Robert Sánchez,es ESP,GK,Brighton,23-092,1997,13.0,336,508,66.1,11055,6506,43,44,97.7,157,159,98.7,136,304,44.7,0,0.0,0.0,0,11,0,0,0,Matches
Morgan Sanson,fr FRA,MF,Aston Villa,26-184,1994,0.3,11,12,91.7,138,40,9,9,100.0,2,2,100.0,0,1,0.0,0,0.0,0.0,0,0,0,0,0,Matches
Romaine Sawyers,kn SKN,MF,West Brom,29-108,1991,16.5,601,709,84.8,11776,3125,230,260,88.5,274,310,88.4,88,116,75.9,0,0.4,-0.4,5,57,5,2,52,Matches
Dane Scarlett,eng ENG,FW,Tottenham,16-331,2004,0.0,0,0,,0,0,0,0,,0,0,,0,0,,0,0.0,0.0,0,0,0,0,0,Matches
Fabian Schär,ch SUI,DF,Newcastle Utd,29-060,1991,13.4,427,554,77.1,10269,4346,124,138,89.9,193,221,87.3,109,189,57.7,0,0.0,0.0,1,39,11,0,37,Matches
Jeffrey Schlupp,gh GHA,MF,Crystal Palace,28-057,1992,10.8,198,285,69.5,3034,807,106,137,77.4,73,103,70.9,11,20,55.0,1,0.9,+0.1,11,19,6,1,23,Matches
Kasper Schmeichel,dk DEN,GK,Leicester City,34-105,1986,24.0,549,770,71.3,17342,9549,69,70,98.6,245,247,99.2,233,451,51.7,0,0.0,0.0,0,3,0,0,0,Matches
Nélson Semedo,pt POR,DF,Wolves,27-094,1993,20.7,962,1193,80.6,15471,4680,557,609,91.5,307,372,82.5,81,146,55.5,1,0.5,+0.5,10,60,16,8,60,Matches
Jamie Shackleton,eng ENG,"MF,DF",Leeds United,21-133,1999,4.4,156,179,87.2,2530,564,76,85,89.4,62,69,89.9,12,14,85.7,0,0.3,-0.3,2,7,1,1,7,Matches
Xherdan Shaqiri,ch SUI,"MF,FW",Liverpool,29-131,1991,4.5,241,292,82.5,4193,1003,110,123,89.4,91,105,86.7,30,43,69.8,2,1.7,+0.3,11,17,18,3,24,Matches
Billy Sharp,eng ENG,FW,Sheffield Utd,35-013,1986,5.8,71,102,69.6,949,158,36,47,76.6,26,36,72.2,0,1,0.0,0,0.4,-0.4,3,2,2,0,5,Matches
Luke Shaw,eng ENG,DF,Manchester Utd,25-221,1995,17.5,975,1207,80.8,15302,6546,559,606,92.2,329,401,82.0,65,145,44.8,5,3.1,+1.9,39,52,27,10,100,Matches
Jonjo Shelvey,eng ENG,MF,Newcastle Utd,28-357,1992,15.1,573,789,72.6,14278,4134,172,204,84.3,242,295,82.0,155,274,56.6,1,1.2,-0.2,22,80,15,3,67,Matches
Gylfi Sigurðsson,is ISL,MF,Everton,31-163,1989,14.3,470,591,79.5,8773,2083,198,231,85.7,189,210,90.0,70,123,56.9,2,2.0,0.0,24,32,8,2,32,Matches
Bernardo Silva,pt POR,"MF,FW",Manchester City,26-192,1994,15.5,897,999,89.8,15538,2461,431,464,92.9,356,382,93.2,92,113,81.4,3,2.2,+0.8,17,60,20,0,50,Matches
Fábio Silva,pt POR,FW,Wolves,18-214,2002,8.2,119,159,74.8,1721,243,69,85,81.2,36,45,80.0,7,15,46.7,0,0.3,-0.3,7,3,3,0,7,Matches
Thiago Silva,br BRA,DF,Chelsea,36-149,1984,16.2,1352,1446,93.5,29610,9143,365,380,96.1,726,751,96.7,254,301,84.4,0,0.2,-0.2,3,90,4,0,66,Matches
Moussa Sissoko,fr FRA,MF,Tottenham,31-186,1989,15.3,572,676,84.6,10243,2218,249,286,87.1,249,274,90.9,63,94,67.0,0,0.5,-0.5,5,41,6,2,30,Matches
Islam Slimani,dz ALG,FW,Leicester City,32-245,1988,0.2,8,11,72.7,108,16,5,6,83.3,3,5,60.0,0,0,,0,0.0,0.0,1,0,0,0,1,Matches
William Smallbone,ie IRL,MF,Southampton,20-363,2000,1.9,64,78,82.1,1113,243,28,31,90.3,31,34,91.2,4,11,36.4,0,0.0,0.0,0,4,1,0,5,Matches
Emile Smith-Rowe,eng ENG,MF,Arsenal,20-205,2000,8.8,344,401,85.8,5046,1060,203,224,90.6,115,130,88.5,15,21,71.4,4,2.0,+2.0,14,20,9,2,24,Matches
Robert Snodgrass,sco SCO,"MF,FW",West Brom,33-164,1987,5.5,92,119,77.3,1497,521,52,63,82.5,30,42,71.4,7,11,63.6,0,0.3,-0.3,3,9,4,0,14,Matches
Robert Snodgrass,sco SCO,"FW,DF",West Ham,33-164,1987,0.1,3,3,100.0,35,13,3,3,100.0,0,0,,0,0,,0,0.0,0.0,0,0,0,0,0,Matches
Cédric Soares,pt POR,DF,Arsenal,29-171,1991,5.8,233,315,74.0,3943,1507,120,141,85.1,88,115,76.5,22,49,44.9,1,0.9,+0.1,6,21,6,2,18,Matches
Tomáš Souček,cz CZE,MF,West Ham,25-357,1995,24.0,697,931,74.9,13517,3449,287,384,74.7,284,374,75.9,112,139,80.6,0,0.8,-0.8,11,58,7,1,68,Matches
Çağlar Söyüncü,tr TUR,DF,Leicester City,24-271,1996,8.2,415,475,87.4,7972,2779,148,162,91.4,211,231,91.3,48,72,66.7,0,0.1,-0.1,1,18,1,0,25,Matches
Zack Steffen,us USA,GK,Manchester City,25-322,1995,1.0,23,28,82.1,512,236,8,8,100.0,8,8,100.0,7,12,58.3,0,0.0,0.0,0,0,0,0,0,Matches
Dale Stephens,eng ENG,MF,Burnley,31-251,1989,2.8,98,119,82.4,1804,527,43,48,89.6,37,44,84.1,16,22,72.7,0,0.0,0.0,0,7,3,0,12,Matches
Jack Stephens,eng ENG,DF,Southampton,27-022,1994,11.4,574,705,81.4,12083,4189,165,194,85.1,317,353,89.8,85,141,60.3,0,0.4,-0.4,6,42,8,0,38,Matches
Raheem Sterling,eng ENG,FW,Manchester City,26-072,1994,19.9,667,783,85.2,8825,1694,441,488,90.4,183,205,89.3,17,31,54.8,5,2.9,+2.1,27,29,21,5,40,Matches
Enda Stevens,ie IRL,DF,Sheffield Utd,30-224,1990,16.0,632,801,78.9,11015,4651,316,341,92.7,243,306,79.4,66,132,50.0,0,0.4,-0.4,6,52,17,4,68,Matches
John Stones,eng ENG,DF,Manchester City,26-266,1994,14.0,1132,1202,94.2,22053,5698,421,437,96.3,552,573,96.3,148,170,87.1,0,0.1,-0.1,1,76,0,0,47,Matches
Pascal Struijk,nl NED,"DF,MF",Leeds United,21-191,1999,12.2,707,793,89.2,15369,3841,184,203,90.6,400,427,93.7,117,152,77.0,0,0.1,-0.1,1,28,2,0,29,Matches
Japhet Tanganga,eng ENG,DF,Tottenham,21-324,1999,1.0,36,43,83.7,535,194,22,24,91.7,13,15,86.7,1,3,33.3,0,0.0,0.0,0,2,0,0,3,Matches
Matt Targett,eng ENG,DF,Aston Villa,25-153,1995,21.8,917,1194,76.8,16571,7846,421,481,87.5,358,457,78.3,108,194,55.7,1,1.3,-0.3,19,87,31,5,134,Matches
James Tarkowski,eng ENG,DF,Burnley,28-091,1992,22.0,488,696,70.1,12196,4422,130,174,74.7,210,268,78.4,145,239,60.7,0,0.4,-0.4,5,36,3,1,37,Matches
Percy Tau,za RSA,"FW,MF",Brighton,26-281,1994,0.9,15,22,68.2,217,35,8,12,66.7,6,7,85.7,0,2,0.0,0,0.0,0.0,1,0,0,0,1,Matches
Charlie Taylor,eng ENG,DF,Burnley,27-153,1993,15.6,533,762,69.9,9988,4199,247,290,85.2,207,281,73.7,74,161,46.0,1,0.8,+0.2,9,45,12,9,39,Matches
Neil Taylor,wal WAL,DF,Aston Villa,32-011,1989,0.2,10,11,90.9,120,29,8,8,100.0,2,3,66.7,0,0,,0,0.0,0.0,0,0,0,0,0,Matches
Allan Tchaptchet,fr FRA,DF,Southampton,19-059,2001,0.1,0,2,0.0,0,0,0,1,0.0,0,0,,0,0,,0,0.0,0.0,0,0,0,0,0,Matches
Nathan Tella,eng ENG,"FW,MF",Southampton,21-228,1999,1.8,21,28,75.0,289,40,10,12,83.3,8,11,72.7,1,3,33.3,0,0.0,0.0,0,2,0,0,0,Matches
Alex Telles,br BRA,DF,Manchester Utd,28-065,1992,5.7,364,452,80.5,6000,2492,191,202,94.6,128,152,84.2,33,81,40.7,2,0.8,+1.2,10,29,12,1,40,Matches
Kenny Tete,nl NED,DF,Fulham,25-132,1995,8.5,299,420,71.2,5317,2275,140,169,82.8,120,166,72.3,32,54,59.3,1,1.2,-0.2,11,9,17,12,29,Matches
Luke Thomas,eng ENG,DF,Leicester City,19-253,2001,3.0,77,116,66.4,1071,363,49,64,76.6,24,35,68.6,2,12,16.7,0,0.0,0.0,1,4,1,1,5,Matches
Youri Tielemans,be BEL,MF,Leicester City,23-287,1997,23.3,1262,1565,80.6,24548,6309,499,553,90.2,552,640,86.3,192,325,59.1,2,1.2,+0.8,16,133,29,2,131,Matches
Kieran Tierney,sco SCO,DF,Arsenal,23-258,1997,16.9,811,1055,76.9,15242,4316,316,360,87.8,391,458,85.4,96,205,46.8,1,2.7,-1.7,24,41,24,8,77,Matches
James Tomkins,eng ENG,DF,Crystal Palace,31-326,1989,4.3,101,131,77.1,2377,865,22,26,84.6,54,58,93.1,24,44,54.5,0,0.0,0.0,0,11,0,0,3,Matches
Fikayo Tomori,eng ENG,DF,Chelsea,23-061,1997,0.5,27,29,93.1,574,161,6,6,100.0,17,18,94.4,4,5,80.0,0,0.0,0.0,0,0,0,0,0,Matches
Ferrán Torres,es ESP,FW,Manchester City,20-355,2000,8.2,200,241,83.0,3186,624,106,119,89.1,77,89,86.5,11,23,47.8,2,1.2,+0.8,7,11,9,1,21,Matches
Cenk Tosun,tr TUR,FW,Everton,29-256,1991,0.5,8,10,80.0,151,14,4,4,100.0,3,3,100.0,1,2,50.0,0,0.1,-0.1,1,0,0,0,0,Matches
Andros Townsend,eng ENG,MF,Crystal Palace,29-217,1991,16.3,400,588,68.0,6919,2599,201,241,83.4,127,168,75.6,54,134,40.3,3,2.2,+0.8,24,25,25,10,49,Matches
Conor Townsend,eng ENG,DF,West Brom,27-351,1993,10.8,436,568,76.8,8012,3552,191,211,90.5,201,247,81.4,42,99,42.4,0,0.5,-0.5,7,37,9,4,65,Matches
Adama Traoré,es ESP,"FW,DF",Wolves,25-024,1996,16.8,320,514,62.3,5093,1557,180,240,75.0,103,170,60.6,28,56,50.0,0,3.4,-3.4,33,23,17,11,35,Matches
Bertrand Traoré,bf BFA,FW,Aston Villa,25-165,1995,12.3,321,443,72.5,6160,1479,142,168,84.5,118,148,79.7,55,107,51.4,3,1.4,+1.6,14,16,11,4,30,Matches
Trézéguet,eg EGY,FW,Aston Villa,26-140,1994,9.0,154,224,68.8,2503,849,71,92,77.2,58,82,70.7,14,29,48.3,1,1.9,-0.9,8,14,6,3,21,Matches
Leandro Trossard,be BEL,"FW,MF",Brighton,26-076,1994,17.3,488,667,73.2,9539,2555,213,268,79.5,189,226,83.6,75,126,59.5,4,3.3,+0.7,33,46,38,12,67,Matches
Kostas Tsimikas,gr GRE,DF,Liverpool,24-282,1996,0.1,6,8,75.0,118,0,4,4,100.0,1,2,50.0,1,2,50.0,0,0.0,0.0,0,0,0,0,0,Matches
Axel Tuanzebe,eng ENG,DF,Manchester Utd,23-096,1997,1.5,109,117,93.2,2163,497,39,41,95.1,55,57,96.5,15,17,88.2,0,0.0,0.0,0,6,0,0,7,Matches
Cengiz Ünder,tr TUR,"MF,FW",Leicester City,23-219,1997,2.7,78,110,70.9,1304,384,44,53,83.0,25,33,75.8,8,15,53.3,2,1.7,+0.3,5,3,7,3,7,Matches
Yan Valery,fr FRA,"DF,MF",Southampton,21-362,1999,1.1,53,66,80.3,885,269,24,27,88.9,27,30,90.0,2,6,33.3,0,0.0,0.0,0,0,2,1,2,Matches
Jamie Vardy,eng ENG,FW,Leicester City,34-038,1987,17.7,142,233,60.9,2001,353,93,134,69.4,37,60,61.7,8,16,50.0,5,2.5,+2.5,16,6,5,0,14,Matches
Joël Veltman,nl NED,DF,Brighton,29-034,1992,15.3,677,888,76.2,13453,5402,259,302,85.8,314,399,78.7,99,168,58.9,0,0.8,-0.8,14,55,27,11,73,Matches
Jannik Vestergaard,dk DEN,DF,Southampton,28-199,1992,14.5,808,961,84.1,16552,5806,285,308,92.5,407,471,86.4,111,166,66.9,0,0.4,-0.4,3,61,6,0,36,Matches
Rúben Vinagre,pt POR,DF,Wolves,21-315,1999,1.9,82,98,83.7,1310,324,44,48,91.7,31,40,77.5,7,9,77.8,0,0.0,0.0,0,2,1,1,2,Matches
Carlos Vinícius,br BRA,FW,Tottenham,25-330,1995,1.8,15,25,60.0,220,42,4,9,44.4,5,7,71.4,2,4,50.0,0,0.1,-0.1,2,2,1,0,2,Matches
Vitinha,pt POR,MF,Wolves,21-005,2000,2.6,153,168,91.1,2560,236,70,78,89.7,64,65,98.5,15,20,75.0,1,0.2,+0.8,5,11,0,0,3,Matches
Jake Vokins,eng ENG,DF,Southampton,20-338,2000,0.7,20,22,90.9,371,115,7,7,100.0,13,13,100.0,0,1,0.0,0,0.2,-0.2,2,0,2,1,3,Matches
Matěj Vydra,cz CZE,FW,Burnley,28-293,1992,5.2,67,88,76.1,797,89,48,59,81.4,11,13,84.6,3,5,60.0,0,0.6,-0.6,5,0,3,1,2,Matches
Theo Walcott,eng ENG,"MF,FW",Southampton,31-339,1989,13.7,234,326,71.8,3254,645,147,173,85.0,69,100,69.0,8,27,29.6,2,0.8,+1.2,11,14,10,3,20,Matches
Theo Walcott,eng ENG,FW,Everton,31-339,1989,0.1,1,1,100.0,18,10,0,0,,1,1,100.0,0,0,,0,0.0,0.0,0,0,0,0,0,Matches
Kyle Walker,eng ENG,DF,Manchester City,30-266,1990,14.3,1073,1218,88.1,21535,5865,393,430,91.4,515,557,92.5,156,206,75.7,1,0.5,+0.5,6,113,6,0,74,Matches
Kyle Walker-Peters,eng ENG,DF,Southampton,23-311,1997,18.8,883,1101,80.2,14697,4712,444,485,91.5,337,410,82.2,82,145,56.6,1,0.4,+0.6,10,37,8,0,55,Matches
Aaron Wan-Bissaka,eng ENG,DF,Manchester Utd,23-084,1997,22.0,1126,1316,85.6,16694,5984,655,712,92.0,421,481,87.5,36,74,48.6,2,1.3,+0.7,16,56,14,7,82,Matches
Joel Ward,eng ENG,DF,Crystal Palace,31-112,1989,11.1,337,483,69.8,5526,2872,172,202,85.1,121,170,71.2,32,78,41.0,1,0.4,+0.6,5,31,5,2,31,Matches
James Ward-Prowse,eng ENG,MF,Southampton,26-109,1994,23.0,1371,1674,81.9,24290,6173,610,675,90.4,589,642,91.7,143,309,46.3,5,2.4,+2.6,33,106,15,0,101,Matches
Ollie Watkins,eng ENG,FW,Aston Villa,25-050,1995,22.0,347,489,71.0,4710,852,218,289,75.4,104,142,73.2,8,17,47.1,2,2.1,-0.1,23,27,13,3,21,Matches
Caleb Watts,au AUS,"MF,FW",Southampton,19-033,2002,0.2,2,5,40.0,56,26,1,3,33.3,0,1,0.0,1,1,100.0,0,0.0,0.0,0,0,1,1,0,Matches
Adam Webster,eng ENG,DF,Brighton,26-045,1995,21.8,1088,1337,81.4,23757,8155,293,346,84.7,595,666,89.3,192,294,65.3,0,0.2,-0.2,6,106,6,1,86,Matches
Danny Welbeck,eng ENG,FW,Brighton,30-084,1990,7.3,70,93,75.3,960,230,48,63,76.2,15,18,83.3,6,7,85.7,0,0.6,-0.6,7,5,1,0,9,Matches
Timo Werner,de GER,FW,Chelsea,24-349,1996,19.3,479,619,77.4,7279,1493,257,312,82.4,187,216,86.6,19,41,46.3,5,2.8,+2.2,18,25,15,5,45,Matches
Ashley Westwood,eng ENG,MF,Burnley,30-323,1990,23.9,980,1328,73.8,20757,6932,339,388,87.4,399,476,83.8,210,410,51.2,2,3.7,-1.7,33,109,49,7,124,Matches
Ben White,eng ENG,"DF,MF",Brighton,23-133,1997,22.5,864,1061,81.4,17633,5241,292,329,88.8,436,493,88.4,128,216,59.3,0,0.5,-0.5,7,64,15,1,68,Matches
Georginio Wijnaldum,nl NED,MF,Liverpool,30-099,1990,21.7,1083,1169,92.6,18615,3596,525,559,93.9,433,460,94.1,100,113,88.5,0,1.3,-1.3,15,95,16,1,65,Matches
Brandon Williams,eng ENG,DF,Manchester Utd,20-168,2000,0.1,6,7,85.7,115,9,3,3,100.0,1,2,50.0,2,2,100.0,0,0.0,0.0,0,1,0,0,0,Matches
Neco Williams,wal WAL,DF,Liverpool,19-311,2001,1.9,117,151,77.5,1940,634,59,65,90.8,42,51,82.4,11,23,47.8,0,0.1,-0.1,1,8,0,0,11,Matches
Rhys Williams,eng ENG,DF,Liverpool,20-015,2001,1.3,89,101,88.1,2001,614,22,28,78.6,44,47,93.6,23,26,88.5,0,0.2,-0.2,1,7,1,0,5,Matches
Willian,br BRA,"FW,MF",Arsenal,32-193,1988,11.4,445,575,77.4,8050,1481,211,241,87.6,180,218,82.6,52,104,50.0,3,1.7,+1.3,17,23,20,7,33,Matches
Joe Willock,eng ENG,MF,Arsenal,21-182,1999,2.6,69,91,75.8,1078,279,35,42,83.3,28,34,82.4,3,9,33.3,0,0.0,0.0,2,9,4,1,6,Matches
Joe Willock,eng ENG,MF,Newcastle Utd,21-182,1999,1.9,22,29,75.9,372,81,9,10,90.0,9,14,64.3,2,3,66.7,0,0.3,-0.3,2,3,0,0,2,Matches
Callum Wilson,eng ENG,FW,Newcastle Utd,28-357,1992,20.1,225,324,69.4,3098,606,134,178,75.3,67,87,77.0,9,14,64.3,5,2.0,+3.0,14,9,13,0,19,Matches
Harry Winks,eng ENG,MF,Tottenham,25-016,1996,6.3,348,413,84.3,6510,1846,149,164,90.9,152,167,91.0,44,68,64.7,0,0.3,-0.3,4,46,3,0,34,Matches
Chris Wood,nz NZL,FW,Burnley,29-073,1991,18.7,252,373,67.6,3324,427,157,215,73.0,71,106,67.0,7,14,50.0,0,1.0,-1.0,14,12,4,0,18,Matches
Granit Xhaka,ch SUI,MF,Arsenal,28-144,1992,18.1,1160,1300,89.2,23558,5829,415,457,90.8,550,589,93.4,187,229,81.7,2,1.0,+1.0,9,160,20,0,140,Matches
Andriy Yarmolenko,ua UKR,"FW,MF",West Ham,31-118,1989,4.0,110,139,79.1,1946,530,60,69,87.0,34,47,72.3,15,20,75.0,1,1.0,0.0,5,10,4,1,10,Matches
DeAndre Yedlin,us USA,DF,Newcastle Utd,27-224,1993,4.8,111,172,64.5,1758,808,62,76,81.6,35,54,64.8,11,31,35.5,0,0.1,-0.1,3,5,6,1,13,Matches
Okay Yokuşlu,tr TUR,MF,West Brom,26-346,1994,0.9,19,24,79.2,286,51,11,13,84.6,8,11,72.7,0,0,,0,0.0,0.0,0,2,0,0,1,Matches
Wilfried Zaha,ci CIV,FW,Crystal Palace,28-100,1992,18.5,381,503,75.7,5524,1211,237,296,80.1,107,130,82.3,22,36,61.1,2,2.0,0.0,15,16,20,3,39,Matches
Andre-Frank Zambo Anguissa,cm CMR,MF,Fulham,25-094,1995,19.1,830,972,85.4,14217,3468,384,441,87.1,371,410,90.5,58,84,69.0,3,1.8,+1.2,20,103,13,4,75,Matches
Andi Zeqiri,ch SUI,"FW,DF",Brighton,21-241,1999,0.8,5,11,45.5,89,34,4,5,80.0,0,3,0.0,1,1,100.0,0,0.0,0.0,0,1,1,1,1,Matches
Oleksandr Zinchenko,ua UKR,DF,Manchester City,24-065,1996,8.1,674,742,90.8,10960,2965,364,382,95.3,253,274,92.3,47,66,71.2,0,0.1,-0.1,1,50,8,0,45,Matches
Hakim Ziyech,ma MAR,"FW,MF",Chelsea,27-336,1993,7.0,352,470,74.9,6235,1658,165,195,84.6,135,161,83.9,43,93,46.2,3,2.3,+0.7,17,32,19,4,41,Matches
Kurt Zouma,fr FRA,DF,Chelsea,26-114,1994,15.0,1004,1109,90.5,23048,5819,225,243,92.6,571,603,94.7,203,251,80.9,0,0.0,0.0,1,72,2,0,46,Matches
Martin Ødegaard,no NOR,MF,Arsenal,22-063,1998,1.2,52,62,83.9,761,202,26,28,92.9,15,17,88.2,5,8,62.5,0,0.0,0.0,1,4,2,0,7,Matches
