player,nationality,position,squad,age,birth_year,minutes_90s,goals,shots_total,shots_on_target,shots_on_target_pct,shots_total_per90,shots_on_target_per90,goals_per_shot,goals_per_shot_on_target,average_shot_distance,shots_free_kicks,pens_made,pens_att,xg,npxg,npxg_per_shot,xg_net,npxg_net,matches
Patrick van Aanholt,nl NED,DF,Crystal Palace,30-173,1990,12.7,0,15,5,33.3,1.18,0.39,0.00,0.00,20.6,3,0,0,0.8,0.8,0.05,-0.8,-0.8,Matches
Tammy Abraham,eng ENG,FW,Chelsea,23-139,1997,10.8,6,31,13,41.9,2.86,1.20,0.19,0.46,9.9,0,0,0,5.6,5.6,0.18,+0.4,+0.4,Matches
Che Adams,eng ENG,FW,Southampton,24-220,1996,19.3,4,38,17,44.7,1.97,0.88,0.11,0.24,13.6,0,0,0,5.1,5.1,0.13,-1.1,-1.1,Matches
Tosin Adarabioyo,eng ENG,DF,Fulham,23-147,1997,20.0,0,14,3,21.4,0.70,0.15,0.00,0.00,8.9,0,0,0,0.8,0.8,0.06,-0.8,-0.8,Matches
Adrián,es ESP,GK,Liverpool,34-046,1987,2.0,0,0,0,,0.00,0.00,,,,0,0,0,0.0,0.0,,0.0,0.0,Matches
Sergio Agüero,ar ARG,FW,Manchester City,32-261,1988,1.6,0,4,1,25.0,2.52,0.63,0.00,0.00,8.4,0,0,0,0.6,0.6,0.16,-0.6,-0.6,Matches
Ola Aina,ng NGA,DF,Fulham,24-133,1996,19.7,2,11,2,18.2,0.56,0.10,0.18,1.00,24.7,1,0,0,0.9,0.9,0.08,+1.1,+1.1,Matches
Rayan Aït Nouri,fr FRA,DF,Wolves,19-257,2001,7.7,1,9,3,33.3,1.17,0.39,0.11,0.33,20.4,0,0,0,0.3,0.3,0.04,+0.7,+0.7,Matches
Semi Ajayi,ng NGA,DF,West Brom,27-101,1993,23.0,2,7,3,42.9,0.30,0.13,0.29,0.67,10.1,0,0,0,0.5,0.5,0.07,+1.5,+1.5,Matches
Nathan Aké,nl NED,DF,Manchester City,26-000,1995,5.2,1,1,1,100.0,0.19,0.19,1.00,1.00,7.0,0,0,0,0.1,0.1,0.07,+0.9,+0.9,Matches
Marc Albrighton,eng ENG,"FW,DF",Leicester City,31-092,1989,12.4,0,14,6,42.9,1.13,0.48,0.00,0.00,21.3,0,0,0,0.9,0.9,0.06,-0.9,-0.9,Matches
Thiago Alcántara,es ESP,MF,Liverpool,29-313,1991,9.1,0,12,1,8.3,1.32,0.11,0.00,0.00,22.2,1,0,0,0.4,0.4,0.03,-0.4,-0.4,Matches
Toby Alderweireld,be BEL,DF,Tottenham,31-353,1989,13.9,1,6,2,33.3,0.43,0.14,0.17,0.50,8.1,0,0,0,0.4,0.4,0.07,+0.6,+0.6,Matches
Rúnar Alex Rúnarsson,is ISL,GK,Arsenal,26-000,1995,0.2,0,0,0,,0.00,0.00,,,,0,0,0,0.0,0.0,,0.0,0.0,Matches
Trent Alexander-Arnold,eng ENG,DF,Liverpool,22-134,1998,20.5,1,30,6,20.0,1.46,0.29,0.03,0.17,24.9,10,0,0,1.6,1.6,0.05,-0.6,-0.6,Matches
Ezgjan Alioski,mk MKD,"DF,MF",Leeds United,29-006,1992,15.6,2,14,5,35.7,0.90,0.32,0.14,0.40,19.2,0,0,0,1.0,1.0,0.07,+1.0,+1.0,Matches
Alisson,br BRA,GK,Liverpool,28-139,1992,20.0,0,0,0,,0.00,0.00,,,,0,0,0,0.0,0.0,,0.0,0.0,Matches
Allan,br BRA,MF,Everton,30-041,1991,11.4,0,4,1,25.0,0.35,0.09,0.00,0.00,23.8,0,0,0,0.1,0.1,0.03,-0.1,-0.1,Matches
Dele Alli,eng ENG,MF,Tottenham,24-313,1996,1.2,0,2,1,50.0,1.73,0.87,0.00,0.00,10.7,0,0,0,0.2,0.2,0.09,-0.2,-0.2,Matches
Miguel Almirón,py PAR,"MF,FW",Newcastle Utd,27-008,1994,16.2,4,21,9,42.9,1.29,0.55,0.19,0.44,17.5,1,0,0,2.1,2.1,0.10,+1.9,+1.9,Matches
Marcos Alonso,es ESP,DF,Chelsea,30-052,1990,5.8,1,11,3,27.3,1.89,0.52,0.09,0.33,15.9,1,0,0,0.5,0.5,0.05,+0.5,+0.5,Matches
Steven Alzate,co COL,"MF,DF",Brighton,22-163,1998,7.5,1,4,2,50.0,0.53,0.27,0.25,0.50,14.9,0,0,0,0.5,0.5,0.14,+0.5,+0.5,Matches
Daniel Amartey,gh GHA,DF,Leicester City,26-059,1994,4.1,0,1,0,0.0,0.24,0.00,0.00,,10.0,0,0,0,0.1,0.1,0.06,-0.1,-0.1,Matches
Ethan Ampadu,wal WAL,"DF,MF",Sheffield Utd,20-157,2000,15.8,0,6,2,33.3,0.38,0.13,0.00,0.00,18.8,0,0,0,0.3,0.3,0.05,-0.3,-0.3,Matches
Joachim Andersen,dk DEN,DF,Fulham,24-263,1996,17.7,0,1,0,0.0,0.06,0.00,0.00,,25.0,0,0,0,0.0,0.0,0.04,0.0,0.0,Matches
Elliot Anderson,sco SCO,MF,Newcastle Utd,18-104,2002,0.0,0,0,0,,0.00,0.00,,,,0,0,0,0.0,0.0,,0.0,0.0,Matches
Felipe Anderson,br BRA,"FW,MF",West Ham,27-309,1993,0.0,0,0,0,,0.00,0.00,,,,0,0,0,0.0,0.0,,0.0,0.0,Matches
Michail Antonio,eng ENG,FW,West Ham,30-327,1990,11.9,5,37,15,40.5,3.12,1.26,0.14,0.33,13.4,0,0,0,5.9,5.9,0.16,-0.9,-0.9,Matches
Alphonse Areola,fr FRA,GK,Fulham,27-357,1993,23.0,0,0,0,,0.00,0.00,,,,0,0,0,0.0,0.0,,0.0,0.0,Matches
Stuart Armstrong,sco SCO,MF,Southampton,28-325,1992,17.2,3,24,4,16.7,1.39,0.23,0.13,0.75,19.1,0,0,0,1.5,1.5,0.06,+1.5,+1.5,Matches
Kepa Arrizabalaga,es ESP,GK,Chelsea,26-138,1994,4.0,0,0,0,,0.00,0.00,,,,0,0,0,0.0,0.0,,0.0,0.0,Matches
Pierre-Emerick Aubameyang,ga GAB,FW,Arsenal,31-245,1989,18.5,8,43,17,39.5,2.32,0.92,0.14,0.35,14.2,0,2,2,8.1,6.6,0.15,-0.1,-0.6,Matches
Serge Aurier,ci CIV,DF,Tottenham,28-056,1992,11.9,2,9,5,55.6,0.75,0.42,0.22,0.40,15.3,0,0,0,1.0,1.0,0.11,+1.0,+1.0,Matches
Charlie Austin,eng ENG,FW,West Brom,31-228,1989,1.5,0,3,0,0.0,1.96,0.00,0.00,,19.3,0,0,0,0.2,0.2,0.07,-0.2,-0.2,Matches
Jordan Ayew,gh GHA,"FW,MF",Crystal Palace,29-160,1991,13.6,1,18,7,38.9,1.33,0.52,0.06,0.14,16.6,0,0,0,1.7,1.7,0.10,-0.7,-0.7,Matches
Luke Ayling,eng ENG,DF,Leeds United,29-177,1991,22.8,0,15,3,20.0,0.66,0.13,0.00,0.00,17.7,0,0,0,0.8,0.8,0.05,-0.8,-0.8,Matches
César Azpilicueta,es ESP,DF,Chelsea,31-174,1989,12.6,1,8,3,37.5,0.64,0.24,0.13,0.33,13.3,0,0,0,0.7,0.7,0.09,+0.3,+0.3,Matches
Eric Bailly,ci CIV,DF,Manchester Utd,26-312,1994,6.1,0,1,0,0.0,0.16,0.00,0.00,,11.0,0,0,0,0.0,0.0,0.05,0.0,0.0,Matches
Fabián Balbuena,py PAR,DF,West Ham,29-179,1991,12.0,1,7,2,28.6,0.58,0.17,0.14,0.50,9.1,0,0,0,0.6,0.6,0.09,+0.4,+0.4,Matches
George Baldock,eng ENG,DF,Sheffield Utd,27-346,1993,18.5,0,10,2,20.0,0.54,0.11,0.00,0.00,16.5,0,0,0,1.0,1.0,0.10,-1.0,-1.0,Matches
Gareth Bale,wal WAL,FW,Tottenham,31-217,1989,2.8,1,9,3,33.3,3.23,1.08,0.11,0.33,19.0,2,0,0,0.9,0.9,0.10,+0.1,+0.1,Matches
Patrick Bamford,eng ENG,FW,Leeds United,27-166,1993,21.8,12,77,33,42.9,3.53,1.51,0.14,0.33,12.6,0,1,1,12.2,11.4,0.15,-0.2,-0.4,Matches
Phil Bardsley,sco SCO,DF,Burnley,35-235,1985,3.0,0,4,0,0.0,1.31,0.00,0.00,,25.8,0,0,0,0.1,0.1,0.03,-0.1,-0.1,Matches
Ross Barkley,eng ENG,MF,Aston Villa,27-075,1993,11.0,3,31,9,29.0,2.82,0.82,0.10,0.33,17.1,1,0,0,2.9,2.9,0.09,+0.1,+0.1,Matches
Ross Barkley,eng ENG,MF,Chelsea,27-075,1993,0.5,0,1,1,100.0,2.14,2.14,0.00,0.00,28.0,0,0,0,0.0,0.0,0.03,0.0,0.0,Matches
Ashley Barnes,eng ENG,FW,Burnley,31-111,1989,14.4,3,36,12,33.3,2.51,0.84,0.06,0.17,16.0,0,1,1,4.9,4.1,0.11,-1.9,-2.1,Matches
Harvey Barnes,eng ENG,"FW,MF",Leicester City,23-071,1997,20.1,8,50,23,46.0,2.49,1.15,0.16,0.35,16.7,0,0,0,5.6,5.6,0.11,+2.4,+2.4,Matches
Kyle Bartley,eng ENG,DF,West Brom,29-272,1991,14.8,2,8,4,50.0,0.54,0.27,0.25,0.50,7.1,0,0,0,1.5,1.5,0.18,+0.5,+0.5,Matches
Chris Basham,eng ENG,"DF,MF",Sheffield Utd,32-213,1988,22.1,0,8,1,12.5,0.36,0.05,0.00,0.00,14.4,0,0,0,0.6,0.6,0.08,-0.6,-0.6,Matches
Michy Batshuayi,be BEL,FW,Crystal Palace,27-139,1993,7.8,1,11,5,45.5,1.41,0.64,0.09,0.20,17.3,0,0,0,1.1,1.1,0.10,-0.1,-0.1,Matches
Jan Bednarek,pl POL,DF,Southampton,24-312,1996,21.9,1,8,4,50.0,0.36,0.18,0.13,0.25,8.9,0,0,0,0.9,0.9,0.11,+0.1,+0.1,Matches
Donny van de Beek,nl NED,"MF,FW",Manchester Utd,23-306,1997,3.6,1,1,1,100.0,0.28,0.28,1.00,1.00,9.8,0,0,0,0.3,0.3,0.26,+0.7,+0.7,Matches
Héctor Bellerín,es ESP,DF,Arsenal,25-336,1995,20.2,1,11,4,36.4,0.54,0.20,0.09,0.25,20.1,0,0,0,0.6,0.6,0.05,+0.4,+0.4,Matches
Saïd Benrahma,dz ALG,"MF,FW",West Ham,25-192,1995,9.5,0,21,8,38.1,2.22,0.85,0.00,0.00,19.6,1,0,0,1.6,1.6,0.08,-1.6,-1.6,Matches
Josh Benson,eng ENG,MF,Burnley,21-075,1999,2.9,0,2,0,0.0,0.68,0.00,0.00,,23.5,1,0,0,0.2,0.2,0.09,-0.2,-0.2,Matches
Christian Benteke,be BEL,FW,Crystal Palace,30-077,1990,8.9,3,34,15,44.1,3.83,1.69,0.09,0.20,10.9,0,0,0,3.8,3.8,0.11,-0.8,-0.8,Matches
Jóhann Berg Guðmundsson,is ISL,MF,Burnley,30-114,1990,8.3,2,14,6,42.9,1.68,0.72,0.14,0.33,21.5,1,0,0,1.2,1.2,0.09,+0.8,+0.8,Matches
Sander Berge,no NOR,MF,Sheffield Utd,23-004,1998,11.3,1,9,1,11.1,0.80,0.09,0.00,0.00,17.8,0,1,1,1.2,0.5,0.05,-0.2,-0.5,Matches
Steven Bergwijn,nl NED,"FW,MF",Tottenham,23-133,1997,11.3,0,12,2,16.7,1.06,0.18,0.00,0.00,16.7,0,0,0,1.7,1.7,0.14,-1.7,-1.7,Matches
Bernard,br BRA,"FW,MF",Everton,28-163,1992,3.3,1,4,2,50.0,1.21,0.61,0.25,0.50,18.3,0,0,0,0.2,0.2,0.04,+0.8,+0.8,Matches
Bernardo,br BRA,"DF,MF",Brighton,25-280,1995,2.3,0,4,0,0.0,1.75,0.00,0.00,,6.9,0,0,0,0.3,0.3,0.08,-0.3,-0.3,Matches
Ryan Bertrand,eng ENG,DF,Southampton,31-197,1989,20.9,0,8,3,37.5,0.38,0.14,0.00,0.00,19.7,0,0,0,0.6,0.6,0.08,-0.6,-0.6,Matches
Yves Bissouma,ml MLI,MF,Brighton,24-172,1996,20.6,1,23,2,8.7,1.12,0.10,0.04,0.50,25.8,1,0,0,0.6,0.6,0.03,+0.4,+0.4,Matches
Jayden Bogle,eng ENG,DF,Sheffield Utd,20-206,2000,7.8,2,11,5,45.5,1.40,0.64,0.18,0.40,12.4,0,0,0,0.9,0.9,0.09,+1.1,+1.1,Matches
Willy Boly,ci CIV,DF,Wolves,30-015,1991,16.0,1,10,3,30.0,0.62,0.19,0.10,0.33,10.9,0,0,0,1.0,1.0,0.10,0.0,0.0,Matches
Jarrod Bowen,eng ENG,"FW,MF",West Ham,24-060,1996,19.6,5,39,7,17.9,1.99,0.36,0.13,0.71,16.9,0,0,0,4.5,4.5,0.12,+0.5,+0.5,Matches
Robbie Brady,ie IRL,MF,Burnley,29-035,1992,11.2,1,15,5,33.3,1.34,0.45,0.07,0.20,19.1,3,0,0,0.8,0.8,0.05,+0.2,+0.2,Matches
Rhian Brewster,eng ENG,FW,Sheffield Utd,20-323,2000,8.2,0,14,4,28.6,1.71,0.49,0.00,0.00,17.8,1,0,0,1.3,1.3,0.09,-1.3,-1.3,Matches
Josh Brownhill,eng ENG,MF,Burnley,25-061,1995,17.8,0,18,2,11.1,1.01,0.11,0.00,0.00,20.5,4,0,0,0.8,0.8,0.05,-0.8,-0.8,Matches
Joe Bryan,eng ENG,"DF,FW",Fulham,27-154,1993,5.0,0,4,1,25.0,0.80,0.20,0.00,0.00,21.7,1,0,0,0.1,0.1,0.03,-0.1,-0.1,Matches
Kean Bryan,eng ENG,DF,Sheffield Utd,24-109,1996,3.3,1,1,1,100.0,0.31,0.31,1.00,1.00,2.0,0,0,0,0.3,0.3,0.29,+0.7,+0.7,Matches
Oliver Burke,sco SCO,FW,Sheffield Utd,23-317,1997,10.0,1,20,5,25.0,1.99,0.50,0.05,0.20,14.8,0,0,0,2.0,2.0,0.10,-1.0,-1.0,Matches
Dan Burn,eng ENG,DF,Brighton,28-285,1992,13.4,0,12,3,25.0,0.90,0.22,0.00,0.00,14.3,0,0,0,0.9,0.9,0.08,-0.9,-0.9,Matches
David Button,eng ENG,GK,West Brom,31-357,1989,1.0,0,0,0,,0.00,0.00,,,,0,0,0,0.0,0.0,,0.0,0.0,Matches
Oskar Buur,dk DEN,DF,Wolves,22-324,1998,0.2,0,0,0,,0.00,0.00,,,,0,0,0,0.0,0.0,,0.0,0.0,Matches
Willy Caballero,ar ARG,GK,Chelsea,39-143,1981,1.0,0,0,0,,0.00,0.00,,,,0,0,0,0.0,0.0,,0.0,0.0,Matches
Gary Cahill,eng ENG,DF,Crystal Palace,35-061,1985,9.0,1,3,1,33.3,0.33,0.11,0.33,1.00,10.7,0,0,0,0.3,0.3,0.09,+0.7,+0.7,Matches
Tom Cairney,sco SCO,MF,Fulham,30-029,1991,8.4,1,12,4,33.3,1.42,0.47,0.08,0.25,20.0,0,0,0,0.7,0.7,0.06,+0.3,+0.3,Matches
Dominic Calvert-Lewin,eng ENG,FW,Everton,23-339,1997,19.6,13,53,31,58.5,2.71,1.58,0.25,0.42,11.8,0,0,0,10.2,10.2,0.19,+2.8,+2.8,Matches
João Cancelo,pt POR,DF,Manchester City,26-267,1994,17.9,1,23,8,34.8,1.28,0.45,0.04,0.13,22.0,0,0,0,1.2,1.2,0.05,-0.2,-0.2,Matches
Ian Carlo Poveda,eng ENG,"MF,DF",Leeds United,21-009,2000,2.8,0,5,3,60.0,1.78,1.07,0.00,0.00,17.6,0,0,0,0.4,0.4,0.07,-0.4,-0.4,Matches
Andy Carroll,eng ENG,FW,Newcastle Utd,32-043,1989,4.2,1,14,2,14.3,3.31,0.47,0.07,0.50,13.4,0,0,0,1.1,1.1,0.08,-0.1,-0.1,Matches
Matty Cash,eng ENG,DF,Aston Villa,23-195,1997,20.2,0,7,1,14.3,0.35,0.05,0.00,0.00,21.5,0,0,0,0.3,0.3,0.04,-0.3,-0.3,Matches
Kiko Casilla,es ESP,GK,Leeds United,34-139,1986,1.0,0,0,0,,0.00,0.00,,,,0,0,0,0.0,0.0,,0.0,0.0,Matches
Timothy Castagne,be BEL,DF,Leicester City,25-075,1995,12.1,1,3,2,66.7,0.25,0.17,0.33,0.50,6.5,0,0,0,0.4,0.4,0.14,+0.6,+0.6,Matches
Jonny Castro,es ESP,DF,Wolves,26-352,1994,1.3,0,0,0,,0.00,0.00,,,,0,0,0,0.0,0.0,,0.0,0.0,Matches
Ivan Cavaleiro,pt POR,"FW,MF",Fulham,27-123,1993,16.4,3,32,12,37.5,1.95,0.73,0.06,0.17,17.3,1,1,2,4.3,3.5,0.11,-1.3,-1.5,Matches
Edinson Cavani,uy URU,FW,Manchester Utd,34-004,1987,9.5,6,25,10,40.0,2.64,1.06,0.24,0.60,10.1,0,0,0,4.8,4.8,0.19,+1.2,+1.2,Matches
Dani Ceballos,es ESP,MF,Arsenal,24-195,1996,12.3,0,6,0,0.0,0.49,0.00,0.00,,29.0,1,0,0,0.1,0.1,0.02,-0.1,-0.1,Matches
Ben Chilwell,eng ENG,DF,Chelsea,24-059,1996,16.5,2,15,6,40.0,0.91,0.36,0.13,0.33,13.4,0,0,0,1.3,1.3,0.09,+0.7,+0.7,Matches
Hamza Choudhury,eng ENG,MF,Leicester City,23-140,1997,2.5,0,1,0,0.0,0.40,0.00,0.00,,19.0,0,0,0,0.0,0.0,0.05,0.0,0.0,Matches
Andreas Christensen,dk DEN,DF,Chelsea,24-314,1996,7.1,0,1,0,0.0,0.14,0.00,0.00,,8.2,0,0,0,0.0,0.0,0.04,0.0,0.0,Matches
Ciaran Clark,ie IRL,DF,Newcastle Utd,31-145,1989,12.4,1,6,2,33.3,0.48,0.16,0.17,0.50,10.6,0,0,0,0.3,0.3,0.04,+0.7,+0.7,Matches
Nathaniel Clyne,eng ENG,DF,Crystal Palace,29-319,1991,12.7,0,4,1,25.0,0.31,0.08,0.00,0.00,22.3,0,0,0,0.1,0.1,0.04,-0.1,-0.1,Matches
Conor Coady,eng ENG,DF,Wolves,27-359,1993,22.7,0,3,0,0.0,0.13,0.00,0.00,,16.0,0,0,0,0.2,0.2,0.07,-0.2,-0.2,Matches
Séamus Coleman,ie IRL,DF,Everton,32-130,1988,8.8,0,4,3,75.0,0.45,0.34,0.00,0.00,21.8,0,0,0,0.3,0.3,0.07,-0.3,-0.3,Matches
Aaron Connolly,ie IRL,FW,Brighton,21-021,2000,7.4,2,18,7,38.9,2.45,0.95,0.11,0.29,13.6,0,0,0,3.0,3.0,0.17,-1.0,-1.0,Matches
Liam Cooper,sco SCO,DF,Leeds United,29-172,1991,16.8,1,9,3,33.3,0.54,0.18,0.11,0.33,7.9,0,0,0,0.7,0.7,0.08,+0.3,+0.3,Matches
Jack Cork,eng ENG,MF,Burnley,31-238,1989,5.3,0,4,0,0.0,0.76,0.00,0.00,,18.3,0,0,0,0.2,0.2,0.06,-0.2,-0.2,Matches
Hélder Costa,pt POR,MF,Leeds United,27-037,1994,8.2,3,10,5,50.0,1.22,0.61,0.30,0.60,14.2,0,0,0,1.2,1.2,0.12,+1.8,+1.8,Matches
Vladimír Coufal,cz CZE,DF,West Ham,28-180,1992,19.9,0,9,3,33.3,0.45,0.15,0.00,0.00,15.7,0,0,0,1.0,1.0,0.11,-1.0,-1.0,Matches
Aaron Cresswell,eng ENG,DF,West Ham,31-065,1989,24.0,0,15,4,26.7,0.62,0.17,0.00,0.00,23.5,8,0,0,0.8,0.8,0.05,-0.8,-0.8,Matches
Patrick Cutrone,it ITA,"FW,MF",Wolves,23-046,1998,0.3,0,1,0,0.0,3.60,0.00,0.00,,10.4,0,0,0,0.2,0.2,0.17,-0.2,-0.2,Matches
Stuart Dallas,nir NIR,"DF,MF",Leeds United,29-305,1991,22.9,4,26,10,38.5,1.14,0.44,0.15,0.40,20.9,0,0,0,2.4,2.4,0.09,+1.6,+1.6,Matches
Scott Dann,eng ENG,DF,Crystal Palace,34-004,1987,12.0,1,5,2,40.0,0.42,0.17,0.20,0.50,9.2,0,0,0,0.3,0.3,0.07,+0.7,+0.7,Matches
Karl Darlow,eng ENG,GK,Newcastle Utd,30-133,1990,24.0,0,0,0,,0.00,0.00,,,,0,0,0,0.0,0.0,,0.0,0.0,Matches
Ben Davies,wal WAL,DF,Tottenham,27-300,1993,13.6,0,3,0,0.0,0.22,0.00,0.00,,13.0,0,0,0,0.2,0.2,0.07,-0.2,-0.2,Matches
Tom Davies,eng ENG,"MF,DF",Everton,22-233,1998,8.7,0,2,0,0.0,0.23,0.00,0.00,,29.5,0,0,0,0.0,0.0,0.02,0.0,0.0,Matches
Keinan Davis,eng ENG,FW,Aston Villa,23-005,1998,0.6,0,3,0,0.0,5.09,0.00,0.00,,10.0,0,0,0,0.3,0.3,0.10,-0.3,-0.3,Matches
Leif Davis,eng ENG,DF,Leeds United,21-037,2000,0.4,0,0,0,,0.00,0.00,,,,0,0,0,0.0,0.0,,0.0,0.0,Matches
Craig Dawson,eng ENG,DF,West Ham,30-288,1990,9.0,2,7,2,28.6,0.78,0.22,0.29,1.00,6.6,0,0,0,1.1,1.1,0.15,+0.9,+0.9,Matches
Kevin De Bruyne,be BEL,MF,Manchester City,29-235,1991,15.7,3,59,17,28.8,3.75,1.08,0.02,0.06,20.4,8,2,3,8.1,5.8,0.10,-5.1,-4.8,Matches
Liam Delap,eng ENG,FW,Manchester City,18-010,2003,0.4,0,1,0,0.0,2.25,0.00,0.00,,12.0,0,0,0,0.0,0.0,0.03,0.0,0.0,Matches
Fabian Delph,eng ENG,"MF,DF",Everton,31-089,1989,2.4,0,1,0,0.0,0.42,0.00,0.00,,30.4,0,0,0,0.0,0.0,0.03,0.0,0.0,Matches
Leander Dendoncker,be BEL,"MF,DF",Wolves,25-309,1995,16.7,0,25,7,28.0,1.50,0.42,0.00,0.00,13.8,0,0,0,2.7,2.7,0.11,-2.7,-2.7,Matches
Mbaye Diagne,sn SEN,FW,West Brom,29-113,1991,3.2,1,7,4,57.1,2.16,1.23,0.14,0.25,8.1,0,0,0,1.8,1.8,0.25,-0.8,-0.8,Matches
Ibrahima Diallo,fr FRA,MF,Southampton,21-347,1999,4.9,0,2,0,0.0,0.41,0.00,0.00,,16.9,0,0,0,0.3,0.3,0.14,-0.3,-0.3,Matches
Grady Diangana,eng ENG,"MF,FW",West Brom,22-305,1998,11.9,1,12,5,41.7,1.01,0.42,0.08,0.20,16.1,0,0,0,1.0,1.0,0.08,0.0,0.0,Matches
Raphael Dias Belloli,br BRA,MF,Leeds United,24-066,1996,15.0,4,43,18,41.9,2.87,1.20,0.09,0.22,17.0,2,0,0,3.8,3.8,0.09,+0.2,+0.2,Matches
Rúben Dias,pt POR,DF,Manchester City,23-280,1997,20.8,0,10,5,50.0,0.48,0.24,0.00,0.00,6.9,0,0,0,1.8,1.8,0.18,-1.8,-1.8,Matches
Eric Dier,eng ENG,DF,Tottenham,27-034,1994,20.0,0,10,2,20.0,0.50,0.10,0.00,0.00,24.2,7,0,0,0.5,0.5,0.05,-0.5,-0.5,Matches
Lucas Digne,fr FRA,"DF,MF",Everton,27-213,1993,14.8,0,7,0,0.0,0.47,0.00,0.00,,20.7,1,0,0,0.4,0.4,0.05,-0.4,-0.4,Matches
Virgil van Dijk,nl NED,DF,Liverpool,29-225,1991,4.1,1,4,2,50.0,0.97,0.49,0.25,0.50,13.5,0,0,0,0.3,0.3,0.08,+0.7,+0.7,Matches
Issa Diop,fr FRA,DF,West Ham,24-040,1997,4.3,1,1,1,100.0,0.23,0.23,1.00,1.00,6.0,0,0,0,0.1,0.1,0.13,+0.9,+0.9,Matches
Moussa Djenepo,ml MLI,MF,Southampton,22-248,1998,9.3,1,10,2,20.0,1.08,0.22,0.10,0.50,19.1,0,0,0,0.5,0.5,0.05,+0.5,+0.5,Matches
Matt Doherty,ie IRL,DF,Tottenham,29-033,1992,9.1,0,1,1,100.0,0.11,0.11,0.00,0.00,5.8,0,0,0,0.3,0.3,0.34,-0.3,-0.3,Matches
Gabriel Dos Santos,br BRA,DF,Arsenal,23-061,1997,14.2,2,11,4,36.4,0.78,0.28,0.18,0.50,11.1,0,0,0,0.8,0.8,0.07,+1.2,+1.2,Matches
Abdoulaye Doucouré,fr FRA,MF,Everton,28-048,1993,21.0,2,14,5,35.7,0.67,0.24,0.14,0.40,17.0,0,0,0,1.9,1.9,0.14,+0.1,+0.1,Matches
Paul Dummett,wal WAL,DF,Newcastle Utd,29-145,1991,1.9,0,0,0,,0.00,0.00,,,,0,0,0,0.0,0.0,,0.0,0.0,Matches
Lewis Dunk,eng ENG,DF,Brighton,29-089,1991,21.0,3,20,7,35.0,0.95,0.33,0.15,0.43,11.7,1,0,0,2.0,2.0,0.10,+1.0,+1.0,Matches
Jimmy Dunne,ie IRL,DF,Burnley,23-122,1997,2.0,1,3,1,33.3,1.50,0.50,0.33,1.00,8.4,0,0,0,0.3,0.3,0.09,+0.7,+0.7,Matches
Ederson,br BRA,GK,Manchester City,27-185,1993,23.0,0,0,0,,0.00,0.00,,,,0,0,0,0.0,0.0,,0.0,0.0,Matches
Kyle Edwards,eng ENG,"MF,FW",West Brom,23-001,1998,1.3,0,2,1,50.0,1.53,0.76,0.00,0.00,15.1,0,0,0,0.1,0.1,0.07,-0.1,-0.1,Matches
John Egan,ie IRL,DF,Sheffield Utd,28-121,1992,21.1,0,7,0,0.0,0.33,0.00,0.00,,10.3,0,0,0,0.4,0.4,0.05,-0.4,-0.4,Matches
Ahmed Elmohamady,eg EGY,DF,Aston Villa,33-162,1987,1.8,0,2,0,0.0,1.10,0.00,0.00,,13.4,0,0,0,0.1,0.1,0.06,-0.1,-0.1,Matches
Mohamed Elneny,eg EGY,MF,Arsenal,28-222,1992,10.3,0,4,0,0.0,0.39,0.00,0.00,,17.5,0,0,0,0.4,0.4,0.09,-0.4,-0.4,Matches
Jonny Evans,nir NIR,DF,Leicester City,33-046,1988,19.7,0,4,1,25.0,0.20,0.05,0.00,0.00,8.3,0,0,0,0.6,0.6,0.15,-0.6,-0.6,Matches
Eberechi Eze,eng ENG,MF,Crystal Palace,22-234,1998,17.7,3,23,8,34.8,1.30,0.45,0.13,0.38,21.3,3,0,0,1.5,1.5,0.07,+1.5,+1.5,Matches
Łukasz Fabiański,pl POL,GK,West Ham,35-306,1985,23.0,0,0,0,,0.00,0.00,,,,0,0,0,0.0,0.0,,0.0,0.0,Matches
Fabinho,br BRA,"DF,MF",Liverpool,27-118,1993,17.4,0,4,0,0.0,0.23,0.00,0.00,,21.7,0,0,0,0.2,0.2,0.06,-0.2,-0.2,Matches
Bruno Fernandes,pt POR,MF,Manchester Utd,26-163,1994,22.4,14,74,28,37.8,3.31,1.25,0.11,0.29,22.6,11,6,7,10.8,5.5,0.07,+3.2,+2.5,Matches
Federico Fernández,ar ARG,DF,Newcastle Utd,31-363,1989,15.3,0,1,1,100.0,0.07,0.07,0.00,0.00,5.8,0,0,0,0.1,0.1,0.08,-0.1,-0.1,Matches
Fernandinho,br BRA,MF,Manchester City,35-290,1985,5.8,0,8,1,12.5,1.38,0.17,0.00,0.00,19.5,0,0,0,0.5,0.5,0.07,-0.5,-0.5,Matches
Sam Field,eng ENG,MF,West Brom,22-286,1998,0.7,0,0,0,,0.00,0.00,,,,0,0,0,0.0,0.0,,0.0,0.0,Matches
Roberto Firmino,br BRA,FW,Liverpool,29-139,1991,20.8,6,57,21,36.8,2.73,1.01,0.11,0.29,12.7,0,0,0,9.4,9.4,0.17,-3.4,-3.4,Matches
John Fleck,sco SCO,MF,Sheffield Utd,29-178,1991,14.7,0,12,4,33.3,0.81,0.27,0.00,0.00,22.0,0,0,0,0.7,0.7,0.05,-0.7,-0.7,Matches
Phil Foden,eng ENG,"FW,MF",Manchester City,20-266,2000,13.4,6,32,14,43.8,2.39,1.05,0.19,0.43,14.4,0,0,0,3.5,3.5,0.11,+2.5,+2.5,Matches
Wesley Fofana,fr FRA,DF,Leicester City,20-063,2000,15.5,0,7,0,0.0,0.45,0.00,0.00,,8.8,0,0,0,0.8,0.8,0.11,-0.8,-0.8,Matches
Pablo Fornals,es ESP,"FW,MF",West Ham,24-362,1996,17.1,2,28,8,28.6,1.64,0.47,0.07,0.25,15.0,0,0,0,4.0,4.0,0.14,-2.0,-2.0,Matches
Fraser Forster,eng ENG,GK,Southampton,32-338,1988,1.0,0,0,0,,0.00,0.00,,,,0,0,0,0.0,0.0,,0.0,0.0,Matches
Timothy Fosu-Mensah,nl NED,DF,Manchester Utd,23-047,1998,0.9,0,1,0,0.0,1.13,0.00,0.00,,28.4,0,0,0,0.0,0.0,0.03,0.0,0.0,Matches
Ryan Fraser,sco SCO,"MF,FW",Newcastle Utd,26-360,1994,6.6,0,7,3,42.9,1.07,0.46,0.00,0.00,20.1,0,0,0,0.7,0.7,0.10,-0.7,-0.7,Matches
Fred,br BRA,MF,Manchester Utd,27-350,1993,15.6,0,16,3,18.8,1.03,0.19,0.00,0.00,21.5,0,0,0,0.9,0.9,0.05,-0.9,-0.9,Matches
Ryan Fredericks,eng ENG,"DF,FW",West Ham,28-131,1992,4.9,1,2,2,100.0,0.41,0.41,0.50,0.50,11.6,0,0,0,0.2,0.2,0.10,+0.8,+0.8,Matches
Christian Fuchs,at AUT,DF,Leicester City,34-317,1986,7.8,0,4,0,0.0,0.51,0.00,0.00,,26.4,0,0,0,0.1,0.1,0.02,-0.1,-0.1,Matches
Darnell Furlong,eng ENG,DF,West Brom,25-110,1995,18.6,1,15,3,20.0,0.81,0.16,0.07,0.33,13.0,0,0,0,1.0,1.0,0.07,0.0,0.0,Matches
Conor Gallagher,eng ENG,MF,West Brom,21-012,2000,17.1,2,20,6,30.0,1.17,0.35,0.10,0.33,21.9,0,0,0,1.0,1.0,0.05,+1.0,+1.0,Matches
Eric García,es ESP,DF,Manchester City,20-040,2001,2.2,0,1,0,0.0,0.45,0.00,0.00,,33.0,0,0,0,0.0,0.0,0.01,0.0,0.0,Matches
Dwight Gayle,eng ENG,FW,Newcastle Utd,30-124,1990,1.8,1,6,2,33.3,3.27,1.09,0.17,0.50,13.9,1,0,0,0.5,0.5,0.09,+0.5,+0.5,Matches
David de Gea,es ESP,GK,Manchester Utd,30-103,1990,21.5,0,0,0,,0.00,0.00,,,,0,0,0,0.0,0.0,,0.0,0.0,Matches
Anwar El Ghazi,nl NED,FW,Aston Villa,25-291,1995,6.3,5,25,14,56.0,3.95,2.21,0.12,0.21,19.8,2,2,2,3.8,2.3,0.09,+1.2,+0.7,Matches
Kieran Gibbs,eng ENG,DF,West Brom,31-145,1989,9.0,0,1,0,0.0,0.11,0.00,0.00,,12.1,0,0,0,0.0,0.0,0.05,0.0,0.0,Matches
Morgan Gibbs-White,eng ENG,"FW,MF",Wolves,21-022,2000,1.1,0,0,0,,0.00,0.00,,,,0,0,0,0.0,0.0,,0.0,0.0,Matches
Billy Gilmour,sco SCO,MF,Chelsea,19-252,2001,0.4,0,0,0,,0.00,0.00,,,,0,0,0,0.0,0.0,,0.0,0.0,Matches
Olivier Giroud,fr FRA,FW,Chelsea,34-141,1986,7.1,4,22,9,40.9,3.08,1.26,0.18,0.44,10.3,0,0,0,3.4,3.4,0.15,+0.6,+0.6,Matches
Ben Godfrey,eng ENG,DF,Everton,23-034,1998,15.7,0,3,1,33.3,0.19,0.06,0.00,0.00,10.4,0,0,0,0.3,0.3,0.10,-0.3,-0.3,Matches
André Gomes,pt POR,MF,Everton,27-203,1993,10.7,0,6,0,0.0,0.56,0.00,0.00,,26.2,0,0,0,0.2,0.2,0.03,-0.2,-0.2,Matches
Joe Gomez,eng ENG,DF,Liverpool,23-271,1997,6.6,0,0,0,,0.00,0.00,,,,0,0,0,0.0,0.0,,0.0,0.0,Matches
Anthony Gordon,eng ENG,"FW,MF",Everton,19-360,2001,1.0,0,0,0,,0.00,0.00,,,,0,0,0,0.0,0.0,,0.0,0.0,Matches
Karlan Grant,eng ENG,"FW,MF",West Brom,23-153,1997,12.0,1,16,9,56.3,1.34,0.75,0.06,0.11,15.0,1,0,0,2.1,2.1,0.13,-1.1,-1.1,Matches
Demarai Gray,eng ENG,FW,Leicester City,24-235,1996,0.2,0,1,0,0.0,4.74,0.00,0.00,,29.0,1,0,0,0.0,0.0,0.04,0.0,0.0,Matches
Jack Grealish,eng ENG,"FW,MF",Aston Villa,25-161,1995,22.0,6,46,16,34.8,2.09,0.73,0.13,0.38,16.4,2,0,0,4.2,4.2,0.09,+1.8,+1.8,Matches
Mason Greenwood,eng ENG,FW,Manchester Utd,19-140,2001,11.1,1,29,9,31.0,2.62,0.81,0.03,0.11,16.9,0,0,0,2.7,2.7,0.09,-1.7,-1.7,Matches
Pascal Groß,de GER,MF,Brighton,29-248,1991,14.0,2,16,3,18.8,1.14,0.21,0.00,0.00,19.6,3,2,2,3.0,1.4,0.09,-1.0,-1.4,Matches
Kamil Grosicki,pl POL,"FW,MF",West Brom,32-255,1988,1.6,0,3,0,0.0,1.82,0.00,0.00,,21.2,0,0,0,0.1,0.1,0.03,-0.1,-0.1,Matches
Vicente Guaita,es ESP,GK,Crystal Palace,34-039,1987,24.0,0,0,0,,0.00,0.00,,,,0,0,0,0.0,0.0,,0.0,0.0,Matches
İlkay Gündoğan,de GER,MF,Manchester City,30-117,1990,15.3,11,34,14,41.2,2.23,0.92,0.29,0.71,15.7,2,1,2,7.0,5.4,0.16,+4.0,+4.6,Matches
Antwoine Hackford,eng ENG,"DF,FW",Sheffield Utd,16-335,2004,0.1,0,1,0,0.0,8.18,0.00,0.00,,12.1,0,0,0,0.1,0.1,0.14,-0.1,-0.1,Matches
Sébastien Haller,ci CIV,FW,West Ham,26-241,1994,10.4,3,25,11,44.0,2.40,1.06,0.12,0.27,9.5,0,0,0,2.9,2.9,0.12,+0.1,+0.1,Matches
Rekeem Harper,eng ENG,MF,West Brom,20-347,2000,0.4,0,1,1,100.0,2.81,2.81,0.00,0.00,23.0,0,0,0,0.0,0.0,0.04,0.0,0.0,Matches
Jack Harrison,eng ENG,MF,Leeds United,24-090,1996,20.0,6,33,12,36.4,1.65,0.60,0.18,0.50,16.0,1,0,0,4.5,4.5,0.14,+1.5,+1.5,Matches
Kortney Hause,eng ENG,DF,Aston Villa,25-217,1995,4.0,1,3,1,33.3,0.75,0.25,0.33,1.00,6.4,0,0,0,1.1,1.1,0.36,-0.1,-0.1,Matches
Kai Havertz,de GER,"MF,FW",Chelsea,21-252,1999,10.9,1,13,4,30.8,1.19,0.37,0.08,0.25,14.4,0,0,0,1.6,1.6,0.12,-0.6,-0.6,Matches
Isaac Hayden,eng ENG,"MF,DF",Newcastle Utd,25-333,1995,17.1,0,10,1,10.0,0.58,0.06,0.00,0.00,21.5,0,0,0,0.4,0.4,0.04,-0.4,-0.4,Matches
Michael Hector,jm JAM,DF,Fulham,28-214,1992,2.9,0,1,0,0.0,0.34,0.00,0.00,,10.0,0,0,0,0.1,0.1,0.09,-0.1,-0.1,Matches
Ahmed Hegazi,eg EGY,DF,West Brom,30-024,1991,1.0,0,0,0,,0.00,0.00,,,,0,0,0,0.0,0.0,,0.0,0.0,Matches
Dean Henderson,eng ENG,GK,Manchester Utd,23-343,1997,2.5,0,0,0,,0.00,0.00,,,,0,0,0,0.0,0.0,,0.0,0.0,Matches
Jordan Henderson,eng ENG,"MF,DF",Liverpool,30-246,1990,18.6,1,13,3,23.1,0.70,0.16,0.08,0.33,17.3,0,0,0,1.6,1.6,0.12,-0.6,-0.6,Matches
Jeff Hendrick,ie IRL,MF,Newcastle Utd,29-018,1992,14.5,2,11,2,18.2,0.76,0.14,0.18,1.00,17.6,0,0,0,1.1,1.1,0.10,+0.9,+0.9,Matches
Pablo Hernández,es ESP,MF,Leeds United,35-313,1985,3.1,0,8,1,12.5,2.57,0.32,0.00,0.00,17.1,0,0,0,0.8,0.8,0.11,-0.8,-0.8,Matches
Son Heung-min,kr KOR,FW,Tottenham,28-225,1992,21.9,13,43,25,58.1,1.96,1.14,0.30,0.52,16.8,0,0,0,7.2,7.2,0.17,+5.8,+5.8,Matches
Ki-Jana Hoever,nl NED,DF,Wolves,19-031,2002,3.3,0,1,0,0.0,0.30,0.00,0.00,,18.7,0,0,0,0.1,0.1,0.09,-0.1,-0.1,Matches
Rob Holding,eng ENG,DF,Arsenal,25-151,1995,19.5,0,14,2,14.3,0.72,0.10,0.00,0.00,12.2,0,0,0,1.1,1.1,0.08,-1.1,-1.1,Matches
Mason Holgate,eng ENG,DF,Everton,24-119,1996,12.8,1,4,2,50.0,0.31,0.16,0.25,0.50,11.8,0,0,0,0.7,0.7,0.19,+0.3,+0.3,Matches
Conor Hourihane,ie IRL,MF,Aston Villa,30-016,1991,2.5,1,5,2,40.0,2.00,0.80,0.20,0.50,21.3,1,0,0,0.5,0.5,0.10,+0.5,+0.5,Matches
Callum Hudson-Odoi,eng ENG,"FW,DF",Chelsea,20-103,2000,8.3,2,16,4,25.0,1.93,0.48,0.13,0.50,18.8,0,0,0,1.1,1.1,0.07,+0.9,+0.9,Matches
Niall Huggins,wal WAL,DF,Leeds United,20-062,2000,0.4,0,0,0,,0.00,0.00,,,,0,0,0,0.0,0.0,,0.0,0.0,Matches
Pierre Højbjerg,dk DEN,MF,Tottenham,25-197,1995,23.0,1,9,4,44.4,0.39,0.17,0.11,0.25,24.9,0,0,0,0.5,0.5,0.06,+0.5,+0.5,Matches
Odion Ighalo,ng NGA,FW,Manchester Utd,31-247,1989,0.1,0,0,0,,0.00,0.00,,,,0,0,0,0.0,0.0,,0.0,0.0,Matches
Kelechi Iheanacho,ng NGA,FW,Leicester City,24-138,1996,4.4,1,11,2,18.2,2.53,0.46,0.09,0.50,15.1,0,0,1,1.6,0.9,0.08,-0.6,+0.1,Matches
Danny Ings,eng ENG,FW,Southampton,28-210,1992,16.3,8,36,18,50.0,2.21,1.10,0.17,0.33,15.7,0,2,2,6.0,4.5,0.12,+2.0,+1.5,Matches
Branislav Ivanović,rs SRB,DF,West Brom,36-362,1984,8.2,0,4,1,25.0,0.49,0.12,0.00,0.00,6.5,0,0,0,0.6,0.6,0.15,-0.6,-0.6,Matches
Alex Iwobi,ng NGA,"FW,DF",Everton,24-291,1996,12.4,1,10,3,30.0,0.81,0.24,0.10,0.33,19.0,0,0,0,0.7,0.7,0.07,+0.3,+0.3,Matches
Phil Jagielka,eng ENG,DF,Sheffield Utd,38-185,1982,2.6,0,0,0,,0.00,0.00,,,,0,0,0,0.0,0.0,,0.0,0.0,Matches
Alireza Jahanbakhsh,ir IRN,"FW,DF",Brighton,27-191,1993,2.8,0,11,2,18.2,3.91,0.71,0.00,0.00,15.2,0,0,0,1.1,1.1,0.10,-1.1,-1.1,Matches
Daniel James,wal WAL,FW,Manchester Utd,23-100,1997,3.9,2,11,5,45.5,2.79,1.27,0.18,0.40,17.3,0,0,0,1.1,1.1,0.10,+0.9,+0.9,Matches
Reece James,eng ENG,DF,Chelsea,21-072,1999,15.4,1,24,10,41.7,1.56,0.65,0.04,0.10,21.1,3,0,0,1.0,1.0,0.04,0.0,0.0,Matches
Alexandre Jankewitz,ch SUI,MF,Southampton,19-055,2001,0.0,0,0,0,,0.00,0.00,,,,0,0,0,0.0,0.0,,0.0,0.0,Matches
Gabriel Jesus,br BRA,FW,Manchester City,23-321,1997,13.0,4,28,8,28.6,2.15,0.61,0.14,0.50,12.2,0,0,0,4.7,4.7,0.17,-0.7,-0.7,Matches
Raúl Jiménez,mx MEX,FW,Wolves,29-289,1991,9.1,4,26,10,38.5,2.84,1.09,0.15,0.40,15.4,0,0,0,2.4,2.4,0.09,+1.6,+1.6,Matches
Joelinton,br BRA,"FW,MF",Newcastle Utd,24-188,1996,12.5,1,22,8,36.4,1.76,0.64,0.05,0.13,15.3,0,0,0,1.7,1.7,0.08,-0.7,-0.7,Matches
Ben Johnson,eng ENG,DF,West Ham,21-025,2000,2.6,1,1,1,100.0,0.38,0.38,1.00,1.00,10.2,0,0,0,0.3,0.3,0.33,+0.7,+0.7,Matches
Sam Johnstone,eng ENG,GK,West Brom,27-330,1993,23.0,0,0,0,,0.00,0.00,,,,0,0,0,0.0,0.0,,0.0,0.0,Matches
Curtis Jones,eng ENG,MF,Liverpool,20-019,2001,9.9,0,13,5,38.5,1.32,0.51,0.00,0.00,19.7,0,0,0,0.8,0.8,0.06,-0.8,-0.8,Matches
Jorginho,it ITA,MF,Chelsea,29-060,1991,12.8,5,4,0,0.0,0.31,0.00,0.00,,42.1,0,5,7,5.4,0.1,0.03,-0.4,-0.1,Matches
Willian José,br BRA,FW,Wolves,29-087,1991,3.8,0,8,3,37.5,2.08,0.78,0.00,0.00,10.9,0,0,0,0.5,0.5,0.06,-0.5,-0.5,Matches
Diogo Jota,pt POR,FW,Liverpool,24-076,1996,5.6,5,20,11,55.0,3.58,1.97,0.25,0.45,14.8,0,0,0,2.4,2.4,0.12,+2.6,+2.6,Matches
James Justin,eng ENG,DF,Leicester City,22-361,1998,23.0,2,10,3,30.0,0.43,0.13,0.20,0.67,14.9,0,0,0,1.6,1.6,0.16,+0.4,+0.4,Matches
Ozan Kabak,tr TUR,DF,Liverpool,20-330,2000,1.0,0,0,0,,0.00,0.00,,,,0,0,0,0.0,0.0,,0.0,0.0,Matches
Aboubakar Kamara,fr FRA,"FW,DF",Fulham,25-348,1995,3.5,0,4,2,50.0,1.14,0.57,0.00,0.00,20.7,0,0,0,0.4,0.4,0.10,-0.4,-0.4,Matches
Harry Kane,eng ENG,FW,Tottenham,27-205,1993,20.4,13,74,27,36.5,3.63,1.32,0.14,0.37,18.2,6,3,3,10.8,8.5,0.12,+2.2,+1.5,Matches
N'Golo Kanté,fr FRA,MF,Chelsea,29-326,1991,17.0,0,4,1,25.0,0.23,0.06,0.00,0.00,22.0,0,0,0,0.3,0.3,0.07,-0.3,-0.3,Matches
Moise Kean,it ITA,FW,Everton,20-356,2000,0.2,0,1,0,0.0,6.00,0.00,0.00,,23.1,0,0,0,0.0,0.0,0.03,0.0,0.0,Matches
Michael Keane,eng ENG,DF,Everton,28-038,1993,20.2,3,10,5,50.0,0.49,0.25,0.30,0.60,10.5,0,0,0,1.0,1.0,0.10,+2.0,+2.0,Matches
Neeskens Kebano,cd COD,"FW,MF",Fulham,28-345,1992,1.3,0,6,0,0.0,4.54,0.00,0.00,,18.7,1,0,0,0.3,0.3,0.05,-0.3,-0.3,Matches
Naby Keïta,gn GUI,MF,Liverpool,26-008,1995,4.4,0,7,1,14.3,1.59,0.23,0.00,0.00,18.5,0,0,0,0.5,0.5,0.07,-0.5,-0.5,Matches
Caoimhin Kelleher,ie IRL,GK,Liverpool,22-087,1998,2.0,0,0,0,,0.00,0.00,,,,0,0,0,0.0,0.0,,0.0,0.0,Matches
Jonjoe Kenny,eng ENG,DF,Everton,23-340,1997,0.9,0,0,0,,0.00,0.00,,,,0,0,0,0.0,0.0,,0.0,0.0,Matches
Reda Khadra,de GER,FW,Brighton,19-229,2001,0.1,0,0,0,,0.00,0.00,,,,0,0,0,0.0,0.0,,0.0,0.0,Matches
Max Kilman,eng ENG,DF,Wolves,23-271,1997,12.5,0,5,1,20.0,0.40,0.08,0.00,0.00,8.4,0,0,0,0.4,0.4,0.08,-0.4,-0.4,Matches
Joshua King,no NOR,"FW,MF",Everton,29-034,1992,0.8,0,0,0,,0.00,0.00,,,,0,0,0,0.0,0.0,,0.0,0.0,Matches
Mateusz Klich,pl POL,MF,Leeds United,30-250,1990,20.0,3,24,7,29.2,1.20,0.35,0.04,0.14,22.5,0,2,2,2.8,1.3,0.05,+0.2,-0.3,Matches
Robin Koch,de GER,DF,Leeds United,24-216,1996,10.1,0,7,2,28.6,0.69,0.20,0.00,0.00,9.1,0,0,0,0.7,0.7,0.10,-0.7,-0.7,Matches
Sead Kolašinac,ba BIH,DF,Arsenal,27-243,1993,1.0,0,0,0,,0.00,0.00,,,,0,0,0,0.0,0.0,,0.0,0.0,Matches
Ezri Konsa,eng ENG,DF,Aston Villa,23-118,1997,19.5,2,9,4,44.4,0.46,0.21,0.22,0.50,9.0,0,0,0,0.7,0.7,0.08,+1.3,+1.3,Matches
Cheikhou Kouyaté,sn SEN,DF,Crystal Palace,31-059,1989,20.7,1,7,2,28.6,0.34,0.10,0.14,0.50,9.6,0,0,0,0.8,0.8,0.11,+0.2,+0.2,Matches
Mateo Kovačić,hr CRO,MF,Chelsea,26-288,1994,14.1,0,17,2,11.8,1.21,0.14,0.00,0.00,22.6,0,0,0,0.8,0.8,0.04,-0.8,-0.8,Matches
Emil Krafth,se SWE,DF,Newcastle Utd,26-200,1994,5.9,0,0,0,,0.00,0.00,,,,0,0,0,0.0,0.0,,0.0,0.0,Matches
Filip Krovinović,hr CRO,MF,West Brom,25-173,1995,6.1,0,8,2,25.0,1.32,0.33,0.00,0.00,24.1,0,0,0,0.2,0.2,0.03,-0.2,-0.2,Matches
Alexandre Lacazette,fr FRA,FW,Arsenal,29-266,1991,14.6,8,29,20,69.0,1.98,1.37,0.24,0.35,12.5,2,1,1,6.1,5.3,0.18,+1.9,+1.7,Matches
Adam Lallana,eng ENG,"MF,FW",Brighton,32-284,1988,9.4,0,8,0,0.0,0.85,0.00,0.00,,17.4,0,0,0,0.5,0.5,0.07,-0.5,-0.5,Matches
Érik Lamela,ar ARG,FW,Tottenham,28-351,1992,4.9,0,13,5,38.5,2.65,1.02,0.00,0.00,20.0,4,0,0,0.8,0.8,0.06,-0.8,-0.8,Matches
Tariq Lamptey,eng ENG,DF,Brighton,20-141,2000,9.8,1,6,2,33.3,0.61,0.20,0.17,0.50,12.1,0,0,0,0.6,0.6,0.09,+0.4,+0.4,Matches
Manuel Lanzini,ar ARG,"MF,FW",West Ham,28-003,1993,4.2,1,10,3,30.0,2.37,0.71,0.10,0.33,17.1,1,0,0,1.1,1.1,0.11,-0.1,-0.1,Matches
Aymeric Laporte,fr FRA,DF,Manchester City,26-267,1994,8.4,0,5,1,20.0,0.59,0.12,0.00,0.00,12.9,0,0,0,0.3,0.3,0.07,-0.3,-0.3,Matches
Jamaal Lascelles,eng ENG,DF,Newcastle Utd,27-099,1993,12.1,0,11,1,9.1,0.91,0.08,0.00,0.00,9.8,0,0,0,0.7,0.7,0.06,-0.7,-0.7,Matches
Maxime Le Marchand,fr FRA,DF,Fulham,31-130,1989,1.4,0,1,0,0.0,0.73,0.00,0.00,,33.0,0,0,0,0.0,0.0,0.01,0.0,0.0,Matches
Mario Lemina,ga GAB,MF,Fulham,27-170,1993,9.3,0,7,0,0.0,0.75,0.00,0.00,,26.7,0,0,0,0.1,0.1,0.02,-0.1,-0.1,Matches
Bernd Leno,de GER,GK,Arsenal,28-351,1992,22.8,0,0,0,,0.00,0.00,,,,0,0,0,0.0,0.0,,0.0,0.0,Matches
Jamal Lewis,nir NIR,DF,Newcastle Utd,23-024,1998,18.3,0,2,1,50.0,0.11,0.05,0.00,0.00,19.2,0,0,0,0.2,0.2,0.09,-0.2,-0.2,Matches
Victor Lindelöf,se SWE,DF,Manchester Utd,26-216,1994,17.7,1,4,1,25.0,0.23,0.06,0.25,1.00,5.9,0,0,0,0.6,0.6,0.16,+0.4,+0.4,Matches
Jesse Lingard,eng ENG,"MF,FW",West Ham,28-065,1992,2.9,2,11,7,63.6,3.81,2.42,0.18,0.29,21.2,0,0,0,0.6,0.6,0.05,+1.4,+1.4,Matches
Jake Livermore,eng ENG,MF,West Brom,31-096,1989,13.6,0,5,0,0.0,0.37,0.00,0.00,,19.6,0,0,0,0.2,0.2,0.05,-0.2,-0.2,Matches
Diego Llorente,es ESP,DF,Leeds United,27-186,1993,1.0,0,0,0,,0.00,0.00,,,,0,0,0,0.0,0.0,,0.0,0.0,Matches
Hugo Lloris,fr FRA,GK,Tottenham,34-054,1986,23.0,0,0,0,,0.00,0.00,,,,0,0,0,0.0,0.0,,0.0,0.0,Matches
Giovani Lo Celso,ar ARG,"MF,FW",Tottenham,24-315,1996,4.9,1,9,5,55.6,1.85,1.03,0.11,0.20,16.4,1,0,0,0.8,0.8,0.09,+0.2,+0.2,Matches
Ruben Loftus-Cheek,eng ENG,"MF,FW",Fulham,25-026,1996,14.5,1,24,7,29.2,1.66,0.48,0.04,0.14,15.2,0,0,0,2.2,2.2,0.09,-1.2,-1.2,Matches
Ruben Loftus-Cheek,eng ENG,FW,Chelsea,25-026,1996,0.7,0,0,0,,0.00,0.00,,,,0,0,0,0.0,0.0,,0.0,0.0,Matches
Kevin Long,ie IRL,DF,Burnley,30-184,1990,7.1,0,2,0,0.0,0.28,0.00,0.00,,8.3,0,0,0,0.3,0.3,0.15,-0.3,-0.3,Matches
Shane Long,ie IRL,"FW,MF",Southampton,34-027,1987,2.3,0,2,1,50.0,0.86,0.43,0.00,0.00,19.1,0,0,0,0.0,0.0,0.02,0.0,0.0,Matches
Matthew Longstaff,eng ENG,MF,Newcastle Utd,20-334,2000,4.2,0,0,0,,0.00,0.00,,,,0,0,0,0.0,0.0,,0.0,0.0,Matches
Sean Longstaff,eng ENG,MF,Newcastle Utd,23-111,1997,9.2,0,8,4,50.0,0.87,0.44,0.00,0.00,21.1,1,0,0,0.6,0.6,0.07,-0.6,-0.6,Matches
Ademola Lookman,eng ENG,"FW,MF",Fulham,23-121,1997,19.4,3,48,17,35.4,2.48,0.88,0.06,0.18,17.8,3,0,1,4.1,3.4,0.07,-1.1,-0.4,Matches
Max Lowe,eng ENG,DF,Sheffield Utd,23-283,1997,6.1,0,2,1,50.0,0.33,0.16,0.00,0.00,23.0,0,0,0,0.1,0.1,0.03,-0.1,-0.1,Matches
Matthew Lowton,eng ENG,DF,Burnley,31-254,1989,20.0,1,11,2,18.2,0.55,0.10,0.09,0.50,23.7,0,0,0,0.4,0.4,0.04,+0.6,+0.6,Matches
David Luiz,br BRA,DF,Arsenal,33-302,1987,10.8,0,11,0,0.0,1.02,0.00,0.00,,19.1,3,0,0,0.7,0.7,0.06,-0.7,-0.7,Matches
Douglas Luiz,br BRA,MF,Aston Villa,22-285,1998,19.4,0,19,6,31.6,0.98,0.31,0.00,0.00,23.3,1,0,0,1.1,1.1,0.06,-1.1,-1.1,Matches
John Lundstram,eng ENG,MF,Sheffield Utd,27-000,1994,15.5,0,18,4,22.2,1.16,0.26,0.00,0.00,23.0,1,0,1,2.0,1.2,0.07,-2.0,-1.2,Matches
Alexis Mac Allister,ar ARG,"MF,FW",Brighton,22-056,1998,7.0,1,18,3,16.7,2.56,0.43,0.06,0.33,20.7,1,0,0,0.8,0.8,0.04,+0.2,+0.2,Matches
James Maddison,eng ENG,"MF,FW",Leicester City,24-087,1996,17.4,7,50,16,32.0,2.88,0.92,0.14,0.44,24.4,10,0,0,3.2,3.2,0.06,+3.8,+3.8,Matches
Harry Maguire,eng ENG,DF,Manchester Utd,27-350,1993,24.0,2,27,8,29.6,1.13,0.33,0.07,0.25,11.6,0,0,0,1.6,1.6,0.06,+0.4,+0.4,Matches
Riyad Mahrez,dz ALG,FW,Manchester City,29-363,1991,13.4,6,34,13,38.2,2.53,0.97,0.18,0.46,16.3,1,0,0,2.9,2.9,0.09,+3.1,+3.1,Matches
Ainsley Maitland-Niles,eng ENG,DF,Arsenal,23-173,1997,5.4,0,2,1,50.0,0.37,0.18,0.00,0.00,20.5,0,0,0,0.1,0.1,0.06,-0.1,-0.1,Matches
Ainsley Maitland-Niles,eng ENG,MF,West Brom,23-173,1997,2.0,0,0,0,,0.00,0.00,,,,0,0,0,0.0,0.0,,0.0,0.0,Matches
Josh Maja,ng NGA,FW,Fulham,22-053,1998,1.9,2,6,3,50.0,3.10,1.55,0.33,0.67,10.0,0,0,0,2.3,2.3,0.38,-0.3,-0.3,Matches
Sadio Mané,sn SEN,FW,Liverpool,28-314,1992,19.8,7,63,25,39.7,3.19,1.26,0.11,0.28,12.9,0,0,0,9.9,9.9,0.16,-2.9,-2.9,Matches
Javier Manquillo,es ESP,DF,Newcastle Utd,26-289,1994,8.0,0,1,0,0.0,0.13,0.00,0.00,,22.8,0,0,0,0.0,0.0,0.02,0.0,0.0,Matches
Fernando Marçal,br BRA,DF,Wolves,31-365,1989,6.6,0,2,0,0.0,0.30,0.00,0.00,,25.7,0,0,0,0.1,0.1,0.03,-0.1,-0.1,Matches
Solly March,eng ENG,DF,Brighton,26-213,1994,18.6,2,22,4,18.2,1.18,0.22,0.09,0.50,17.3,1,0,0,1.7,1.7,0.08,+0.3,+0.3,Matches
Pablo Marí,es ESP,DF,Arsenal,27-171,1993,3.0,0,1,0,0.0,0.33,0.00,0.00,,12.0,0,0,0,0.0,0.0,0.04,0.0,0.0,Matches
Anthony Martial,fr FRA,FW,Manchester Utd,25-075,1995,14.6,4,39,17,43.6,2.68,1.17,0.10,0.24,14.1,0,0,0,5.8,5.8,0.15,-1.8,-1.8,Matches
Martinelli,br BRA,FW,Arsenal,19-245,2001,2.3,0,7,2,28.6,3.01,0.86,0.00,0.00,12.7,0,0,0,0.8,0.8,0.11,-0.8,-0.8,Matches
Emiliano Martínez,ar ARG,GK,Aston Villa,28-169,1992,22.0,0,0,0,,0.00,0.00,,,,0,0,0,0.0,0.0,,0.0,0.0,Matches
Arthur Masuaku,cd COD,DF,West Ham,27-103,1993,9.4,0,6,2,33.3,0.64,0.21,0.00,0.00,21.3,0,0,0,0.3,0.3,0.05,-0.3,-0.3,Matches
Juan Mata,es ESP,FW,Manchester Utd,32-296,1988,3.7,0,4,3,75.0,1.07,0.81,0.00,0.00,17.6,0,0,0,0.3,0.3,0.08,-0.3,-0.3,Matches
Jean-Philippe Mateta,fr FRA,FW,Crystal Palace,23-235,1997,0.9,0,1,0,0.0,1.14,0.00,0.00,,20.6,0,0,0,0.0,0.0,0.02,0.0,0.0,Matches
Nemanja Matić,rs SRB,MF,Manchester Utd,32-201,1988,8.1,0,3,2,66.7,0.37,0.25,0.00,0.00,24.2,0,0,0,0.1,0.1,0.03,-0.1,-0.1,Matches
Joël Matip,cm CMR,DF,Liverpool,29-194,1991,7.7,1,5,2,40.0,0.65,0.26,0.20,0.50,6.8,0,0,0,0.6,0.6,0.13,+0.4,+0.4,Matches
Neal Maupay,fr FRA,"FW,MF",Brighton,24-188,1996,17.9,7,47,15,31.9,2.62,0.84,0.09,0.27,15.0,0,3,4,9.8,6.8,0.14,-2.8,-2.8,Matches
James McArthur,sco SCO,MF,Crystal Palace,33-134,1987,16.3,0,6,0,0.0,0.37,0.00,0.00,,19.2,0,0,0,0.2,0.2,0.04,-0.2,-0.2,Matches
Oliver McBurnie,sco SCO,FW,Sheffield Utd,24-259,1996,11.1,1,26,11,42.3,2.34,0.99,0.04,0.09,11.1,0,0,0,2.9,2.9,0.11,-1.9,-1.9,Matches
Alex McCarthy,eng ENG,GK,Southampton,31-077,1989,22.0,0,0,0,,0.00,0.00,,,,0,0,0,0.0,0.0,,0.0,0.0,Matches
James McCarthy,ie IRL,MF,Crystal Palace,30-098,1990,5.2,0,1,0,0.0,0.19,0.00,0.00,,28.0,0,0,0,0.0,0.0,0.01,0.0,0.0,Matches
John McGinn,sco SCO,MF,Aston Villa,26-123,1994,21.0,1,21,5,23.8,1.00,0.24,0.05,0.20,21.1,0,0,0,1.2,1.2,0.06,-0.2,-0.2,Matches
David McGoldrick,ie IRL,"FW,MF",Sheffield Utd,33-081,1987,15.8,5,37,17,45.9,2.34,1.08,0.14,0.29,17.9,0,0,0,3.7,3.7,0.10,+1.3,+1.3,Matches
Dwight McNeil,eng ENG,MF,Burnley,21-088,1999,20.7,1,14,3,21.4,0.67,0.14,0.07,0.33,23.5,1,0,0,0.6,0.6,0.05,+0.4,+0.4,Matches
Scott McTominay,sco SCO,MF,Manchester Utd,24-072,1996,14.7,4,15,4,26.7,1.02,0.27,0.27,1.00,16.8,0,0,0,1.0,1.0,0.07,+3.0,+3.0,Matches
Ben Mee,eng ENG,DF,Burnley,31-148,1989,16.9,2,11,5,45.5,0.65,0.30,0.18,0.40,12.2,0,0,0,0.9,0.9,0.08,+1.1,+1.1,Matches
Benjamin Mendy,fr FRA,DF,Manchester City,26-216,1994,5.6,1,3,1,33.3,0.54,0.18,0.33,1.00,19.1,0,0,0,0.1,0.1,0.04,+0.9,+0.9,Matches
Edouard Mendy,sn SEN,GK,Chelsea,28-354,1992,19.0,0,0,0,,0.00,0.00,,,,0,0,0,0.0,0.0,,0.0,0.0,Matches
Nampalys Mendy,fr FRA,MF,Leicester City,28-240,1992,14.2,0,3,1,33.3,0.21,0.07,0.00,0.00,25.4,0,0,0,0.1,0.1,0.02,-0.1,-0.1,Matches
Illan Meslier,fr FRA,GK,Leeds United,20-353,2000,22.0,0,0,0,,0.00,0.00,,,,0,0,0,0.0,0.0,,0.0,0.0,Matches
Luka Milivojević,rs SRB,MF,Crystal Palace,29-317,1991,15.6,0,11,4,36.4,0.71,0.26,0.00,0.00,27.2,5,0,0,0.5,0.5,0.05,-0.5,-0.5,Matches
James Milner,eng ENG,"MF,DF",Liverpool,35-045,1986,6.9,0,4,1,25.0,0.58,0.14,0.00,0.00,24.2,0,0,0,0.1,0.1,0.02,-0.1,-0.1,Matches
Yerry Mina,co COL,DF,Everton,26-148,1994,18.2,2,13,4,30.8,0.71,0.22,0.15,0.50,10.9,0,0,0,1.0,1.0,0.08,+1.0,+1.0,Matches
Takumi Minamino,jp JPN,MF,Southampton,26-033,1995,1.7,1,2,1,50.0,1.19,0.60,0.50,1.00,16.8,0,0,0,0.1,0.1,0.06,+0.9,+0.9,Matches
Takumi Minamino,jp JPN,"MF,FW",Liverpool,26-033,1995,3.3,1,7,3,42.9,2.15,0.92,0.14,0.33,16.4,0,0,0,0.7,0.7,0.09,+0.3,+0.3,Matches
Tyrone Mings,eng ENG,DF,Aston Villa,27-342,1993,20.5,2,13,6,46.2,0.63,0.29,0.15,0.33,9.3,0,0,0,1.2,1.2,0.09,+0.8,+0.8,Matches
Tyrick Mitchell,eng ENG,DF,Crystal Palace,21-170,1999,12.0,0,1,1,100.0,0.08,0.08,0.00,0.00,12.2,0,0,0,0.1,0.1,0.08,-0.1,-0.1,Matches
Aleksandar Mitrović,rs SRB,FW,Fulham,26-155,1994,11.2,2,41,10,24.4,3.67,0.90,0.02,0.10,14.2,1,1,2,5.0,3.5,0.09,-3.0,-2.5,Matches
Jayson Molumby,ie IRL,MF,Brighton,21-196,1999,0.0,0,0,0,,0.00,0.00,,,,0,0,0,0.0,0.0,,0.0,0.0,Matches
Wes Morgan,jm JAM,DF,Leicester City,37-028,1984,0.2,0,0,0,,0.00,0.00,,,,0,0,0,0.0,0.0,,0.0,0.0,Matches
Mason Mount,eng ENG,"MF,FW",Chelsea,22-039,1999,20.7,3,46,12,26.1,2.22,0.58,0.07,0.25,20.5,5,0,0,3.2,3.2,0.07,-0.2,-0.2,Matches
Lucas Moura,br BRA,"FW,MF",Tottenham,28-189,1992,7.3,1,7,3,42.9,0.96,0.41,0.14,0.33,14.1,0,0,0,0.9,0.9,0.13,+0.1,+0.1,Matches
Lys Mousset,fr FRA,FW,Sheffield Utd,25-010,1996,2.3,0,3,2,66.7,1.33,0.89,0.00,0.00,17.2,0,0,0,0.6,0.6,0.21,-0.6,-0.6,Matches
João Moutinho,pt POR,MF,Wolves,34-163,1986,17.6,1,8,2,25.0,0.46,0.11,0.13,0.50,23.5,1,0,0,0.4,0.4,0.04,+0.6,+0.6,Matches
Joel Mumbongo,se SWE,FW,Burnley,22-040,1999,0.3,0,0,0,,0.00,0.00,,,,0,0,0,0.0,0.0,,0.0,0.0,Matches
Jacob Murphy,eng ENG,"DF,MF",Newcastle Utd,25-360,1995,8.2,1,16,5,31.3,1.94,0.61,0.06,0.20,25.0,4,0,0,0.5,0.5,0.03,+0.5,+0.5,Matches
Shkodran Mustafi,de GER,DF,Arsenal,28-307,1992,0.5,0,0,0,,0.00,0.00,,,,0,0,0,0.0,0.0,,0.0,0.0,Matches
Marvelous Nakamba,zw ZIM,MF,Aston Villa,27-030,1994,3.2,0,2,1,50.0,0.63,0.31,0.00,0.00,25.6,0,0,0,0.0,0.0,0.02,0.0,0.0,Matches
Wilfred Ndidi,ng NGA,"MF,DF",Leicester City,24-064,1996,10.6,1,6,1,16.7,0.57,0.09,0.17,1.00,16.6,0,0,0,0.3,0.3,0.06,+0.7,+0.7,Matches
Tanguy Ndombele,fr FRA,MF,Tottenham,24-052,1996,15.1,3,15,7,46.7,0.99,0.46,0.20,0.43,16.4,0,0,0,1.2,1.2,0.08,+1.8,+1.8,Matches
Reiss Nelson,eng ENG,FW,Arsenal,21-070,1999,0.8,0,1,0,0.0,1.27,0.00,0.00,,11.7,0,0,0,0.0,0.0,0.05,0.0,0.0,Matches
Pedro Neto,pt POR,"FW,MF",Wolves,20-346,2000,22.0,5,44,16,36.4,2.00,0.73,0.11,0.31,19.1,0,0,0,3.4,3.4,0.08,+1.6,+1.6,Matches
Rúben Neves,pt POR,MF,Wolves,23-342,1997,18.3,4,41,11,26.8,2.24,0.60,0.02,0.09,25.9,8,3,3,4.3,2.0,0.05,-0.3,-1.0,Matches
Eddie Nketiah,eng ENG,FW,Arsenal,21-264,1999,3.6,1,7,4,57.1,1.93,1.10,0.14,0.25,13.5,0,0,0,1.2,1.2,0.17,-0.2,-0.2,Matches
Niels Nkounkou,fr FRA,DF,Everton,20-109,2000,0.8,0,1,0,0.0,1.32,0.00,0.00,,26.8,0,0,0,0.0,0.0,0.02,0.0,0.0,Matches
Dan Nlundulu,eng ENG,"FW,MF",Southampton,22-013,1999,1.0,0,1,0,0.0,0.99,0.00,0.00,,9.0,0,0,0,0.1,0.1,0.09,-0.1,-0.1,Matches
Mark Noble,eng ENG,MF,West Ham,33-286,1987,3.5,0,0,0,,0.00,0.00,,,,0,0,0,0.0,0.0,,0.0,0.0,Matches
Oliver Norwood,nir NIR,MF,Sheffield Utd,29-312,1991,12.1,0,3,0,0.0,0.25,0.00,0.00,,23.7,1,0,0,0.2,0.2,0.05,-0.2,-0.2,Matches
Jack O'Connell,eng ENG,DF,Sheffield Utd,26-326,1994,2.0,0,0,0,,0.00,0.00,,,,0,0,0,0.0,0.0,,0.0,0.0,Matches
Dara O'Shea,ie IRL,DF,West Brom,21-351,1999,15.4,0,3,0,0.0,0.20,0.00,0.00,,12.0,0,0,0,0.2,0.2,0.05,-0.2,-0.2,Matches
Michael Obafemi,ie IRL,FW,Southampton,20-227,2000,0.2,0,0,0,,0.00,0.00,,,,0,0,0,0.0,0.0,,0.0,0.0,Matches
Denis Odoi,be BEL,DF,Fulham,32-267,1988,3.0,0,2,1,50.0,0.67,0.33,0.00,0.00,23.5,0,0,0,0.1,0.1,0.04,-0.1,-0.1,Matches
Angelo Ogbonna,it ITA,DF,West Ham,32-271,1988,22.7,2,9,3,33.3,0.40,0.13,0.22,0.67,8.1,0,0,0,1.0,1.0,0.11,+1.0,+1.0,Matches
Robin Olsen,se SWE,GK,Everton,31-041,1990,5.0,0,0,0,,0.00,0.00,,,,0,0,0,0.0,0.0,,0.0,0.0,Matches
Josh Onomah,eng ENG,MF,Fulham,23-297,1997,1.6,0,0,0,,0.00,0.00,,,,0,0,0,0.0,0.0,,0.0,0.0,Matches
Divock Origi,be BEL,FW,Liverpool,25-306,1995,2.0,0,7,2,28.6,3.46,0.99,0.00,0.00,17.9,0,0,0,0.9,0.9,0.13,-0.9,-0.9,Matches
Ben Osborn,eng ENG,"MF,DF",Sheffield Utd,26-197,1994,9.5,0,3,2,66.7,0.31,0.21,0.00,0.00,18.6,0,0,0,0.2,0.2,0.08,-0.2,-0.2,Matches
Owen Otasowie,us USA,MF,Wolves,19-304,2001,1.3,0,2,0,0.0,1.55,0.00,0.00,,10.0,0,0,0,0.4,0.4,0.21,-0.4,-0.4,Matches
Alex Oxlade-Chamberlain,eng ENG,"MF,FW",Liverpool,27-187,1993,2.1,0,5,1,20.0,2.37,0.47,0.00,0.00,24.0,0,0,0,0.1,0.1,0.03,-0.1,-0.1,Matches
Emerson Palmieri,it ITA,DF,Chelsea,26-199,1994,1.0,0,0,0,,0.00,0.00,,,,0,0,0,0.0,0.0,,0.0,0.0,Matches
Thomas Partey,gh GHA,MF,Arsenal,27-250,1993,7.5,0,9,2,22.2,1.19,0.27,0.00,0.00,24.1,0,0,0,0.6,0.6,0.06,-0.6,-0.6,Matches
Rui Patrício,pt POR,GK,Wolves,33-003,1988,24.0,0,0,0,,0.00,0.00,,,,0,0,0,0.0,0.0,,0.0,0.0,Matches
Bailey Peacock-Farrell,nir NIR,GK,Burnley,24-112,1996,1.0,0,0,0,,0.00,0.00,,,,0,0,0,0.0,0.0,,0.0,0.0,Matches
Lee Peltier,eng ENG,DF,West Brom,34-069,1986,2.5,0,0,0,,0.00,0.00,,,,0,0,0,0.0,0.0,,0.0,0.0,Matches
Nicolas Pépé,ci CIV,"FW,MF",Arsenal,25-265,1995,9.0,4,25,8,32.0,2.77,0.89,0.12,0.38,17.7,1,1,1,2.7,1.9,0.08,+1.3,+1.1,Matches
Matheus Pereira,br BRA,"MF,FW",West Brom,24-289,1996,16.3,5,26,8,30.8,1.60,0.49,0.12,0.38,21.8,4,2,2,2.9,1.4,0.05,+2.1,+1.6,Matches
Ricardo Pereira,pt POR,DF,Leicester City,27-135,1993,3.8,0,1,1,100.0,0.27,0.27,0.00,0.00,23.8,0,0,0,0.0,0.0,0.03,0.0,0.0,Matches
Ayoze Pérez,es ESP,"FW,MF",Leicester City,27-210,1993,9.8,1,19,7,36.8,1.94,0.71,0.05,0.14,16.8,1,0,0,2.2,2.2,0.11,-1.2,-1.2,Matches
Kalvin Phillips,eng ENG,MF,Leeds United,25-078,1995,17.5,0,8,3,37.5,0.46,0.17,0.00,0.00,24.5,1,0,0,0.2,0.2,0.03,-0.2,-0.2,Matches
Matt Phillips,sco SCO,"MF,DF",West Brom,29-342,1991,8.7,1,9,5,55.6,1.03,0.57,0.11,0.20,22.1,1,0,0,1.2,1.2,0.13,-0.2,-0.2,Matches
Nathaniel Phillips,eng ENG,DF,Liverpool,23-334,1997,5.5,0,0,0,,0.00,0.00,,,,0,0,0,0.0,0.0,,0.0,0.0,Matches
Jordan Pickford,eng ENG,GK,Everton,26-348,1994,18.0,0,0,0,,0.00,0.00,,,,0,0,0,0.0,0.0,,0.0,0.0,Matches
Erik Pieters,nl NED,"DF,MF",Burnley,32-195,1988,11.4,0,3,2,66.7,0.26,0.18,0.00,0.00,14.1,0,0,0,0.2,0.2,0.05,-0.2,-0.2,Matches
Daniel Podence,pt POR,"FW,MF",Wolves,25-120,1995,14.6,3,25,13,52.0,1.71,0.89,0.12,0.23,16.2,0,0,0,2.6,2.6,0.10,+0.4,+0.4,Matches
Paul Pogba,fr FRA,"MF,FW",Manchester Utd,27-340,1993,15.0,3,20,10,50.0,1.33,0.67,0.15,0.30,16.2,0,0,0,1.3,1.3,0.07,+1.7,+1.7,Matches
Nick Pope,eng ENG,GK,Burnley,28-305,1992,23.0,0,0,0,,0.00,0.00,,,,0,0,0,0.0,0.0,,0.0,0.0,Matches
Dennis Praet,be BEL,"MF,FW",Leicester City,26-280,1994,7.3,1,8,2,25.0,1.10,0.28,0.13,0.50,16.1,0,0,0,0.5,0.5,0.07,+0.5,+0.5,Matches
Davy Pröpper,nl NED,MF,Brighton,29-169,1991,2.2,0,4,2,50.0,1.83,0.91,0.00,0.00,17.1,0,0,0,0.1,0.1,0.03,-0.1,-0.1,Matches
Christian Pulisic,us USA,"FW,MF",Chelsea,22-153,1998,10.7,1,23,6,26.1,2.15,0.56,0.04,0.17,15.0,0,0,0,2.6,2.6,0.11,-1.6,-1.6,Matches
Aaron Ramsdale,eng ENG,GK,Sheffield Utd,22-280,1998,24.0,0,0,0,,0.00,0.00,,,,0,0,0,0.0,0.0,,0.0,0.0,Matches
Jacob Ramsey,eng ENG,"MF,FW",Aston Villa,19-266,2001,1.8,0,5,1,20.0,2.73,0.55,0.00,0.00,19.7,0,0,0,0.2,0.2,0.04,-0.2,-0.2,Matches
Kayne Ramsey,eng ENG,DF,Southampton,20-131,2000,1.0,0,0,0,,0.00,0.00,,,,0,0,0,0.0,0.0,,0.0,0.0,Matches
Darren Randolph,ie IRL,GK,West Ham,33-282,1987,1.0,0,0,0,,0.00,0.00,,,,0,0,0,0.0,0.0,,0.0,0.0,Matches
Marcus Rashford,eng ENG,FW,Manchester Utd,23-110,1997,21.6,8,53,24,45.3,2.45,1.11,0.15,0.33,17.9,3,0,0,7.1,7.1,0.13,+0.9,+0.9,Matches
Tim Ream,us USA,DF,Fulham,33-136,1987,5.0,0,0,0,,0.00,0.00,,,,0,0,0,0.0,0.0,,0.0,0.0,Matches
Nathan Redmond,eng ENG,"MF,FW",Southampton,26-349,1994,8.0,1,18,4,22.2,2.26,0.50,0.06,0.25,16.9,0,0,0,1.7,1.7,0.09,-0.7,-0.7,Matches
Harrison Reed,eng ENG,MF,Fulham,26-022,1995,15.9,0,9,3,33.3,0.57,0.19,0.00,0.00,25.7,0,0,0,0.2,0.2,0.02,-0.2,-0.2,Matches
Sergio Reguilón,es ESP,DF,Tottenham,24-064,1996,11.8,0,12,3,25.0,1.02,0.25,0.00,0.00,19.7,0,0,0,0.8,0.8,0.07,-0.8,-0.8,Matches
Bobby Reid,jm JAM,"DF,FW",Fulham,28-016,1993,16.9,5,25,7,28.0,1.48,0.41,0.20,0.71,15.9,1,0,0,4.2,4.2,0.17,+0.8,+0.8,Matches
Declan Rice,eng ENG,MF,West Ham,22-035,1999,24.0,1,18,5,27.8,0.75,0.21,0.00,0.00,20.1,2,1,1,1.7,0.9,0.05,-0.7,-0.9,Matches
Richarlison,br BRA,"FW,MF",Everton,23-284,1997,17.1,3,41,15,36.6,2.40,0.88,0.05,0.13,15.2,0,1,1,5.7,5.0,0.12,-2.7,-3.0,Matches
Jaïro Riedewald,nl NED,MF,Crystal Palace,24-162,1996,10.6,2,5,2,40.0,0.47,0.19,0.40,1.00,18.0,0,0,0,0.6,0.6,0.12,+1.4,+1.4,Matches
Matt Ritchie,sco SCO,"DF,MF",Newcastle Utd,31-161,1989,5.9,0,4,1,25.0,0.68,0.17,0.00,0.00,23.9,0,0,0,0.2,0.2,0.05,-0.2,-0.2,Matches
Tyler Roberts,wal WAL,"MF,FW",Leeds United,22-037,1999,4.1,0,5,2,40.0,1.22,0.49,0.00,0.00,18.2,0,0,0,0.3,0.3,0.06,-0.3,-0.3,Matches
Andrew Robertson,sco SCO,DF,Liverpool,26-344,1994,23.9,1,12,3,25.0,0.50,0.13,0.08,0.33,16.2,0,0,0,1.0,1.0,0.09,0.0,0.0,Matches
Antonee Robinson,us USA,DF,Fulham,23-194,1997,16.5,0,6,2,33.3,0.36,0.12,0.00,0.00,16.7,0,0,0,0.4,0.4,0.07,-0.4,-0.4,Matches
Callum Robinson,ie IRL,"FW,MF",West Brom,26-016,1995,13.2,2,20,7,35.0,1.52,0.53,0.10,0.29,21.9,0,0,0,1.7,1.7,0.09,+0.3,+0.3,Matches
Jack Robinson,eng ENG,DF,Sheffield Utd,27-170,1993,6.7,0,3,0,0.0,0.44,0.00,0.00,,9.3,0,0,0,0.3,0.3,0.11,-0.3,-0.3,Matches
Hal Robson-Kanu,wal WAL,"FW,MF",West Brom,31-273,1989,2.5,0,4,2,50.0,1.60,0.80,0.00,0.00,24.7,0,0,0,0.1,0.1,0.03,-0.1,-0.1,Matches
Marek Rodák,sk SVK,GK,Fulham,24-067,1996,1.0,0,0,0,,0.00,0.00,,,,0,0,0,0.0,0.0,,0.0,0.0,Matches
Joe Rodon,wal WAL,DF,Tottenham,23-119,1997,4.1,0,0,0,,0.00,0.00,,,,0,0,0,0.0,0.0,,0.0,0.0,Matches
Rodri,es ESP,MF,Manchester City,24-241,1996,21.1,1,22,5,22.7,1.04,0.24,0.00,0.00,21.1,0,1,1,1.8,1.0,0.05,-0.8,-1.0,Matches
Rodrigo,es ESP,MF,Leeds United,29-349,1991,11.0,3,34,11,32.4,3.10,1.00,0.09,0.27,14.9,1,0,0,3.7,3.7,0.11,-0.7,-0.7,Matches
James Rodríguez,co COL,"FW,MF",Everton,29-221,1991,14.3,5,26,14,53.8,1.82,0.98,0.19,0.36,19.7,2,0,0,2.6,2.6,0.10,+2.4,+2.4,Matches
Jay Rodriguez,eng ENG,"FW,MF",Burnley,31-204,1989,10.5,1,16,3,18.8,1.53,0.29,0.06,0.33,20.4,0,0,0,0.9,0.9,0.06,+0.1,+0.1,Matches
Oriol Romeu,es ESP,MF,Southampton,29-147,1991,17.5,1,14,4,28.6,0.80,0.23,0.07,0.25,24.0,0,0,0,0.4,0.4,0.03,+0.6,+0.6,Matches
Antonio Rüdiger,de GER,DF,Chelsea,27-352,1993,9.0,0,7,3,42.9,0.78,0.33,0.00,0.00,16.5,0,0,0,0.2,0.2,0.03,-0.2,-0.2,Matches
Mathew Ryan,au AUS,GK,Brighton,28-316,1992,11.0,0,0,0,,0.00,0.00,,,,0,0,0,0.0,0.0,,0.0,0.0,Matches
Mathew Ryan,au AUS,GK,Arsenal,28-316,1992,1.0,0,0,0,,0.00,0.00,,,,0,0,0,0.0,0.0,,0.0,0.0,Matches
Allan Saint-Maximin,fr FRA,"FW,MF",Newcastle Utd,23-343,1997,9.1,1,11,4,36.4,1.21,0.44,0.09,0.25,19.8,0,0,0,0.9,0.9,0.09,+0.1,+0.1,Matches
Romain Saïss,ma MAR,DF,Wolves,30-329,1990,14.7,3,17,8,47.1,1.15,0.54,0.18,0.38,12.2,1,0,0,1.4,1.4,0.08,+1.6,+1.6,Matches
Bukayo Saka,eng ENG,"FW,DF",Arsenal,19-166,2001,19.7,5,47,18,38.3,2.39,0.91,0.11,0.28,15.6,1,0,0,5.5,5.5,0.12,-0.5,-0.5,Matches
Mamadou Sakho,fr FRA,DF,Crystal Palace,31-005,1990,3.1,0,1,0,0.0,0.33,0.00,0.00,,12.0,0,0,0,0.0,0.0,0.02,0.0,0.0,Matches
Mohamed Salah,eg EGY,FW,Liverpool,28-248,1992,21.4,17,69,28,40.6,3.23,1.31,0.16,0.39,16.5,1,6,6,12.4,7.9,0.11,+4.6,+3.1,Matches
Mohammed Salisu,gh GHA,DF,Southampton,21-307,1999,0.2,0,0,0,,0.00,0.00,,,,0,0,0,0.0,0.0,,0.0,0.0,Matches
Davinson Sánchez,co COL,DF,Tottenham,24-251,1996,8.5,0,4,0,0.0,0.47,0.00,0.00,,6.0,0,0,0,0.7,0.7,0.18,-0.7,-0.7,Matches
Robert Sánchez,es ESP,GK,Brighton,23-092,1997,13.0,0,0,0,,0.00,0.00,,,,0,0,0,0.0,0.0,,0.0,0.0,Matches
Morgan Sanson,fr FRA,MF,Aston Villa,26-184,1994,0.3,0,0,0,,0.00,0.00,,,,0,0,0,0.0,0.0,,0.0,0.0,Matches
Romaine Sawyers,kn SKN,MF,West Brom,29-108,1991,16.5,0,4,0,0.0,0.24,0.00,0.00,,23.1,0,0,0,0.1,0.1,0.04,-0.1,-0.1,Matches
Dane Scarlett,eng ENG,FW,Tottenham,16-331,2004,0.0,0,0,0,,0.00,0.00,,,,0,0,0,0.0,0.0,,0.0,0.0,Matches
Fabian Schär,ch SUI,DF,Newcastle Utd,29-060,1991,13.4,0,10,4,40.0,0.74,0.30,0.00,0.00,27.2,3,0,0,0.4,0.4,0.04,-0.4,-0.4,Matches
Jeffrey Schlupp,gh GHA,MF,Crystal Palace,28-057,1992,10.8,2,13,6,46.2,1.20,0.55,0.15,0.33,12.0,0,0,0,1.3,1.3,0.10,+0.7,+0.7,Matches
Kasper Schmeichel,dk DEN,GK,Leicester City,34-105,1986,24.0,0,0,0,,0.00,0.00,,,,0,0,0,0.0,0.0,,0.0,0.0,Matches
Nélson Semedo,pt POR,DF,Wolves,27-094,1993,20.7,0,15,5,33.3,0.73,0.24,0.00,0.00,24.0,0,0,0,0.8,0.8,0.05,-0.8,-0.8,Matches
Jamie Shackleton,eng ENG,"MF,DF",Leeds United,21-133,1999,4.4,0,0,0,,0.00,0.00,,,,0,0,0,0.0,0.0,,0.0,0.0,Matches
Xherdan Shaqiri,ch SUI,"MF,FW",Liverpool,29-131,1991,4.5,0,8,0,0.0,1.78,0.00,0.00,,21.1,0,0,0,0.3,0.3,0.03,-0.3,-0.3,Matches
Billy Sharp,eng ENG,FW,Sheffield Utd,35-013,1986,5.8,3,7,3,42.9,1.21,0.52,0.14,0.33,15.3,0,2,2,2.7,1.2,0.17,+0.3,-0.2,Matches
Luke Shaw,eng ENG,DF,Manchester Utd,25-221,1995,17.5,0,5,3,60.0,0.29,0.17,0.00,0.00,17.7,0,0,0,0.3,0.3,0.06,-0.3,-0.3,Matches
Jonjo Shelvey,eng ENG,MF,Newcastle Utd,28-357,1992,15.1,1,26,7,26.9,1.72,0.46,0.04,0.14,24.2,9,0,0,1.4,1.4,0.06,-0.4,-0.4,Matches
Gylfi Sigurðsson,is ISL,MF,Everton,31-163,1989,14.3,3,20,6,30.0,1.40,0.42,0.10,0.33,19.2,2,1,1,2.7,2.0,0.10,+0.3,0.0,Matches
Bernardo Silva,pt POR,"MF,FW",Manchester City,26-192,1994,15.5,2,21,11,52.4,1.36,0.71,0.10,0.18,15.0,0,0,0,2.2,2.2,0.10,-0.2,-0.2,Matches
Fábio Silva,pt POR,FW,Wolves,18-214,2002,8.2,2,22,6,27.3,2.68,0.73,0.05,0.17,12.2,0,1,1,3.6,2.8,0.13,-1.6,-1.8,Matches
Thiago Silva,br BRA,DF,Chelsea,36-149,1984,16.2,2,9,4,44.4,0.56,0.25,0.22,0.50,7.6,0,0,0,0.8,0.8,0.09,+1.2,+1.2,Matches
Moussa Sissoko,fr FRA,MF,Tottenham,31-186,1989,15.3,0,2,1,50.0,0.13,0.07,0.00,0.00,11.0,0,0,0,0.3,0.3,0.16,-0.3,-0.3,Matches
Islam Slimani,dz ALG,FW,Leicester City,32-245,1988,0.2,0,1,0,0.0,4.50,0.00,0.00,,11.0,0,0,0,0.0,0.0,0.04,0.0,0.0,Matches
William Smallbone,ie IRL,MF,Southampton,20-363,2000,1.9,0,1,1,100.0,0.52,0.52,0.00,0.00,19.9,0,0,0,0.1,0.1,0.07,-0.1,-0.1,Matches
Emile Smith-Rowe,eng ENG,MF,Arsenal,20-205,2000,8.8,0,7,1,14.3,0.79,0.11,0.00,0.00,16.2,0,0,0,1.0,1.0,0.14,-1.0,-1.0,Matches
Robert Snodgrass,sco SCO,"FW,DF",West Ham,33-164,1987,0.1,0,0,0,,0.00,0.00,,,,0,0,0,0.0,0.0,,0.0,0.0,Matches
Robert Snodgrass,sco SCO,"MF,FW",West Brom,33-164,1987,5.5,0,2,1,50.0,0.37,0.18,0.00,0.00,12.5,0,0,0,0.1,0.1,0.05,-0.1,-0.1,Matches
Cédric Soares,pt POR,DF,Arsenal,29-171,1991,5.8,0,5,1,20.0,0.87,0.17,0.00,0.00,26.5,1,0,0,0.2,0.2,0.03,-0.2,-0.2,Matches
Tomáš Souček,cz CZE,MF,West Ham,25-357,1995,24.0,8,40,17,42.5,1.67,0.71,0.20,0.47,11.4,0,0,0,5.8,5.8,0.15,+2.2,+2.2,Matches
Çağlar Söyüncü,tr TUR,DF,Leicester City,24-271,1996,8.2,0,4,1,25.0,0.49,0.12,0.00,0.00,11.9,0,0,0,0.2,0.2,0.05,-0.2,-0.2,Matches
Zack Steffen,us USA,GK,Manchester City,25-322,1995,1.0,0,0,0,,0.00,0.00,,,,0,0,0,0.0,0.0,,0.0,0.0,Matches
Dale Stephens,eng ENG,MF,Burnley,31-251,1989,2.8,0,4,0,0.0,1.43,0.00,0.00,,19.7,0,0,0,0.2,0.2,0.05,-0.2,-0.2,Matches
Jack Stephens,eng ENG,DF,Southampton,27-022,1994,11.4,0,3,1,33.3,0.26,0.09,0.00,0.00,7.3,0,0,0,0.3,0.3,0.09,-0.3,-0.3,Matches
Raheem Sterling,eng ENG,FW,Manchester City,26-072,1994,19.9,8,41,20,48.8,2.06,1.01,0.20,0.40,13.6,2,0,1,8.4,7.6,0.19,-0.4,+0.4,Matches
Enda Stevens,ie IRL,DF,Sheffield Utd,30-224,1990,16.0,0,9,2,22.2,0.56,0.12,0.00,0.00,19.9,0,0,0,0.4,0.4,0.04,-0.4,-0.4,Matches
John Stones,eng ENG,DF,Manchester City,26-266,1994,14.0,2,5,2,40.0,0.36,0.14,0.40,1.00,10.4,0,0,0,1.2,1.2,0.23,+0.8,+0.8,Matches
Pascal Struijk,nl NED,"DF,MF",Leeds United,21-191,1999,12.2,1,7,2,28.6,0.57,0.16,0.14,0.50,6.3,0,0,0,1.7,1.7,0.24,-0.7,-0.7,Matches
Japhet Tanganga,eng ENG,DF,Tottenham,21-324,1999,1.0,0,0,0,,0.00,0.00,,,,0,0,0,0.0,0.0,,0.0,0.0,Matches
Matt Targett,eng ENG,DF,Aston Villa,25-153,1995,21.8,0,5,2,40.0,0.23,0.09,0.00,0.00,20.9,1,0,0,0.2,0.2,0.04,-0.2,-0.2,Matches
James Tarkowski,eng ENG,DF,Burnley,28-091,1992,22.0,0,12,4,33.3,0.55,0.18,0.00,0.00,8.6,0,0,0,1.5,1.5,0.13,-1.5,-1.5,Matches
Percy Tau,za RSA,"FW,MF",Brighton,26-281,1994,0.9,0,0,0,,0.00,0.00,,,,0,0,0,0.0,0.0,,0.0,0.0,Matches
Charlie Taylor,eng ENG,DF,Burnley,27-153,1993,15.6,0,2,1,50.0,0.13,0.06,0.00,0.00,20.2,0,0,0,0.1,0.1,0.03,-0.1,-0.1,Matches
Neil Taylor,wal WAL,DF,Aston Villa,32-011,1989,0.2,0,0,0,,0.00,0.00,,,,0,0,0,0.0,0.0,,0.0,0.0,Matches
Allan Tchaptchet,fr FRA,DF,Southampton,19-059,2001,0.1,0,0,0,,0.00,0.00,,,,0,0,0,0.0,0.0,,0.0,0.0,Matches
Nathan Tella,eng ENG,"FW,MF",Southampton,21-228,1999,1.8,0,2,0,0.0,1.13,0.00,0.00,,22.0,0,0,0,0.1,0.1,0.07,-0.1,-0.1,Matches
Alex Telles,br BRA,DF,Manchester Utd,28-065,1992,5.7,0,4,1,25.0,0.71,0.18,0.00,0.00,22.2,0,0,0,0.1,0.1,0.04,-0.1,-0.1,Matches
Kenny Tete,nl NED,DF,Fulham,25-132,1995,8.5,0,2,0,0.0,0.24,0.00,0.00,,18.7,0,0,0,0.1,0.1,0.04,-0.1,-0.1,Matches
Luke Thomas,eng ENG,DF,Leicester City,19-253,2001,3.0,0,2,1,50.0,0.67,0.33,0.00,0.00,16.7,0,0,0,0.1,0.1,0.04,-0.1,-0.1,Matches
Youri Tielemans,be BEL,MF,Leicester City,23-287,1997,23.3,5,26,11,42.3,1.11,0.47,0.12,0.27,23.5,2,2,2,3.2,1.7,0.07,+1.8,+1.3,Matches
Kieran Tierney,sco SCO,DF,Arsenal,23-258,1997,16.9,1,9,2,22.2,0.53,0.12,0.11,0.50,24.3,0,0,0,0.3,0.3,0.03,+0.7,+0.7,Matches
James Tomkins,eng ENG,DF,Crystal Palace,31-326,1989,4.3,0,1,0,0.0,0.23,0.00,0.00,,5.1,0,0,0,0.1,0.1,0.10,-0.1,-0.1,Matches
Fikayo Tomori,eng ENG,DF,Chelsea,23-061,1997,0.5,0,0,0,,0.00,0.00,,,,0,0,0,0.0,0.0,,0.0,0.0,Matches
Ferrán Torres,es ESP,FW,Manchester City,20-355,2000,8.2,2,18,7,38.9,2.19,0.85,0.11,0.29,15.3,0,0,0,2.6,2.6,0.14,-0.6,-0.6,Matches
Cenk Tosun,tr TUR,FW,Everton,29-256,1991,0.5,0,0,0,,0.00,0.00,,,,0,0,0,0.0,0.0,,0.0,0.0,Matches
Andros Townsend,eng ENG,MF,Crystal Palace,29-217,1991,16.3,1,21,7,33.3,1.29,0.43,0.05,0.14,21.0,1,0,0,1.5,1.5,0.07,-0.5,-0.5,Matches
Conor Townsend,eng ENG,DF,West Brom,27-351,1993,10.8,0,3,2,66.7,0.28,0.18,0.00,0.00,10.3,0,0,0,0.3,0.3,0.10,-0.3,-0.3,Matches
Adama Traoré,es ESP,"FW,DF",Wolves,25-024,1996,16.8,0,14,4,28.6,0.83,0.24,0.00,0.00,20.4,0,0,0,0.7,0.7,0.05,-0.7,-0.7,Matches
Bertrand Traoré,bf BFA,FW,Aston Villa,25-165,1995,12.3,4,32,13,40.6,2.61,1.06,0.13,0.31,15.8,2,0,0,3.2,3.2,0.10,+0.8,+0.8,Matches
Trézéguet,eg EGY,FW,Aston Villa,26-140,1994,9.0,0,23,7,30.4,2.57,0.78,0.00,0.00,13.2,0,0,0,2.7,2.7,0.13,-2.7,-2.7,Matches
Leandro Trossard,be BEL,"FW,MF",Brighton,26-076,1994,17.3,2,37,12,32.4,2.14,0.69,0.05,0.17,17.7,1,0,0,3.1,3.1,0.09,-1.1,-1.1,Matches
Kostas Tsimikas,gr GRE,DF,Liverpool,24-282,1996,0.1,0,0,0,,0.00,0.00,,,,0,0,0,0.0,0.0,,0.0,0.0,Matches
Axel Tuanzebe,eng ENG,DF,Manchester Utd,23-096,1997,1.5,0,0,0,,0.00,0.00,,,,0,0,0,0.0,0.0,,0.0,0.0,Matches
Cengiz Ünder,tr TUR,"MF,FW",Leicester City,23-219,1997,2.7,0,10,2,20.0,3.73,0.75,0.00,0.00,23.8,0,0,0,0.3,0.3,0.03,-0.3,-0.3,Matches
Yan Valery,fr FRA,"DF,MF",Southampton,21-362,1999,1.1,0,2,0,0.0,1.75,0.00,0.00,,25.8,0,0,0,0.3,0.3,0.15,-0.3,-0.3,Matches
Jamie Vardy,eng ENG,FW,Leicester City,34-038,1987,17.7,12,45,18,40.0,2.54,1.01,0.13,0.33,13.2,0,6,7,14.4,9.1,0.20,-2.4,-3.1,Matches
Joël Veltman,nl NED,DF,Brighton,29-034,1992,15.3,0,4,2,50.0,0.26,0.13,0.00,0.00,16.6,0,0,0,0.2,0.2,0.05,-0.2,-0.2,Matches
Jannik Vestergaard,dk DEN,DF,Southampton,28-199,1992,14.5,3,11,6,54.5,0.76,0.41,0.27,0.50,10.8,0,0,0,0.9,0.9,0.08,+2.1,+2.1,Matches
Rúben Vinagre,pt POR,DF,Wolves,21-315,1999,1.9,0,0,0,,0.00,0.00,,,,0,0,0,0.0,0.0,,0.0,0.0,Matches
Carlos Vinícius,br BRA,FW,Tottenham,25-330,1995,1.8,0,5,3,60.0,2.78,1.67,0.00,0.00,11.1,0,0,0,0.4,0.4,0.08,-0.4,-0.4,Matches
Vitinha,pt POR,MF,Wolves,21-005,2000,2.6,0,4,1,25.0,1.55,0.39,0.00,0.00,18.5,0,0,0,0.4,0.4,0.10,-0.4,-0.4,Matches
Jake Vokins,eng ENG,DF,Southampton,20-338,2000,0.7,0,0,0,,0.00,0.00,,,,0,0,0,0.0,0.0,,0.0,0.0,Matches
Matěj Vydra,cz CZE,FW,Burnley,28-293,1992,5.2,0,12,2,16.7,2.32,0.39,0.00,0.00,13.4,0,0,0,1.7,1.7,0.14,-1.7,-1.7,Matches
Theo Walcott,eng ENG,"MF,FW",Southampton,31-339,1989,13.7,2,24,9,37.5,1.75,0.66,0.08,0.22,19.9,0,0,0,2.6,2.6,0.11,-0.6,-0.6,Matches
Theo Walcott,eng ENG,FW,Everton,31-339,1989,0.1,0,0,0,,0.00,0.00,,,,0,0,0,0.0,0.0,,0.0,0.0,Matches
Kyle Walker,eng ENG,DF,Manchester City,30-266,1990,14.3,1,8,3,37.5,0.56,0.21,0.13,0.33,28.7,0,0,0,0.2,0.2,0.03,+0.8,+0.8,Matches
Kyle Walker-Peters,eng ENG,DF,Southampton,23-311,1997,18.8,0,8,3,37.5,0.43,0.16,0.00,0.00,20.5,0,0,0,0.2,0.2,0.03,-0.2,-0.2,Matches
Aaron Wan-Bissaka,eng ENG,DF,Manchester Utd,23-084,1997,22.0,2,6,3,50.0,0.27,0.14,0.33,0.67,14.9,0,0,0,0.8,0.8,0.14,+1.2,+1.2,Matches
Joel Ward,eng ENG,DF,Crystal Palace,31-112,1989,11.1,0,1,0,0.0,0.09,0.00,0.00,,25.0,0,0,0,0.0,0.0,0.04,0.0,0.0,Matches
James Ward-Prowse,eng ENG,MF,Southampton,26-109,1994,23.0,5,23,12,52.2,1.00,0.52,0.22,0.42,23.3,13,0,0,1.4,1.4,0.06,+3.6,+3.6,Matches
Ollie Watkins,eng ENG,FW,Aston Villa,25-050,1995,22.0,10,63,28,44.4,2.86,1.27,0.14,0.32,12.2,0,1,2,11.4,9.9,0.16,-1.4,-0.9,Matches
Caleb Watts,au AUS,"MF,FW",Southampton,19-033,2002,0.2,0,0,0,,0.00,0.00,,,,0,0,0,0.0,0.0,,0.0,0.0,Matches
Adam Webster,eng ENG,DF,Brighton,26-045,1995,21.8,0,20,5,25.0,0.92,0.23,0.00,0.00,13.2,0,0,0,1.0,1.0,0.05,-1.0,-1.0,Matches
Danny Welbeck,eng ENG,FW,Brighton,30-084,1990,7.3,2,16,7,43.8,2.18,0.95,0.13,0.29,12.6,0,0,0,2.9,2.9,0.18,-0.9,-0.9,Matches
Timo Werner,de GER,FW,Chelsea,24-349,1996,19.3,5,53,20,37.7,2.74,1.03,0.09,0.25,13.7,0,0,0,8.3,8.3,0.16,-3.3,-3.3,Matches
Ashley Westwood,eng ENG,MF,Burnley,30-323,1990,23.9,1,8,4,50.0,0.33,0.17,0.13,0.25,21.3,0,0,0,0.3,0.3,0.04,+0.7,+0.7,Matches
Ben White,eng ENG,"DF,MF",Brighton,23-133,1997,22.5,0,5,0,0.0,0.22,0.00,0.00,,17.0,0,0,0,0.3,0.3,0.06,-0.3,-0.3,Matches
Georginio Wijnaldum,nl NED,MF,Liverpool,30-099,1990,21.7,2,19,5,26.3,0.88,0.23,0.11,0.40,16.8,1,0,0,2.5,2.5,0.13,-0.5,-0.5,Matches
Brandon Williams,eng ENG,DF,Manchester Utd,20-168,2000,0.1,0,0,0,,0.00,0.00,,,,0,0,0,0.0,0.0,,0.0,0.0,Matches
Neco Williams,wal WAL,DF,Liverpool,19-311,2001,1.9,0,1,0,0.0,0.52,0.00,0.00,,14.4,0,0,0,0.1,0.1,0.06,-0.1,-0.1,Matches
Rhys Williams,eng ENG,DF,Liverpool,20-015,2001,1.3,0,1,0,0.0,0.74,0.00,0.00,,10.0,0,0,0,0.0,0.0,0.04,0.0,0.0,Matches
Willian,br BRA,"FW,MF",Arsenal,32-193,1988,11.4,0,15,2,13.3,1.32,0.18,0.00,0.00,17.6,3,0,0,1.7,1.7,0.11,-1.7,-1.7,Matches
Joe Willock,eng ENG,MF,Arsenal,21-182,1999,2.6,0,4,0,0.0,1.51,0.00,0.00,,10.3,0,0,0,0.4,0.4,0.11,-0.4,-0.4,Matches
Joe Willock,eng ENG,MF,Newcastle Utd,21-182,1999,1.9,1,3,2,66.7,1.61,1.07,0.33,0.50,8.7,0,0,0,0.5,0.5,0.17,+0.5,+0.5,Matches
Callum Wilson,eng ENG,FW,Newcastle Utd,28-357,1992,20.1,10,36,12,33.3,1.79,0.60,0.17,0.50,12.5,0,4,4,9.5,6.5,0.18,+0.5,-0.5,Matches
Harry Winks,eng ENG,MF,Tottenham,25-016,1996,6.3,0,3,1,33.3,0.48,0.16,0.00,0.00,29.6,0,0,0,0.0,0.0,0.01,0.0,0.0,Matches
Chris Wood,nz NZL,FW,Burnley,29-073,1991,18.7,4,31,18,58.1,1.66,0.96,0.13,0.22,10.9,0,0,0,6.1,6.1,0.20,-2.1,-2.1,Matches
Granit Xhaka,ch SUI,MF,Arsenal,28-144,1992,18.1,1,14,4,28.6,0.77,0.22,0.07,0.25,24.1,6,0,0,0.7,0.7,0.05,+0.3,+0.3,Matches
Andriy Yarmolenko,ua UKR,"FW,MF",West Ham,31-118,1989,4.0,0,7,2,28.6,1.76,0.50,0.00,0.00,19.6,0,0,0,0.4,0.4,0.06,-0.4,-0.4,Matches
DeAndre Yedlin,us USA,DF,Newcastle Utd,27-224,1993,4.8,0,2,0,0.0,0.41,0.00,0.00,,23.2,0,0,0,0.1,0.1,0.03,-0.1,-0.1,Matches
Okay Yokuşlu,tr TUR,MF,West Brom,26-346,1994,0.9,0,1,0,0.0,1.14,0.00,0.00,,12.0,0,0,0,0.0,0.0,0.03,0.0,0.0,Matches
Wilfried Zaha,ci CIV,FW,Crystal Palace,28-100,1992,18.5,9,43,14,32.6,2.32,0.76,0.16,0.50,16.2,0,2,2,6.0,4.5,0.10,+3.0,+2.5,Matches
Andre-Frank Zambo Anguissa,cm CMR,MF,Fulham,25-094,1995,19.1,0,20,5,25.0,1.04,0.26,0.00,0.00,21.9,0,0,0,1.1,1.1,0.06,-1.1,-1.1,Matches
Andi Zeqiri,ch SUI,"FW,DF",Brighton,21-241,1999,0.8,0,5,0,0.0,6.62,0.00,0.00,,12.9,0,0,0,0.3,0.3,0.06,-0.3,-0.3,Matches
Oleksandr Zinchenko,ua UKR,DF,Manchester City,24-065,1996,8.1,0,6,2,33.3,0.74,0.25,0.00,0.00,22.5,0,0,0,0.3,0.3,0.06,-0.3,-0.3,Matches
Hakim Ziyech,ma MAR,"FW,MF",Chelsea,27-336,1993,7.0,1,19,6,31.6,2.71,0.86,0.05,0.17,22.7,0,0,0,0.8,0.8,0.04,+0.2,+0.2,Matches
Kurt Zouma,fr FRA,DF,Chelsea,26-114,1994,15.0,4,14,7,50.0,0.93,0.47,0.29,0.57,10.9,0,0,0,1.0,1.0,0.07,+3.0,+3.0,Matches
Martin Ødegaard,no NOR,MF,Arsenal,22-063,1998,1.2,0,3,0,0.0,2.43,0.00,0.00,,17.8,0,0,0,0.3,0.3,0.08,-0.3,-0.3,Matches
